Cluster_Label,T2M,T2M_RANGE,RH2M,GWETTOP,PCACOMP1,PCACOMP2
1,-1.2773576836391654,-1.3837901881081687,1.1358651399368203,0.5421064061908122,1.1408963222637403,1.002092171492871
1,-1.7919427642362844,-0.9015920423723719,0.6111833519096589,0.9243767980312279,0.6536129804028664,0.5921332365944066
1,-1.8418172749597175,0.0848842232761926,0.07950754435340499,0.19768456799796338,0.3726674563671978,-0.10283164900995763
1,-1.2356172132912306,0.4422592891889492,-0.2420870306395648,-0.2716374972318542,-0.5560824006832734,1.0620066033941276
0,-0.26873667707775273,-0.034062734386847066,-0.12032158504922304,-0.5403622281295724,-0.8304002642195378,0.8227875139420802
0,0.6095256297816376,1.7946577075284522,-0.8859929590244464,-0.7873240406799393,-0.8413795634606823,0.15916201177021547
0,0.8888657005716729,2.109831532473933,-1.4176036049080687,-0.9339871860642568,-0.8767518158909848,-0.0456116152840866
0,1.0008157825817785,1.2560131761950755,-1.119510673177452,-0.8469355126748553,-0.708987402926151,-0.38281975117404393
0,1.0059530712399876,0.8630252487065595,-0.804953558828662,-0.6576927444370263,-0.6262758969351521,-0.4246792890731036
0,1.4079459087447246,0.8802974865708026,-1.0172937293764985,-0.8204415251215593,-0.5467963515531815,-0.44630669133993645
0,1.4869317218646636,0.7939362972495833,-1.2164712420528143,-0.9320947583818787,-0.5108839517819479,-0.2238611860510709
0,1.983138763869032,1.9165045696340905,-1.617680969254053,-0.9069525048874244,-0.6465623250441106,0.3525698462885877
0,1.257038054409879,0.6042978093586595,-0.7429630875987613,-0.44195598864590085,0.029254495438747447,-0.42865284628208017
0,0.5294695481912374,-0.31397982637232436,0.2664781036901238,-0.07482501826451124,0.2221053619067454,-0.25400901712316293
0,0.5842672938787851,0.004399156114974274,-0.2644592049096398,-0.39275286890406497,0.25331115501348483,-0.2802158197906302
0,0.4564772385058697,-0.07323688212018353,-0.5131595887857385,-0.5081909575291411,-0.5327764027435643,0.21454879821129788
0,0.4761701783623354,0.14542608795498585,-0.610207039891275,-0.6652624551665393,-1.0115353527983841,-0.10108515086513992
0,1.12952321092937,1.037375643878175,-1.1442348735358396,-0.8096276526508268,-1.219128977894411,-0.46779092181131926
0,0.3601530761644819,0.29891752134651317,-0.997093610860798,-0.8204415251215593,-1.2134256642531949,-0.3214620414533581
0,0.30086020290100396,0.47288635014410363,-0.7454826722738382,-0.8582900787691251,-1.1232915919245166,-0.15684427793119265
0,0.7931836993125573,0.9502767595671721,-1.2941005147142257,-1.0399631362774415,-0.9816554706851686,-0.10706273682458785
0,0.07974273690398537,0.00956302104345921,-0.763163206114462,-0.8204415251215593,-0.7773481236083186,-0.5147876802506618
0,-0.17562332014774173,0.3072865438168167,-0.45147320536144764,-0.3530118875741208,-0.7387078969338178,-0.43377715237399617
0,0.6514801538236668,0.9456470875623233,-0.9970501697457108,-0.6652624551665393,-0.6914710378201548,-0.32083194428067313
0,0.9787682520903049,1.3851097994072075,-1.3320246081856388,-0.8015172482977766,-0.707038882357928,0.23796366404987224
0,0.709916812310778,0.5850668641077486,-0.8695504969638177,-0.7050034364964841,-0.477005058790937,-0.10943730497034816
0,0.43231975017263763,0.8439214922469905,-0.7952475725433934,-0.6474195655898298,-0.22397227836780892,-0.02973029278757081
0,0.8118063706985572,1.1776648807284036,-1.2712070470630996,-0.8582900787691258,-0.241368939528347,0.4660480837009531
0,0.9988892993349505,1.2490686681878023,-1.113906769331162,-0.846935512674856,-0.05539715626948245,1.3866137033990198
1,-0.438481256492695,-0.9115636436135852,0.7835142554618801,0.1371268821618577,0.7561177469585301,0.8948753350961723
1,-0.7272396898227752,-0.4525138579020325,1.12761132807019,0.5231821293670301,1.117648190437301,1.174670325516615
1,-0.4543212298555026,0.13260545778771207,0.15022967971589976,-0.012374904746027468,1.0243299673549227,1.780838075486436
1,-0.30111994308395645,-0.8628248987713296,0.5320026108522647,-0.29461697623216193,1.3120307353433076,1.459554503380644
1,-0.5934561310152908,-1.2466806710414913,0.826347194938184,-0.00669762169889321,1.929461925807368,0.21963253926651025
1,-0.6585284540192501,-0.8925107626705528,0.3947162754285073,-0.19972524530147878,2.3671247534941213,-0.36528810442862253
1,-0.8931313027440594,-0.6704645707456868,0.667265831487658,-0.1921555345719658,2.2976589326387384,-0.605802718658214
1,-0.6887100248862197,0.07010488572225246,0.15713681701481633,-0.3189481892913121,1.7588941462864065,-0.32167803093976716
1,-0.6469695545382828,-0.29368049527414125,-0.05007730195269026,-0.5460395111767072,1.7204448053867791,-1.6935638384487455
1,-0.9920241094145541,0.09592421036467856,-0.45690334474738925,-0.5365773727648155,0.25168097585406135,0.15616337683898196
0,-0.19638652847466861,0.9987102513102066,-0.8787165722472847,-0.8015172482977766,0.0632610711790506,-0.2649535703200885
0,-0.9064026317777647,1.5920205251623762,-1.2988355962587659,-0.86396736181626,-0.8072856438918484,0.7736951639829733
0,-0.016581425437402434,0.9501877274132325,-1.169989248909159,-0.9954910857415519,-0.9756594247194479,0.4468222045965142
0,0.32162341122792404,0.32918845368591004,-0.25989788782544987,-0.8488279403572341,-0.8084268845094865,-0.1921787620952474
0,0.33489474026162935,2.7699159217806537,-1.6483628082530175,-1.1535087972201394,-0.8122586566163565,-0.16120844404472065
0,1.2709515445258588,1.4737858247308522,-1.4749893179386924,-1.4865760693187193,-0.5903531630126013,-0.5015495171808563
0,0.8599684518692545,0.4814334369222852,-0.798784920486234,-0.8109793867096676,-0.679028388161128,-0.1629137999030102
0,1.3803329822068595,1.0599643732205146,-1.2254635528759328,-0.920740192287609,-0.6102088024342418,-0.01102393944976859
0,1.9730476611475511,1.769219949260052,-1.8142830443930382,-1.280031105127717,-0.6936640918016864,0.45345367937342285
0,2.910602841270424,2.118734747867873,-2.3528908127425443,-1.7004203974274668,-0.6706189511532742,1.0706845563571277
0,2.3063292628487626,0.730901532260488,-1.8851603265951309,-1.698527969745088,-0.44481180043879137,1.1747523506571427
0,1.6391238983640626,0.6920835131429091,-0.9530877612771326,-0.7182504302731314,-0.2787537773088876,0.859797318529671
0,0.6930065704775091,-0.6724232781323531,-0.03726217300187007,-0.35679674293887753,-0.38931277637503814,-0.09305712955504686
0,1.0451248972588176,0.4477792827331917,-0.6251942245964733,-0.614166907742326,-0.7692364909384394,-0.6201743345452575
0,0.7552350372599644,0.5333264637898223,-0.7813774450833031,-0.7974620461212516,-1.1415890657582326,-0.6338114543566707
0,1.034422212554217,1.259574462352653,-1.3782893957538567,-0.9245250476523658,-1.1948473151267618,-0.36123473830567976
0,0.4485572518244704,0.256004023147722,-0.8490897317575906,-0.7901626822035068,-1.0240332432698687,-0.36960754154887
0,0.5530154545413543,-0.05934786610563706,-0.664291228175248,-0.8582900787691251,-0.9579305196624887,-0.1580097040272076
0,0.26168837688217167,0.020246879516188546,-0.51489723338924,-0.7920551098858852,-0.8185233630022006,-0.42646148554479946
0,0.5313960314380676,0.7415853907332159,-0.9076049137804905,-0.8753219279105304,-0.8416651056299524,-0.21321189388990774
0,0.6754541675619682,0.5072527615647122,-1.0855831622940926,-1.0475328470069551,-0.6494674126429868,-0.4109096987530288
0,0.9520115403288066,1.3076518254799296,-0.9519148511697693,-0.6122744800599472,-0.6683036533970093,0.15510506044800176
0,1.020080615050055,1.3078298897878076,-0.9851473042117294,-0.7560989839206975,-0.6347314565422202,0.22851585907166005
0,1.110258378461091,1.0854530070054524,-1.4948977603959497,-0.9961669527709724,-0.5719005419076465,0.7155520995317401
0,0.23493166512067343,0.36836260141924604,-0.2147191281344212,-0.470342403881575,-0.2176039549583553,0.4151828213339435
0,0.5281852260266862,1.2902015233078055,-1.0504393001882826,-0.8071945313449115,0.21582055867322522,0.8056171231537967
1,-0.8464675974320124,-0.728157406498419,0.9408579743089086,0.4247758898833583,0.9439178491577508,0.49257260968871336
1,-0.48214821008746206,-0.43025581941718205,0.8658786096678336,0.8165084201356649,1.0412372826805787,1.338524926903847
1,-0.9211723366701111,-1.0249906077323823,1.1374290200799713,1.0095360437382512,1.4769407770844685,0.8111035584030141
1,-1.2478488529536296,-1.3508482911505904,0.8837825549574808,1.023323731138436,0.9301068854368826,2.2779247392704556
1,-1.7675406431097986,-0.700023245853568,0.2644363712810108,0.7313491744286422,0.7661756297217089,2.7121910885731557
1,-1.45416603495914,-1.2327916550269444,1.033821960596219,0.7483810235700469,1.0568785193525678,2.4417865194097845
1,-1.4000104503538693,-1.2545155005881583,1.243381899778452,0.7540583066171812,1.1189122916608183,1.9195367216566717
1,-1.476427619144708,-0.8380230844596396,0.29136986263527764,0.3055529458935256,0.9254045278339688,1.463942881300202
1,-1.6737851250975109,-0.6366323522487143,-0.08761042538831576,-0.040761319981701905,-0.15544956854288897,2.325410453718393
1,-1.2604474418058966,-0.23171411613231774,-0.6392691458848329,-0.3624740259860124,-0.5189415427632491,1.8071139232643096
0,-0.9519960686193552,1.3227872916496264,-1.114819032747999,-0.6974337257669705,-0.6898743678753957,1.3487315857642863
0,-1.0239181098342616,1.955805906158769,-1.5766849683585948,-0.8185490974391813,-0.8631967868127091,0.8935437446431997
0,-0.3100819713750594,2.184070651604941,-1.3791248018132312,-0.9631014581008465,-1.0044629914235987,0.5087655139014184
0,-0.4468293505622833,2.8490432485942967,-2.2809957672726853,-1.2083892000091094,-1.0538823592158044,0.33417593550287583
0,-0.26424154950182477,2.8366900372352046,-2.250065693330365,-1.6190460070851995,-1.0517678974012192,0.35196663425971264
0,0.6540487981527714,2.8490432485942967,-1.87360498998185,-1.9710375560075626,-1.0135396842117246,0.4053726797706699
0,1.4892863124996782,2.8490432485942967,-2.2434192027219737,-2.069443795491234,-0.9868448524734519,0.49677280904235954
0,2.0963425889445317,2.3147835508424346,-2.306365378483801,-1.6531097053680088,-0.8321149281513278,0.46443777514454654
0,1.2363971624795802,0.44365836589371116,-0.8255012062650633,-0.789351641768202,-0.683771140268869,0.43226298780998057
0,1.4989187287338155,0.5072527615647122,-0.9273706211453162,-0.8677522171810166,-0.3892187326431609,0.4679023511367604
0,0.6360682878490437,0.2025847307840815,-0.3456506490082319,-0.443848416328279,-0.018257211264838622,0.2610617478261712
0,1.1506533684461626,0.9805476919065684,-0.6251073423662972,-0.623629046154217,-0.014560852196184752,0.2937773163708015
0,0.8085955652871805,0.5793688062556266,-0.49991004868404165,-0.6217366184718389,-0.3066156983723315,-0.269950118322
0,0.46332695671681684,-0.2338508878268631,-0.35542489990292603,-0.5062985298467624,-0.917982353245951,-0.3015721694362388
0,0.834129113082437,0.6119291368391796,-1.0271300390070321,-0.7812412374151517,-1.1616132794537781,-0.591028871858264
0,0.8535468410464941,0.5882720216495672,-0.9453986839066405,-0.7731308330621022,-1.080197750899842,-0.606964928603121
0,0.10821187821822155,0.21006343171499134,-0.5297975358642604,-0.676617021260809,-0.8578886605818101,-0.7255017742149342
0,-0.1011326346037352,0.010097213967095795,-0.3499513194018955,-0.6122744800599472,-0.7292440309304374,-0.6478056602071771
0,-0.3954564639802069,-0.1257658529444299,0.02138333236629294,-0.56496378800049,-0.6992579355832882,-0.6819641908479144
0,0.24884515523665315,0.9712883478968708,-0.9026526266605145,-0.7504217008735626,-0.7736039048700126,-0.35890443830365054
0,0.4609723660818045,0.39649676206409656,-0.6796693829162322,-0.7674535500149673,-0.6727302435269785,-0.36104808223106727
0,-0.03691652637614029,0.25974337361317673,-0.301818563884915,-0.6217366184718389,-0.5084763757800802,-0.18744575986836523
0,0.4947928497483376,0.8559026763914063,-0.800870094010436,-0.7788081161092371,-0.35113034013616,-0.379110858802805
0,-0.1603031914705896,0.23646782479759063,0.20098131388529963,-0.2378441457608134,0.039781295182879685,-0.5947578846672339
1,-0.7465045222910541,-0.7080361397081144,0.9021519407659198,0.21093156177461062,0.3633747249280133,-0.8293056802435824
1,-0.4453309747036376,-0.6943251880014465,0.7262588657765197,0.004656944395377197,0.8648112205457796,-0.5849598588432785
1,-0.17091413887772153,0.5603159253125952,-0.3108543158231189,-0.22621923285477513,0.7075138849699171,0.9991917362849282
1,-0.4361266658576849,-1.0517002539142026,0.7190476406719896,-0.15809183628915646,1.087141387312206,1.2400586145176584
1,-1.0329083649861244,-1.4721100848160549,1.4509869887817484,0.8959903827955533,1.9765319348864006,-0.2592657383199539
1,-0.9708022146002948,-1.3413091317999404,1.2115457682928787,1.0517101463741096,2.289466837296043,-0.6343029927857091
1,-1.2495307034072083,-1.5760996406172756,1.3000725549676744,1.5261688010275254,2.304219607397522,-0.5831554133007038
1,-1.741212038736485,-1.6745692028742531,1.1976384055912854,1.2820456300007257,1.8267009557392697,0.7926470412707618
1,-1.9638278805921445,-1.1679762469590602,0.8926383365617521,1.4883202473799597,1.2214935939296143,1.6998491759918015
1,-2.222404743055255,-1.097106652423297,0.754452149468326,1.1666075413756498,0.4153721638407797,2.5566984092583294
1,-1.7713936096034544,-0.7995611939578182,0.9316484579103507,0.9300540810783627,0.27698071662496315,1.3989903158421633
1,-2.155191883110376,-0.6430426673323509,0.4707382268316805,0.538321550826056,0.3119892564724152,0.02714114978610444
1,-1.568470707604258,-0.5299718318293117,-0.24838599232725617,0.03115093194867292,0.12454902999586907,-0.39619716382320835
1,-1.5023281161298352,0.4867753661586496,-0.2950851910463469,-0.3189481892913114,-0.563179788302381,0.25079515707781735
0,-0.32374847645939725,1.4274000725284224,-0.6614023940219278,-0.6217366184718389,-0.9866405886151577,0.4704806148527561
0,-0.25525129434995975,-0.0055724451262389825,-0.3315757277198723,-0.6406608952956216,-1.0246838448837225,0.27116268600295673
0,0.029868226180556953,1.5028103069150964,-1.1854542858803194,-0.8242263804863165,-1.0090969543853585,0.26037541414030074
0,0.733248664966805,2.176071455004847,-1.2973151572307038,-0.9264174753347438,-0.9506765732308022,0.27058272527848864
0,0.9520115403288066,1.736786807467842,-1.7788164768608634,-1.198927061597218,-0.9215937407294423,0.356888927983723
0,1.4798679499596288,1.7020642674314759,-1.5662591007375883,-1.1024132497959254,-0.8325866589650517,0.46544053019129467
0,1.4905094764659177,1.1793183350158494,-1.3790961593197688,-0.9312837179465739,-0.6000967019303031,0.25306253394376554
0,1.3876108078059843,0.8616007342435283,-0.8947897848296702,-0.7636686946502105,-0.38353298122911567,0.4557610561892151
0,1.669305469231032,1.0156263605586926,-1.2580443891915787,-0.8866764940047996,-0.04757715151874213,0.32387352536883995
0,0.7298238058613313,0.22341825480590125,-0.16298076006517476,-0.5971350586009213,0.161825806907696,-0.08417871870479979
0,0.2520559606480322,-0.6590684550414433,0.16908312366388675,-0.40410743499833474,-0.09837115366307946,-0.7161387000444792
0,0.21031549030009758,-0.31771917683777906,0.14449545252434648,-0.26785264186709745,-0.6230859285401046,-0.9332422238493882
0,0.616253031595959,0.708465429467759,-0.45417276037045906,-0.63119875688373,-1.202305838169296,-0.5037390051144973
0,0.05833736749478858,0.120853213467711,-0.42128163037561733,-0.6595851721194044,-1.1765912099856168,-0.40040985752039854
0,0.3137034245465248,0.3799367814313676,-0.7398787684275463,-0.7844853991563719,-0.9603014329022824,-0.5061911758511302
0,-0.1216817892365653,-0.005572445126238508,-0.24508446758060373,-0.5744259264123811,-0.8174733066543125,-0.4588528282238839
0,0.37727737169184067,0.7672266510677634,-0.8009569762406101,-0.7731308330621022,-0.8510829206905901,-0.3568524141310939
0,0.7266130004499546,1.1454352410023398,-1.1583470300657022,-0.8866764940047996,-0.9559179020598699,0.03156927460069855
0,0.5149138969929832,0.8352472166774656,-0.8728085805953811,-0.8280112358510726,-0.8373908740661188,-0.008221286484091083
0,0.49607717191288875,0.5072527615647122,-1.026633569120318,-0.8204415251215593,-0.6360555785351326,0.08589868557742573
0,1.0945713005940663,1.281120243605987,-1.3181234513576296,-0.9548038905704183,-0.5492887715430954,0.04541826610595787
0,0.4162657231157378,0.2261655326988881,-0.5659715729850039,-0.8136828548273515,-0.5193678387510234,0.6030352686515147
0,0.04870495126064912,0.3300787752253037,-0.04529877929306283,-0.56496378800049,-0.396184120512111,0.7977277020184557
0,-0.1614957763376743,-0.10083684984139794,0.22751142345661232,-0.3189481892913114,0.029396423260233433,1.2048509175436246
1,-0.5519297143614439,-1.092476980418448,1.0125358142033292,0.4588395881661676,0.8595400401486631,0.6733347953680958
1,-0.8182125098118661,-1.7247833376960753,1.507938290661497,0.9300540810783627,1.7747799368920578,-0.23314327040275462
1,-0.9519960686193552,-1.4341823872378696,1.3278314275086058,1.4296549892262322,1.8181882593241097,0.0800286984691253
1,-0.9726369605496518,-1.568341124345413,1.628021944510591,1.501837587968376,2.2894652740077914,-0.634393180141452
1,-0.945574457796597,-1.5565125667506072,1.7279675385798257,1.6775630156177892,2.304241543932191,-0.5832625962804776
1,-1.237115589149872,-1.4566184900305992,1.4225764995145045,1.5999734806402788,2.367161082770761,-0.3652877476134689
1,-1.4911973240370546,-2.407303829795525,2.0307086696248047,1.9122240482326978,2.297664637690896,-0.6059576117048334
1,-1.680848897002548,-1.2199710248596705,1.2501152726170184,1.942502891150751,0.7701770265946114,1.796438308572137
1,-1.5087497269525956,-1.2931554553978586,1.379439472232589,1.9803514447983164,0.03901872238238497,1.9086120989816904
1,-1.8730691142971458,-1.1088588967432982,0.9111442515890383,1.734335846089138,0.04266640725996295,0.6039495752680126
1,-1.4924816462016057,-1.2048355586899728,1.3815246457567891,1.5261688010275254,0.2030433894485649,-0.5645171477879748
1,-1.1600562592767607,-1.0404822025178382,1.2953809145382231,1.696487292441572,0.2542283682005129,-1.5007216119935542
1,-1.5470653381950612,-0.7676876828475125,0.7679188951454584,1.5829416314988742,-0.2445336533858884,-1.1193991665393848
1,-1.8392486306306128,-0.19253996839898077,0.3350281832982442,1.3369260327896966,-0.7161013914102222,-0.38953291954310093
1,-1.1895956690614535,-0.1612006502123117,0.7318627696228116,1.0492770250681953,-0.8253201813384505,-0.13333536771560658
1,-0.26638208644274264,0.09877323929073956,0.7980235879011164,0.6518672117687538,-0.8028798841651092,-0.04616005529573627
1,-0.5378021705513741,-1.0926550447263268,1.2105838578873687,0.5042578525432467,-0.6618908469951418,-0.19962964671822744
1,0.005466105054071072,-0.32680045653959816,0.41100669358633024,0.35097121027060474,-0.7455614667254307,0.27902044508253343
0,1.2363971624795802,1.4349678056132722,-0.7194738560835747,-0.33922420017393623,-0.6936039710553903,0.45347372838666206
0,1.3373081896943715,0.5108140477222879,-0.6111193033081137,-0.5838880648242728,-0.6569818916132232,1.041524306164909
0,0.6341418046022157,0.7068628506968497,-0.08435234175675044,-0.1315978487358601,-0.5248290858920627,1.3462651202940912
0,0.733248664966805,0.02113720105558175,-0.0701036560080424,-0.4343862779163873,-0.4485512427180458,1.22345111747927
0,0.5121311989697886,-0.41957196094445415,-0.18648240332752783,-0.45141812705779194,-0.6874175508822377,0.5456818538892683
0,0.3503066062362525,-0.006284702357754114,-0.3765372818354617,-0.5857804925066509,-0.9820180659287469,-0.16425386497296876
0,0.670378037102073,0.7733317130521792,-1.104579341334511,-0.8136828548273515,-1.2660350095936497,-0.3672076028370188
0,0.4736015340332331,0.22947244127378033,-0.8761101053420336,-0.8582900787691258,-1.16081202763895,-0.43416135718748744
0,0.5956121396656602,0.8350691523695866,-1.1708580712109107,-0.7788081161092371,-0.9707767002014734,-0.48364649512552815
0,0.3385336530611906,0.15290478888589568,-0.8389245108271106,-0.8393658019453424,-0.8864205957755565,-0.3111481783036473
0,0.26810998770492983,0.14489189503134928,-0.6767153870902805,-0.8582900787691258,-0.9296764122320167,-0.18855551003732357
0,1.2608910209035324,1.6849700938751109,-1.7036199066443518,-1.1421542311258697,-0.9774434557255832,0.07780442694538693
0,0.9567207215988268,0.6315416484641163,-1.4342415519865923,-1.2140664830562446,-0.8981332337454675,0.12183826663741164
0,0.6598282478932528,0.28912398441317894,-1.2151680086001897,-1.2273134768328926,-0.7152258809782582,0.25544243851719195
0,0.44919941290674487,-0.01963952544866448,-0.4589016360414152,-0.8582900787691251,-0.5406449489336767,0.02691220681556715
0,0.874493523968354,1.4200867170262574,-1.1441417854320795,-0.7974620461212516,-0.2793048085919098,0.08888858233345194
0,-0.09150021836959572,0.08078874419498085,0.17625090765332974,-0.3284103277032031,-0.06094238621260929,0.07969450519044896
1,-0.3233203690712105,-0.3284030353105074,0.18137695923365782,-0.3189481892913114,0.7604279070030191,-0.3610200724874888
1,-0.6893521859684965,-0.7594967246850877,0.9531952509937649,0.15226630362088367,1.1229575115408994,0.10907419628156168
1,-1.1970875483546728,-1.779983273138504,1.5770096636506648,0.5894170982502694,2.1643355501782846,-1.0675775797262799
1,-0.9301625918219716,-1.7787368229833525,1.4952969261710254,0.8676039675598789,2.1712578013346104,-0.6765384252037223
1,-0.9570416199800956,-1.4630288051142357,1.3213897307284848,0.3866569894240243,2.289452436985147,-0.6343646222211974
1,-0.9263096253283181,-0.9662293861323774,0.4597041835994488,0.002764516712998481,2.3042091717684245,-0.5830719223849604
1,-1.2820668649091878,-0.2381244312159544,0.09002029420458568,-0.137275131782995,2.367134239765203,-0.36502628168848783
1,-0.5806129093697701,-0.5194660376644624,0.0312010243760742,-0.4343862779163873,0.494389691395643,3.25729077899095
0,-0.5538561976082718,-0.2655463346292898,-0.2229729400010514,-0.63119875688373,0.4779401259133331,2.4223956069899613
1,-0.6514646821142153,-0.1612006502123117,-0.19486653853942124,-0.676617021260809,0.6961576982212359,0.5008751602333743
0,-0.8139314359300281,-0.2691076207868664,-0.3584657779590502,-0.5971350586009213,0.42659762908287846,-0.21869776969949895
0,-0.2006676023565066,-0.9297262030172229,0.01443275395228739,-0.6595851721194044,-6.659634094342506e-05,-0.12969702411250594
0,-0.4909244115452303,0.8436162391477701,-1.0609954911545523,-0.8299036635334514,-0.48201248020428517,0.07669916862434933
0,-0.1824730383586889,1.5796450557647994,-1.1917098064529237,-1.0664571238307379,-0.6899298477425831,-0.16514631215979939
0,-0.16641901130178902,1.4207226609829677,-1.3022674443506816,-1.2651620304804587,-0.7384022380211087,-0.3419150612861597
0,0.5885483677606254,1.146503626849612,-1.487022506817939,-1.460082081765423,-1.0249308576109775,0.29409882851679114
0,1.128391784260597,1.2230712792374976,-1.4902805904495025,-1.781794787769733,-0.9669123019289949,0.3051440454288261
0,0.8567576464578756,-0.14802389142928035,-0.6560808574237049,-1.728806812663141,-0.8115217287380583,0.12073764366916652
0,1.5498635079277072,0.7111363940859405,-1.3338925761344016,-1.1818952124558135,-0.43590170267587064,-0.3844799824899973
0,1.159337832606469,0.16473334648070165,-1.0394176687032193,-1.2273134768328926,-0.17761068750258083,-0.6521081199567977
0,0.963784493503864,-0.04919820055654526,-0.32071544894798915,-1.0759192622426297,0.3762315167191677,-1.1720167927397838
0,1.310337424238781,0.5124166264931972,-1.0681632751439953,-1.0058994379946322,0.21086238326104012,-0.23018701384906595
0,1.5714829310309941,0.9004187533611072,-1.5211237821616488,-1.5092852015072586,0.09386113981061235,0.061565406968085525
0,1.6723022209483167,0.7707879372253391,-1.5251203647497007,-1.8612767504296217,-0.6908427924691469,0.5530949755126345
0,1.2024543624164237,0.000659805649519599,-1.227027433019084,-1.7155598188864927,-0.9868662838457825,-0.15410937057434682
0,0.7988102535572605,0.024316920839132016,-1.106813455824727,-1.6247232901323345,-1.2157136115801381,-0.4751114266426243
0,1.1607138920684867,0.7298331464132148,-1.4732082322201039,-1.6814961206036834,-1.0456354560328172,-0.6811237571574308
0,1.1716306304671773,0.8532317117732248,-1.7279903722084555,-1.8291054798291904,-0.9684919612797077,-0.4886562077389162
0,0.9550082920460957,0.5343185363622901,-1.5447557487692631,-1.808288775323029,-0.737028664083358,-0.6311285026829813
0,1.7236751075303953,1.483935490279944,-1.8793826582884896,-1.7477310894869238,-0.8356741490013685,-0.3898857884252
0,1.5755499512187443,1.364988532616903,-2.0317740900155377,-1.8915555933476742,-0.6712283190080042,-0.5783150165144147
0,0.9794104131725816,0.5977094299671434,-1.3510952577090634,-1.4449426603063964,-0.5702835343981084,-0.5806363967091102
0,0.9905412052653623,0.5250591923525919,-1.389149674525738,-1.473329075542071,-0.16452865543238407,-0.9244806910825106
0,1.4978484602633566,1.3206505199550809,-1.7425865868778652,-1.743946234122167,-0.22765898564473863,-0.643698977548566
0,1.5317912603265131,0.9984558737275228,-1.6390912331186218,-1.8720906229003544,-0.14999906827823722,-0.18839902083024562
0,0.8139469076394796,0.1270854642434691,-1.204524935403744,-1.6057990133085516,0.024851330338276828,-0.10432850015404184
0,0.825505807120447,0.792867911402311,-0.8833647715616508,-0.7788081161092371,0.3522215993359234,0.5131953450245884
0,0.4083151573351769,-0.14303809080867397,-0.5305794759358377,-0.7977323929330198,0.815174016303341,0.7683599206236104
1,-0.1364514941289117,-0.6101007703747731,0.4542740442135072,-0.536577372764815,1.2075497125605021,0.9820304889480168
0,0.11206484471187733,-0.0014769660450262682,-0.02792233325805081,-0.5119758128938973,1.5912031614148303,0.5662050656464235
0,0.2626057498568501,0.31964929433525974,-1.1298993055569555,-0.7123028004142283,1.2386373095425358,1.6170148309266756
0,-0.7283099582932364,-0.4391590348111226,-0.4851400695542826,-0.6690473105312961,0.6837841038463073,2.888466260007784
0,-0.607155567437176,0.185490557227716,-1.7708667527998447,-0.8980310600990694,0.37045143090591426,3.9124610439423106
0,-0.47358606232377926,-0.33071787131293184,-0.8473520871540893,-0.9339871860642575,0.36962500945830784,3.5246173888581596
0,-0.8235638521641676,0.10126613960104253,-1.0398831092220147,-1.0380707085950636,0.14783174460243417,3.1297582173832255
0,-0.5557826808550996,0.059955220173160656,-0.8084288480356667,-1.0569949854188463,0.02119002054256784,1.9468179778028802
0,-0.7929541739090159,0.2483472579089332,-1.2772453620602664,-1.2254210491505144,0.24756979242124383,0.16493010347787299
0,-0.6501803599496618,-0.255752797695956,-0.9686396804784672,-1.0853814006545206,0.23490002272527327,-0.6328108164984462
0,-0.30662418093203614,0.4403005818022828,-1.065035514857693,-1.11944509893733,-0.12035710222143049,-0.6982163511503778
0,-0.011724053148393905,0.5231415767292819,-0.9236948344840654,-1.3430427081783347,-0.6357123502251993,-0.2815586147173464
0,-0.0037382037918839085,0.7271621817950333,-1.622645668121201,-1.5868747364847688,-0.8382412336542895,-0.12816863980238363
0,0.21416845679375338,2.304099692369707,-1.8755163990457,-1.9312965746776183,-0.8336857732145321,-0.1153901916529472
0,1.588607226558355,2.1169541047890847,-2.0042758641651326,-2.1300014813273394,-0.9196139954693138,0.2038486973589406
0,0.3644341500463222,-0.4284751763383947,-0.18496196429946574,-1.7477310894869238,-0.6893747939418798,-0.1408094228981057
0,0.8415598341773446,0.6112423173659327,-0.836057397231333,-0.8866764940047996,-0.36281733260920307,-0.5409553263574225
0,1.6533431794715987,0.6558092698521703,-1.3750002827543724,-1.2881415094807664,-0.371958175850532,-0.23577786228274578
0,2.5509926351958963,1.792877064449665,-2.1356852373049042,-1.8802010272534044,-0.2378316538287186,0.14330133469484832
0,2.895190975295801,2.73626176759156,-2.6459880162380944,-2.0618740847617203,-0.35929787471738717,0.9915323184220751
0,2.584385011474247,1.866595687911489,-2.3650108838519635,-1.5925520195319038,-0.19436092804141963,0.6789679043025398
0,1.1018491261931909,0.48321408000107346,-0.9493083842645181,-0.7447444178264278,-0.5918597448693266,0.34127638034261115
0,0.30086020290100396,-0.6606710338123526,-0.15746373844906078,-0.5176530959410328,-0.8748070680508857,-0.394087998110877
0,0.9754045511831454,0.7706607484339977,-1.0017169866808293,-0.8096276526508268,-1.2127399283362295,-0.4813268565067476
0,1.1981732885345833,1.191019703819312,-1.573774413647732,-0.9434493244761485,-1.1377875583733343,-0.4833888026767166
0,0.7510151215764382,-0.030857576845028503,-1.141404995181567,-1.0342858532303068,-0.9507688999027275,-0.5267226575490727
0,0.5812705421614982,0.34913165616833514,-1.2652556142961089,-1.2216361937857576,-0.8645501224740051,-0.35807529179146774
0,1.277373155348617,1.5889934319284367,-1.677164267556047,-1.2840863073042414,-0.932656766010354,-0.18213133363124573
0,0.6803774025260829,0.3997019196059156,-1.2865852018040838,-1.6133687240380647,-0.8156618432340293,-0.2690009085546077
0,0.3851973583732422,0.3776219454289442,-0.9743739076700223,-0.9756205950765797,-0.3698542217233306,-1.0097695318976752
0,0.9851898629130653,0.7788008310798855,-1.250572517396524,-1.1800027847734353,0.04554780990418388,-1.374319700338697
0,0.3503066062362525,0.03805331030406824,-0.6586873243289579,-0.733389851732158,0.014694245860880695,-1.1629709970451392
0,0.2396714254898529,-0.20004410708815937,-0.46580877334033177,-0.8907316961813245,0.2683163338978779,-1.0845622340316456
0,1.2088759732391816,1.2880647516132602,-1.5331569710408934,-1.2651620304804587,0.2192745701152616,-0.5208434181151385
0,0.2636148601289996,-0.11419167293230831,-0.15107789453119333,-0.8412582296277205,1.0799259855412815,-1.0456394187421805
0,0.3971843652423941,1.24800028234053,-0.8705496426108288,-0.7901626822035068,0.9097191089789575,0.5658552413743153
0,0.8171577130508587,1.5017419210678231,-1.7219086160962016,-1.0853814006545206,0.9450339664167179,1.544630648558296
0,0.8158733908863075,1.0936185274096075,-1.7295542523516068,-1.3749228360583996,0.423223291877428,3.0685435295808143
1,-0.42175448925436365,-0.6770020746206659,0.5144089592418135,-0.6068675438245805,1.8944261736880725,0.21190256814794012
0,-0.31197552328433764,2.2175604387406085,-1.641542553184275,-0.8204415251215593,2.16926120802633,-0.2935072276268228
1,-0.6707295145824942,-0.6756284356741722,0.4218235312431245,-0.7617762669678324,2.367156359517105,-0.365208878727116
1,-0.9547787666425497,0.11978482762043782,-0.5508230355666255,-0.7296049963674017,1.0395653906282598,2.0895911857386937
0,-1.2859198314028437,0.5864913785707794,-0.799870948363423,-0.8204415251215593,0.5859411869172431,2.1913684122113932
0,-0.5943123457916575,0.306218157969544,-0.8107746682503915,-0.9831903058060927,-0.26513631095538853,2.5602808130960986
0,-0.7291661730696032,0.9463593447938383,-1.6204301712517357,-1.3427515654579691,-0.5432341358335573,1.8591814376077855
0,-0.3740510945710101,1.1313681606799153,-1.3961002529397417,-1.6057990133085516,-0.6929209124898206,1.355108260759549
0,-0.708617018436773,1.713816511751477,-1.7938036615660597,-1.7269143849807624,-0.6712298965476934,0.4821935432478623
0,-0.07277052013654854,1.4990709564496407,-1.7012740864296263,-1.8991253040771878,-0.7926908272227606,0.05493084169602067
0,0.27239106158677234,0.8161943357344342,-1.2603467682912182,-1.3976319682469391,-0.8487920564691882,-0.10560152221689303
0,0.4980036551597167,2.71542824356974,-1.9673943574558213,-1.7836872154521113,-1.0316639009957698,0.30876631512540414
0,1.445191251516729,2.293950026820615,-2.1379876164045437,-2.1375711920568525,-0.9226386713407292,0.21040730190765045
0,0.9509412718583454,0.31049170135863524,-1.0472680987868934,-1.473329075542071,-0.7065893237289358,-0.10392147341954729
0,1.6185747437312326,1.814778974318758,-1.769433196001957,-0.9888675888532276,-0.5797880545582761,-0.07610417025691604
0,1.4391365898838413,0.5913245526417754,-1.3309696096763706,-1.0245533680066474,-0.31949554002582004,-0.3481448606137158
0,0.38369898251459883,-0.7481006089808446,0.3728219534243924,-0.24325108199617979,0.038486886522755774,-0.4483600988802264
0,0.4684642453750238,-0.4421861280450617,-0.14964433773330546,-0.4779121146110886,0.47989232125573733,-0.8061013574787583
0,1.5826137231237791,1.270436385133259,-1.1371912070180759,-0.7296049963674017,0.2659907428541084,-0.3072727533342951
0,2.229912094057926,2.366244135819408,-2.100932345234883,-0.9529114628880402,-0.377140560674022,-0.11865060866803778
0,1.5678440182314328,0.9408393512495954,-1.5145207326683439,-0.86396736181626,-1.009609667942761,-0.10495644474104311
0,1.0043017998855615,0.09566983278199466,-0.9982727268417454,-0.9393941222996238,-1.2462008225206114,-0.4097272683253805
0,0.7914712697598216,0.5695752693222929,-1.260129562715781,-0.905600770828583,-1.0743008090485242,-0.6195504051537659
0,0.9423791240946672,0.4317534950240998,-0.9516542044792448,-0.7674535500149673,-0.9064954471545127,-0.6214986754179094
0,0.5354630516258133,-0.06931946734684985,-0.3691522922705831,-0.6122744800599472,-0.7215530791903136,-0.6644040529363151
0,0.7743469742324651,0.08613067343134433,-0.650433512462326,-0.7258201410026449,-0.8000481958175989,-0.46634947000356575
0,0.5731365017860022,0.3890180611331872,-0.6468278999100617,-0.6936488704022137,-0.8859753208686291,-0.118263352560755
0,1.028214655425549,0.5738488127113841,-1.1365830314068506,-0.899923487781448,-0.9505489089607405,0.23404606960240534
0,1.4700214800313993,1.4100388025102388,-1.587458364900302,-0.9434493244761485,-0.842979831899162,0.5292725909220535
0,0.26554134337582747,0.0973487248277093,-0.13726361993336017,-0.36436645366839054,-0.668914969790398,0.3017701298766888
0,0.13233878745230346,0.00867269950406506,0.000190274077163491,-0.41221783935138434,-0.42883313555225605,0.4090402069965985
0,0.06047790443570872,0.5393043369828965,-0.4008643062844793,-0.44195598864590085,-0.26532191824201284,0.5176659262833384
1,-0.17241251473636496,-0.5928285325105285,0.5019723885796128,-0.17701611311293922,0.4096717495908452,0.3902579048073747
1,-0.1255347557302188,-0.882717225737219,0.6726525297585105,0.21282398945698933,0.9109779737368171,0.5631034141872494
1,-0.626634453599545,-1.766628450047594,1.5746204023208528,0.9679026347259289,1.6158854173231698,0.1071971155798627
1,-0.5782583187347576,-1.0308667298923824,1.275962736094098,0.8903130997484184,1.7693737215721825,0.18455547461833896
1,-0.5763318354879298,-1.1856300511973303,1.14042645702101,0.9543852941375125,2.2894832180482103,-0.6343453488051921
1,-0.6298452590109239,-1.6624608299384953,1.612414172447003,0.9016676658426882,2.3042420812994866,-0.58331408121103
1,-0.6212831112472457,-1.6938001481251639,1.6645869516671206,0.9868269115497116,2.367175587315956,-0.36545128163320906
1,-0.9920241094145541,-1.1654833466487569,1.0452035327491493,1.0719861572567349,1.508336110651188,1.085153888796435
1,-1.1478551987135166,-1.4247449789202935,0.916053097593929,0.9111298042545793,0.9210516322974387,1.4730475359515893
1,-1.4400384911490705,-0.9352461965614659,0.8620557915401321,0.7370264574757771,0.2683541034186944,1.4173588376392598
1,-0.7360158912805458,-0.35671526026323697,0.3923704552137807,0.10684803924380518,-0.027165954505308062,0.7533957498993787
0,-0.49178062632159925,-0.35724945318687307,-0.5201101671997422,-0.41356957341022643,-0.6213203276845293,1.201487502533916
0,-0.15956929309084641,0.15664413935135035,-0.6137257702133649,-0.6028123416480555,-0.8470602798428708,0.8585495230231799
0,0.7004984497707285,1.9829607131102853,-1.188234517245921,-0.8346347327393969,-1.0006422215128987,0.50035434396937
0,0.2948666994664281,1.3913420501829645,-1.3943626083362421,-0.9245250476523658,-1.0493039883634576,0.32404679169120865
0,0.9391683186832881,2.3970492610824414,-1.495102554224219,-1.0569949854188463,-1.044989525682925,0.33717592796681906
0,1.076162682902154,1.5083303004593385,-1.379940158127182,-1.293548445716133,-0.9720171607466406,0.3161050118261879
0,1.6219996028367039,0.4956785815525897,-1.054218677200897,-0.8677522171810166,-0.9382543952496891,0.3921506056425389
0,1.7104037784966923,1.6219353288860145,-1.4527474670138787,-1.0967359667487904,-0.8879867362462441,0.5840052095609573
0,2.6165848028855088,2.1225504116081324,-2.07446429439941,-1.3895215638938896,-0.8108820301500991,0.7045396505313289
0,2.4097171970951923,1.039665042122331,-1.4230337442940104,-1.2367756152447842,-0.39825763804926617,0.4870835488198717
0,0.9173348418859069,-0.8081082807360008,0.2723426542269403,-0.17133883006580433,0.36797693520896846,-0.5666438161718548
0,1.764559363101961,0.7910872683235227,-0.5685470105223362,-0.5479319388590853,0.3421655534970174,-0.4706936488264325
0,1.1971030200641244,0.2873433413343916,-0.5759320000872167,-0.6974337257669705,-0.16401961598677198,-0.5755058818939457
0,1.052188669163855,-0.16066645728867512,-0.5625086955251695,-0.7106807195436183,-1.0543008285504618,-0.009581312251437846
0,0.8822911942531343,-0.0073530882050268104,-0.7485173444563802,-0.7609652265325276,-1.225976630957427,-0.45323298786092886
0,0.9273953655082262,0.3630206721828821,-1.0596488165868387,-0.8393658019453424,-1.1176586004188915,-0.5267601474815335
0,0.9423791240946672,0.5097456618750157,-0.8370999839934331,-0.846935512674856,-0.7559385320690849,-0.9439961475543251
0,0.09793730090180536,-0.4037242375432408,0.15300991108150125,-0.5252228066705458,-0.5343601983603966,-1.0654379477828353
0,0.5132014674402499,-0.037624020544423195,-0.4019503341616665,-0.6217366184718389,-0.5217074429015531,-1.0624487262396312
0,0.7522994437409893,0.37245808050045826,-0.40533874113849316,-0.63119875688373,-0.6658155913315591,-0.5899839484355298
0,0.3907627544196359,0.33987231215863795,-0.24890728570830528,-0.5933502032361645,-0.6969506096858964,-0.30909702379087634
0,0.32376394816884646,0.2508401582192366,-0.28009800634115045,-0.63119875688373,-0.3304990629121982,-0.568700959907529
0,0.6386369321781505,0.7495982845877623,-0.7100347223624148,-0.7788081161092371,-0.3937906478703328,-0.2878515015463907
0,0.36076465814760617,0.1544310543819996,-0.3878940304940593,-0.6839163851785539,-0.0144649732541125,-0.4787782123961597
0,0.7047795236525688,0.5268398354313802,-0.6560808574237049,-0.8015172482977766,0.07660576609336392,-0.2152637509609127
0,-0.03177923771793333,-0.18149998131049577,0.1553122901811407,-0.580103209459516,0.3921175771438918,0.4276867830600071
0,0.2888731960318544,0.3484193989368205,-0.09625520729073374,-0.3321951830679599,0.4832693616295343,1.4793968635059191
1,-0.9969473443786712,-1.1416227293929977,1.541605154854332,0.7786598664880995,1.2057854203543468,0.9858404372153347
1,-0.9629128070180458,-1.2397361630342176,1.574272873400152,1.0663088742096,1.2767320361092793,1.2399114718315611
1,-0.9143837766574779,0.022409088969001286,0.7128727964559773,0.646189928721619,1.1140876209692343,1.8839341802894096
1,-0.8417584161619877,-1.3695450434778647,1.3257028128693167,0.6745763439572927,1.4151415200083406,1.3215447991602325
1,-1.1292325273275143,-1.5217900267142408,1.348292192714831,0.9981814776439814,1.8252946610584038,0.7955504123228202
1,-1.507893512176229,-1.2644871018293715,1.0429445947645988,0.9092373765722018,2.2976666469759874,-0.6057313461120749
1,-1.680848897002548,-2.1174151365688343,1.9110718386737557,1.8668057838556187,1.7934947051166839,-0.395995991887847
1,-1.684059702413927,-0.977981630452378,1.2311315053237681,1.6567463111116278,1.6470542714283885,-1.5362095185204234
1,-1.9916548608241018,-1.012348041872987,0.8925514543315759,1.6245750405111972,1.2222581963137007,-1.923082158205775
1,-1.2548820457595073,-0.7721392905444828,1.3856515516901062,1.374774586437262,0.5352417265382122,-1.2761523726148407
1,-1.2730766097573252,-1.0111015917178354,1.2002448724965364,1.2536592147650514,0.15777908125002005,-1.2940998808559108
1,-1.0542067075482762,-1.525796473641514,1.4195356214583768,1.42208527849672,-0.3637230121756211,-0.8643601253326088
1,-1.2195631862343332,-0.4498428932838505,0.9295198432710634,1.109834710904301,-0.5941990999004033,-0.6509136975182342
1,-0.9430058134674923,0.49158310247137743,-0.011762238445491062,0.8278629862299347,-0.935927562493359,0.10374697060131005
1,-0.09000184251095232,0.8459310751501935,0.17377476409333995,0.21660884482174614,-1.013351410773756,0.40482844362379616
1,-0.056181358844419216,-0.3430043085565695,0.21143821087422682,-0.08239472899402421,-0.6631513464839991,-0.19690247489050575
0,0.2950807531605203,0.2650853028495411,0.44749723025985383,0.06142977486672608,-0.3401690159537282,-0.5896668944999811
0,-0.030494915553382167,0.39939666650669464,0.427650846538438,0.09468243271422998,-0.23606477225066466,-0.5268864668716944
0,0.8374928139895988,1.072606939079909,-0.36524259191270547,-0.45141812705779194,-0.2846203029585973,0.2438044953609008
0,0.25719324930624143,0.0027965773440645175,0.12598953749706013,-0.3870755858569301,-0.25973664112687256,0.7783201991050069
0,0.10136216000727667,-0.4671151311480946,0.20765883386161235,-0.4381711332811441,-0.15663564533846866,0.598066578868583
0,0.024088776440073276,-0.22103025765958934,0.23033509593730092,-0.45141812705779194,-0.5098227192956741,0.16546549016302423
0,-0.22057459590706,-0.4838531760887016,0.08024604330989339,-0.4097847180454696,-0.9498652123826126,-0.23315851276653055
0,0.7332180858676502,1.6993933028132933,-0.978444960741082,-0.7771860352386274,-1.242753184671805,-0.4168557723604022
0,0.4211583789806932,1.000490894388995,-0.7158123906690552,-0.8109793867096686,-1.2257537105078844,-0.29501082151992564
0,0.3207671964515574,0.42587737286409927,-0.8127295184293303,-0.8412582296277205,-1.114073914627542,-0.17668313703451355
0,0.4134524459933839,0.3580348715622752,-0.8351885749295832,-0.8166566697568025,-1.0205365384063334,-0.023871901467173263
0,0.3184126058165427,0.6568267801829059,-0.8515658753175804,-0.7636686946502105,-1.0104671927708966,-0.015379230636687776
0,0.7664269875510591,1.1999229192132534,-1.0143397335505469,-0.8128718143920464,-0.9609132182645729,0.04234012957669804
0,0.5641462466341395,0.6870977125223022,-0.9233740385572624,-0.8620749341338817,-0.8945072951378954,0.11416630965864918
0,0.43507186909667517,0.7609944002920054,-1.0051302171519907,-0.8488279403572341,-0.7927319759236622,0.42155009049435677
0,1.2596066987389813,1.540738004493281,-1.5553119397355328,-1.2102816276914885,-0.8098801666317138,0.6036361171370536
0,0.584144977482157,0.5856010570313852,-0.6537536548297308,-0.6393091612367802,-0.4496552768550067,0.45375645403198295
1,-0.5367319020809129,-0.46942996715051855,0.7448951041490692,-0.12970542105348204,0.3921927568315301,-0.8911076514748543
1,-0.6148615004244876,-0.5233834524377962,0.7180484950249785,-0.09185686740591653,1.224209236284333,-1.354708326839795
1,-0.6867835416393918,-0.3595642891892975,0.807493750990197,0.17119058044466703,1.5587395956154182,-0.8245969328949039
1,-0.18568384377007024,1.596116004243588,-0.008591037044101819,-0.1486296978772648,1.560669467061846,0.22583581334685338
1,-0.8460394900438233,-1.180974941434213,0.9015437651546946,0.15226630362088428,1.6938644414807291,0.3462838586735129
1,-1.2556465232384053,-1.5298029205687866,1.5313034047050027,0.7840668027234658,1.9951153429755928,-0.0036953819807871275
1,-1.2741468782277863,-1.1291582278414813,1.2418614607503882,1.0909104340805176,1.5986323520785195,0.9285255074205063
1,-1.4747151895919703,-1.0297983440451102,1.3533748031800739,0.8732812506070138,1.7202836803852348,1.0206216782269497
1,-1.7630455155338682,-1.0155531994148057,0.48872284847791586,0.8562494014656091,1.3465792487704915,1.4318960125024771
1,-1.729010978173243,-1.5814415698536393,1.4453830849354563,0.5231821293670301,1.6080736545948413,0.0013090484300785593
1,-1.4060039537884452,-1.5394183931942425,1.5203190084614424,0.6234807965330794,1.3675521546336709,-0.9375960699745485
1,-1.5532728953237271,-0.3827126492135421,0.09592828585649114,0.004656944395376567,0.8388851507991646,-1.1017951629036071
1,-0.8877799603917602,-0.8923326983626743,0.9796943311971569,0.2393179770102857,0.5101488445520675,-1.2225854829008835
1,-0.9853884448977037,0.5118824335695605,-0.10064275991457339,-0.2337889435842881,-0.2935013519893424,-0.3271045016608333
1,-0.4123337744759238,-0.3907392403225404,0.15728719010550507,-0.3473346045269859,-0.2128243640575034,-1.1874979798095149
0,-0.1985270654155842,-0.33588173624141676,0.009219820141785082,-0.40410743499833474,-0.5085476724858671,-0.834613665879423
0,0.6656076976337365,1.2795176648350777,-0.8158572787156324,-0.6482306060251346,-0.5826385230182346,-0.653416490175156
0,0.33639311612027045,0.8651620204011049,-1.079588288412013,-0.8620749341338817,-0.7297389817259726,-0.2028267485339951
0,0.6298607307203755,0.6176526324495689,-0.4525592332386367,-0.43249385023400916,-0.7771830039077745,0.04739503999955444
0,1.6153639383198535,1.6427688529078344,-1.2440997912484824,-0.7504217008735632,-0.660570164966165,0.09690167625055619
0,1.715724541749839,1.7360236747197904,-1.4316909379435947,-0.825848461356926,-0.6120116927461229,0.27851739967671435
0,1.9077612844494949,0.7796911526192797,-1.653706065408783,-1.0191464317712808,-0.4090128937969769,0.5102769019480538
0,1.9364444794578233,1.281654436529623,-1.5398034616492835,-0.9945448719003624,-0.36931493303057983,1.0129565047595195
0,1.660957375161444,0.7163002590144255,-1.3501395531771374,-0.9718357397118229,-0.19730152459467998,0.6851267202510805
0,0.9830493259721406,0.037162988764674096,-1.162387053768843,-0.8204415251215593,-0.5325067550111462,0.2138194773556012
0,0.4145227144638451,0.2421150071331746,-0.8833647715616508,-0.7731308330621022,-0.8012387147105036,-0.5514953143240682
0,0.5557064152670846,0.2822557896807111,-0.7783055376592564,-0.7974620461212516,-1.1897148468667624,-0.5307571534268308
0,0.5324662999085242,0.6986718925344243,-1.1437073742812045,-0.9245250476523658,-1.1993240300980115,-0.35177730789906636
0,0.9410948019301161,1.1149862443550644,-1.5042251883925988,-1.0115767210417672,-1.1272000544397662,-0.14861084851871767
0,0.9074883719576752,1.3416621082847788,-1.1132117114897606,-0.7144655749083751,-1.0093900229663406,-0.0475705573025013
0,0.12362374419284469,0.19207893661923167,-0.27879477288852583,-0.44195598864590085,-0.8592861160719814,-0.33909363316536206
0,0.1961879464900256,0.3863470965150052,-0.6869674902509366,-0.6084896246951904,-0.6949231105654564,-0.5274831326493056
0,0.22123222869878595,0.0332455739913404,-0.5496935665743492,-0.6122744800599472,-0.5748352586554659,-0.5708063745488112
0,1.054757313492957,1.7047352320496583,-1.162387053768843,-0.8299036635334507,-0.5588766552249702,-0.0794058880834421
0,0.7465199940005057,1.2522738257296209,-0.860558186140699,-0.5971350586009206,-0.26062139937799866,-0.5729321885526208
0,-0.025449364192641686,-0.17791325739465136,0.1177605491247665,-0.38383142411571053,0.36205741854967066,-1.2851935744784795
1,-0.5035535794966589,-0.09638524214442766,0.2616126988003222,-0.3473346045269859,0.8420752114170277,-1.8548327068770059
0,-0.06260296966717963,0.6048320022822956,0.16417427765899797,-0.2792072079613672,0.7113061158725742,-0.25596274156859966
0,0.313275317158338,0.922142598922322,-0.8621220662838482,-0.6084896246951904,0.41261621524115066,1.6308464580242672
0,0.02301850796961207,-0.28246244387777675,-0.5227166341049952,-0.3284103277032031,0.45367564064956506,2.5972011918631317
0,-0.16599090391360455,-0.6248801079287132,-0.19968850231413762,-0.3870755858569301,1.190809667688626,1.4239151957646168
1,-1.0685024364037048,-1.0524633866622544,1.2539008555032187,1.311243085671705,1.4341182010951974,1.1981309848049635
1,-0.9006231820372811,-0.6661910273565951,1.026176324340812,1.0435997420210605,1.208635308656884,1.7640718814497889
1,-1.7405698776542105,-1.1093930896669344,0.532207404680534,0.7937992879471261,0.8789258498597533,2.8231611392430427
1,-1.4158504237166745,-1.6124247594245513,1.5532039325827018,0.9584404963140377,2.0465709014225486,-0.06797440326849623
1,-1.4550222497355092,-0.9154810583869188,1.0450732094038861,0.9395162194902544,1.845564473457056,-0.5073654459204067
1,-1.815060563198219,-0.9737080870632873,1.0731796108655183,0.708640042240102,1.7310497995526914,-1.7161083902685517
1,-1.7711795559093644,-1.6031654154148534,1.649643208077013,0.9735799177730637,0.8744896625369417,-1.1782562676543165
1,-1.8403188991010717,-0.7436490012838748,1.4955575728615498,1.3180017559659132,0.9350760600736241,-2.1325838536242148
1,-2.2902597640824136,-0.041007242394120305,0.6561449060252501,0.9016676658426882,0.37522283736465734,-1.7595620804850067
1,-1.4245195983274024,0.5927236293465364,0.6213051317250519,0.5421064061908122,-0.6926725883941633,-0.15918820074154358
1,-0.7689801601707121,0.28022076901923887,0.023989799271544092,0.01222665512489017,-1.0024416947145525,0.22371326729412344
0,-0.30405553660293155,1.293406680849624,-0.6343168587648533,-0.4097847180454696,-1.0485199717445106,0.34485010357856016
0,1.4096583382974601,2.1871114420933333,-1.553704618477293,-0.8128718143920464,-0.9450769187283492,0.25847426291623626
0,1.1553625497161897,0.7164783233223044,-1.0581283775587746,-0.8299036635334507,-0.7986175802372684,0.09323926136518622
1,0.06968221328166598,-0.6596026479650794,0.31052739438887816,-0.20540252834861367,-0.30287613096585425,-0.6694133543993228
0,0.6538653235578339,-0.03024707064658703,-0.16224846698227235,-0.3432794023504609,-0.15150577278847352,-0.7079831522200531
0,1.2784434238190758,0.9817941420617207,-0.18365873084683923,-0.39464529658644304,-0.06409677344255979,-0.22868481660384346
0,1.4374853185294196,0.39382579744591506,-0.28140123979377696,-0.5971350586009206,-0.38289061657917695,1.0418873290106314
0,0.9884006683244421,0.18566862153559502,-0.43196814468714834,-0.7068958641788622,-0.43684529269778877,1.1983105463161243
0,-0.08186780213545626,-0.6742039212111415,0.6551892014933243,0.3528636379529828,-0.6601796839823918,0.4875288722552991
0,-0.010587922002826513,-0.331608192852326,0.38494202453381315,-0.16566154701866945,-0.9161617501631998,-0.3053239455020791
0,0.49149030703948976,0.24028348853785067,-0.3698349383648161,-0.541984309000182,-1.1917921832330343,-0.526336233446449
0,0.5121311989697886,0.026479130291945232,-0.3343994002005609,-0.5838880648242728,-1.216094777004072,-0.31596366107231505
0,0.16151124804712355,0.2324995345077194,-0.4703700904245236,-0.5971350586009206,-1.0852697863052911,-0.2383539222742806
0,0.16943123472852736,0.370855501729549,-0.2923484007958344,-0.4003225796335779,-0.6866699872239189,-0.7389844015941045
0,-0.23598646188168312,0.1333177150192272,0.0470135902679333,-0.1391675594653731,-0.6980285067456227,-0.6846974114679608
0,0.5391019644253792,0.7325041110313973,-0.46541780330454585,-0.5460395111767072,-0.7333415204661163,-0.44527346557737524
0,0.6972876443593472,0.44314961072834286,-0.7456998778492757,-0.7182504302731314,-0.987946420291331,0.3141633950466639
0,1.0622491927861764,1.8195867106314858,-1.300964210898057,-0.8015172482977766,-0.8660642518071032,0.5786528487907053
0,1.0907183341004103,1.522575445089643,-1.2890613453640736,-0.8128718143920464,-0.5995080378709859,0.1531012226728998
0,0.1167434468827428,0.04530307141056198,-0.258222301957788,-0.537929106823657,-0.2810611876711825,0.09245216940854284
0,-0.10006236613327626,0.06654359956467633,0.1669110679095105,-0.0634704521702421,0.17408417645685115,-0.42401763329681763
0,0.16857501995216068,0.48143343692228563,0.013259843844924095,-0.35868917062125566,0.3794730622678286,0.4548524716338465
1,-0.04633488891618979,-0.35422235995293355,0.2545752381561424,-0.3662588813507692,0.7621048232555286,0.8820391245499798
0,0.38048817710321975,-0.205004469950497,-0.5377038188101917,-0.44195598864590085,0.9596834665764167,1.5131483926131264
1,-0.5718367079119995,-0.7375948148159952,0.9362097749945425,0.06142977486672608,1.3383388981234932,1.1079587367660049
1,-0.9776825119103922,-1.4855412211817702,0.9646761171240416,0.719183567899067,1.3240308650625492,1.4339317191274157
1,-1.179963252827314,-1.7158801223021356,1.480787593731791,0.6745763439572927,1.6272933441590727,0.8670853351436811
1,-1.497832988553905,-0.34389463009596316,-0.16893219283216734,0.25445739846931165,1.6411927250116771,1.190289955389138
1,-1.2732906634514174,-1.82966321503669,1.6488612680054375,1.0719861572567349,1.5764275153189307,0.9391930881883566
1,-1.252741508818585,-1.706086585368801,1.4805703881563534,1.261228925494565,0.8044996118478998,1.7226833233547254
1,-1.7380012333251058,-0.8193263321323653,0.5357261350026238,0.9527632132669023,0.11620888504566948,1.7434291975334437
1,-1.4218439271512529,-0.5401214973784035,0.8822993511709198,0.5307518400965424,-0.06264021063582215,0.8295308989905371
1,-0.9284501622692383,-1.4309772296960517,1.0559334881757694,0.6745763439572927,-0.030908487759820122,-0.0635394540323601
1,-1.4188471754339638,-0.6371665451723508,0.7309505062059729,0.6972854761458329,-0.20750185342476657,-0.5114506740246169
1,-0.982498720027462,-0.32697852084747714,0.40214470610847486,0.14469659289137068,-0.7225138014448388,-0.09551135039470243
0,-0.5699102246651694,0.41554964300712893,-0.11437015228223231,-0.290561774055637,-0.9526989015895911,0.11709841069396869
0,-0.07737267455952604,0.5578230250022918,-0.24295585294131458,-0.4665575485168185,-0.8971870900754496,0.02042933765317517
0,0.6523363686000335,0.8138794997320098,-0.6355332099873037,-0.676617021260809,-0.817985883572988,-0.013889326472234308
0,1.2152975840619444,1.4180516963647862,-0.8133376940405554,-0.6595851721194044,-0.7153501009089226,-0.08507528030548621
0,0.9661390841388764,0.3788683955840954,-0.4866605085823466,-0.614166907742326,-0.41709397742695964,-0.42476858711339194
0,0.6474437127350757,-0.09892901797126769,-0.09354944640813821,-0.5095426915879826,-0.13018041329345936,-0.753671277285509
1,0.3376774382848239,-0.7018038889323553,0.7733490345314,0.01222665512489017,0.16397517062409298,-0.7172702585568028
0,1.3122639074856113,0.4627366845950113,-0.2146756870193341,-0.443848416328279,-0.012786363816145702,0.2489803827194755
0,1.06802864252666,0.37655355958167147,-0.3753209306130113,-0.6274139015189731,-0.21490846467504748,0.7228691751997326
0,0.9434493925651262,0.46629797075258744,-0.42910103109137265,-0.6785094489431878,-0.7508528965495224,0.6817623430804224
0,0.7259708393676756,0.12886610732225692,-0.3580313668081754,-0.6198441907894602,-1.0156885639301183,-0.09221396580519083
0,1.01714502153108,0.7611215890833478,-0.7223595873001046,-0.6636403742959294,-1.2453118875004003,-0.4116708656261829
0,1.4550377214449584,1.3931226932617549,-1.2683833745824111,-0.8866764940047996,-1.2230282392651948,-0.30108137887479464
0,1.269239114973123,1.2976802242387158,-1.3404087433975322,-0.9434493244761485,-1.140972617961113,-0.11923459224551525
0,1.032495729307389,0.7846769532398856,-1.272988132781688,-1.127014809666843,-0.982468623179275,-0.10546305423420338
0,0.6020337504884183,0.5891623431889609,-1.310086845066437,-0.9907600165356056,-0.9232609740766736,-0.20232969780116233
0,0.7606475378105754,0.6614564521877547,-1.243317851176907,-1.1932497785500833,-0.8680272157825538,-0.15679541109555803
0,0.9126256606158798,0.6493480792519966,-0.9602121041514885,-0.7939475375682636,-0.8510559180682248,0.02104712923257857
0,1.533167319788533,2.2896764834315233,-1.767956198088982,-1.0380707085950636,-0.8048986219981535,0.44763763750496494
0,1.4631717618204545,1.8008899583042113,-1.9438058319632932,-1.170540646361544,-0.7574773942625593,0.491378370663567
0,1.632243601053963,1.446414796834052,-1.737206094480595,-1.1421542311258697,-0.5886840882283646,0.7514956699605139
0,0.9113413384513309,0.6060784524374478,-0.6671583417710237,-0.6217366184718389,-0.171602787996698,0.31668735172747625
0,0.18077608051540248,0.12940030024589352,0.14944773964432423,-0.37004373671552543,0.4467518923578933,0.3107880341446789
1,-0.5159686937539929,-0.26839536355535076,0.7601429355447921,0.07656919632575265,1.0584815013689894,0.24712775064511863
1,-0.6833586825339205,-1.5947963929445497,1.2320872098556959,0.3812500531886573,1.5573433373289236,0.2327139204188366
1,-0.7709066434175401,-1.1980691149905782,1.3670587544326438,0.5780625321560002,1.781892349216759,0.15772289679111512
1,-0.9896083605812322,-0.8254313941167819,1.1545758487923776,1.0354893376680105,1.4690107185120564,1.1234829884954254
1,-0.7882449926389911,-1.2689387095263414,1.1371683733894449,0.9205919426664716,1.7974196388013628,0.502582558167801
1,-1.074648835334059,-2.097115805470651,1.9438698805648391,1.6397144619702237,2.3671540592504443,-0.36545118994811926
1,-1.5549853248764605,-1.52339260548515,1.001241124280573,1.8062480980195128,2.2976587730877056,-0.6057447625744101
1,-1.6102111779521926,-1.332151538823316,1.317666206578124,1.6586387387940058,2.1424043266292228,-1.1433190218748246
1,-1.5267302372563212,-1.419759178299687,1.2424696363616152,1.8100329533842692,1.8829347323419259,-2.0416590537018786
1,-1.7694671263566264,-1.110639539822086,1.0805646004303968,1.5148142349332556,1.2903182564983637,-2.06894623025908
1,-1.129660634715699,-1.3517386126899844,1.39629462488655,1.3842367248491538,-0.26137656893736105,0.4303190109628565
1,-0.7298083341518776,-1.318796715732406,1.3744871851126095,1.3842367248491538,-0.26164921757591175,-0.3957600565188156
1,-1.4486006389127488,-0.1738432160717074,0.3715187199717678,0.9773647731378199,-0.44064388624335643,-0.6991639335555799
1,-1.0461796940198296,-0.39019135014445144,0.4071404343435397,0.6745763439572934,-0.6501737832142958,-0.5309530807433663
1,-0.4029483432734262,-0.666547155972353,0.6969361130924373,0.4588395881661676,-0.5851543323962963,-0.64812251084713
1,-0.3498630271386142,-0.45002095759172955,0.6922879137780731,0.4209910345186021,-0.48862040769731907,-0.7194615960378394
0,0.6983579128298106,1.1580778068617341,-0.3276660273619947,-0.17701611311293922,-0.44716689002791743,-0.6595514501220604
0,0.7529416048232661,0.7341066898023056,-0.36037718702290195,-0.45520298242254875,-0.6917455999926359,0.16366950511304643
0,0.9221969186517075,0.3330041174261696,-0.29350269328244527,-0.5298187024706074,-0.34620607439433615,-0.2909049038850089
0,0.9627142250334028,-0.035843377465634894,0.17733693553051694,-0.35679674293887753,0.20660039001631264,-0.808666776708146
0,1.0078795544868133,0.044463625387704424,-0.37757986859756365,-0.44952569937541387,0.4015635045843728,-0.6386228684747528
0,1.3925340427701014,0.8067569274168576,-0.4900923566742604,-0.5327925174000587,0.056458124162055374,0.14147993891859775
0,1.6455455091868207,1.2168390284617405,-0.8921833179244191,-0.7068958641788616,-0.6386469528915987,0.4413414207744042
0,1.327675773460232,0.4541895978168288,-0.7497833426675037,-0.7617762669678324,-1.0960645445041273,0.08004906094241943
0,0.45433670156495415,-0.12792806239724455,-0.43490352289234957,-0.7082475982377037,-1.2108322006514645,-0.48546786647174367
0,0.4511258961535728,0.6764138540495743,-0.6291473660694381,-0.7920551098858852,-0.9784547537314807,-0.8248066318135403
0,0.6566174424818737,0.22021309726408267,-0.6309284517880247,-0.8015172482977766,-0.8997618547913061,-0.6358240704843662
0,0.8950732577003389,0.07277585034043443,-0.5002575776047423,-0.7788081161092371,-0.7839489429584106,-0.5307149525305115
0,0.6865849596547487,0.16714993351619972,-0.5066434215226098,-0.8488279403572341,-0.9340842287464269,-0.17909215786018684
0,0.9295359024491486,0.22021309726408267,-0.7929203699494174,-0.920740192287609,-0.7955863631413039,-0.31201601363641873
0,0.8158733908863075,0.674633210970786,-1.032324355196784,-0.9377720414290136,-0.751883618263461,-0.19145505582338393
0,0.6865849596547533,0.7877040464738261,-0.8761101053420336,-0.7825929714739939,-0.5651091750196033,-0.06612866302527964
0,1.1350274487774497,1.5770631233005565,-1.3523984911616898,-0.9548038905704183,-0.32401664902653327,-0.43729588018234916
0,1.2685052165933755,1.2930251144755998,-1.1785843838229058,-0.8623452809456501,-0.16258622104646692,-0.16133783659504206
0,0.7186930137685485,0.26063369515257084,-0.5839686063784094,-0.7258201410026449,-0.02388940177857393,0.0001231786739623152
0,0.883942465607556,0.9889167143768729,-0.8295412299682023,-0.7788081161092371,0.20742683948230298,0.8234573918644712
0,0.596254300747937,0.6838925549804836,-0.6510851291886383,-0.6841867319903226,0.4397555623993317,1.5725717201066698
1,-0.5902453256039072,-0.9137004153081306,0.7787791739173416,0.002764516712998481,0.883911272539409,1.675449157765453
1,-0.6129350171776574,-1.486533293754238,1.24833418689843,0.6745763439572934,1.3028802044783099,1.1837977917779097
1,-0.9854801821951725,-1.5526969030103472,1.473868044685706,1.144979796434183,2.0814163415045956,-0.18866805318557725
1,-1.0322662039038453,-1.5102158467021187,1.340689997574515,1.3842367248491538,1.7727089367334368,0.5554722968087816
1,-1.3584840337000246,-0.7055432393978105,0.8172245607698022,1.1968863842937025,1.2692288094563993,1.9869766872988788
1,-1.1469989839371522,-0.8250243899844872,0.8393795294644416,0.8070462817237739,0.46102270531809086,3.328898368859517
1,-1.2506009718776672,-0.9867067815384396,0.5481068528025673,0.4096364684243323,0.19837410817030127,3.021378062975411
1,-1.1857427025677978,-1.0639866911578397,0.8898146640810616,0.5439988338731909,-0.15939484139361096,2.3335685945001474
1,-1.2257707433629967,-0.3834249064450572,0.4650908818703033,0.1371268821618571,-0.5082861118204105,1.7842120616763446
1,-0.5463643183150524,-0.33321077162323526,0.3497981624280032,-0.20540252834861367,-0.6004994100648847,1.1568638443079335
1,-0.6283468831522806,-0.32733464946323426,0.06708338543837257,-0.18837067920720899,-0.7459486925291844,0.6419290915223211
0,-1.2822150559281693,0.8629704596887509,-0.6710680421289014,-0.43904456144224185,-0.7966579904204714,0.06361283335761406
0,-0.5163968011421773,1.483935490279944,-1.1132985937199367,-0.7542065562383194,-0.9145516921947343,0.035576668333734525
0,-0.028568432306554273,-0.22690637981959036,0.08037636665515474,-0.4722348315639528,-0.8909271914780539,0.0068947126034732825
0,1.2152975840619422,1.9068382214920974,-0.9629054532869157,-0.7447444178264278,-0.8440978577994849,0.0420938141816041
0,0.6555471740114125,0.6897686771404847,-0.4401785154386914,-0.6028123416480555,-0.7225917452317101,-0.06955212615364965
0,1.294925558264158,0.8446846249950423,-0.7268464339012887,-0.7844853991563719,-0.6303955538255857,0.032233007455984376
0,1.7781059040280702,1.136964467498962,-1.0900575971481083,-0.7487996200029524,-0.4538069414515126,-0.060435718757484276
0,0.5249744206153072,-0.4498428932838505,0.28485369537214883,-0.1391675594653731,0.11806695095036483,-0.6189526390100193
0,1.3674897605613388,0.44617670396228337,-0.650476953577413,-0.5744259264123811,0.2130532091904424,-0.23473044973857818
0,0.6767384897265171,0.02683525890770327,-0.28730923144568055,-0.4873742530229794,0.5055799109683137,-0.8206599467539913
0,0.49714744038334996,-0.039404663623211024,-0.18235549739421272,-0.5081909575291411,-0.24696205768996354,-0.3977826452547375
0,0.5448814141658606,0.15984929689316893,-0.41081232163952375,-0.5630713603181119,-0.5562086183144164,-1.0765421931159516
0,0.9176100537783108,1.0835451751353216,-1.0156802022446763,-0.789351641768202,-1.2511826625283244,-0.39901519277259867
0,0.7475902624709669,0.27665948286166275,-0.9195512204295608,-0.7258201410026449,-1.0871029903341543,-0.5922487275346963
0,0.37727737169184067,0.39115483282773306,-0.5625086955251695,-0.6482306060251346,-0.955873091248005,-0.5155864885159291
0,0.6463428651654598,0.5161559769586518,-0.805996145590764,-0.8090869590272896,-0.8744147978711241,-0.33687641916469463
0,0.7743469742324651,0.4760915076859217,-1.0444444263062047,-0.9339871860642568,-0.932040682164237,-0.18355892888703915
0,1.0849388843599268,0.9905192931477822,-1.3084795238081988,-1.0399631362774415,-0.9137670492765944,-0.05880167215663018
0,1.1313885359778837,0.8680110493271654,-1.2664719655185592,-0.9150629092404746,-0.7382180839509177,-0.22081707687850105
0,1.1735571137140053,0.9550844958799,-1.587458364900302,-1.0286085701831724,-0.43117854755615936,-0.35299432456619456
0,0.7529416048232661,0.4808992439986491,-1.0252868945526041,-1.1137678158901951,-0.2239502100225467,-0.6515734702318396
0,0.047940473781748906,-0.10083684984139794,0.271449008430854,-0.01886322822846779,0.777034879616016,-2.174251928279522
0,-0.2220729717657034,0.160027361201047,0.2789891448353323,0.02168879353678186,0.9888615293430967,-2.1694659381962946
1,-0.03434788204703795,-0.34656559471414516,0.6741295276714855,0.14091173752661387,1.7537394197292004,-2.4891917684380394
1,-0.6884959711921297,-1.4888481297566625,1.4042877900626556,0.9811496285025767,1.9762047187767153,-1.718997663453372
1,-0.8642340540416433,-1.4354288373930213,1.483394060637044,1.3180017559659132,2.164321554126887,-1.0676642259106601
1,-0.8723680944171394,-1.8887805652524523,1.7582894369109192,1.5602324993103347,2.136940439210253,-0.6029980199387304
1,-0.7689801601707121,-1.706849718116853,1.414105482072435,1.6721560793824228,1.6110783101681367,0.8188424470681115
1,-1.0076500290832717,-1.2644871018293715,1.3828278792094157,1.639714461970223,1.5405400116497678,1.0529326727681438
1,-1.178036769580486,-1.9074773175797264,1.56762638279176,1.906546765185562,2.367141097539371,-0.36538151137991187
1,-1.8452421340651888,-0.9856383956911668,0.8204392032862804,1.9727817340688034,2.297668008527234,-0.6056013229798952
1,-1.6059301040703569,-1.5191190620960588,1.269880979981846,2.0465864136815575,2.1245692247778054,-1.1051150673576597
1,-1.7752465760971101,-1.1612098032596656,0.9158793331335787,1.8043556703371348,1.1140369715128706,-0.3942985458151043
1,-1.223630206422079,-1.4154856349105953,1.3807427056852137,1.8403117963023228,0.6732671478710948,-0.7472378419124799
1,-1.4015088262125126,-0.9341778107141927,1.0218322128320596,1.639714461970223,0.31414089412917,-0.8024685356390058
1,-1.4201314975985149,-0.5869524103505285,0.5514952597793958,1.3615275926606143,-0.43858184833092184,-0.016384262722563894
1,-1.1323363058918463,-0.4320364624959704,0.7684619090840539,0.9915579807556568,-0.9479268112553212,0.38744617341743776
1,-0.7368721060569147,-0.6795458504475054,0.8076675154505474,0.6651142055454017,-0.8712122641735123,-0.0575809435503315
1,-0.6373371383041456,-0.890908183899644,0.9005011783925945,0.6518672117687538,-0.8125380748175617,-0.1609558653090531
1,0.09023136791449607,0.21985696864832463,0.25179500679053907,0.11820260533807433,-0.7110809179823803,-0.24287871108281087
1,-0.30983498634341294,-1.33304186036271,1.374791272918223,0.7408113128405333,-0.42566661520612153,-0.7058166327508816
1,0.15508963722436542,-0.20553866287413358,0.7480228644353714,0.4588395881661676,-0.30311488615918103,-0.6688663424749706
1,0.5717604423239823,-0.37556463914012156,0.4639552070044411,0.171731274068204,0.07190902968195649,-1.1866367737151118
1,0.6769525434206138,-0.38484942090808794,0.431250253217118,0.16362086971515344,0.11409688144437458,-0.6103846732785645
0,1.4105145530738268,1.0802637043186982,-0.3309241109935582,-0.30191634014990676,0.1591201846745104,-0.11907744459771538
0,1.5432278434108546,0.5446462662192604,-0.5702846551258376,-0.5895653478714077,0.0676358724227043,0.11763661992650448
0,1.2506164435871185,0.038943631843461446,-0.3343994002005609,-0.7068958641788616,-0.48921837155589853,0.12112403738459179
0,1.136311770942003,0.06636553525679684,-0.537356289889491,-0.7220352856378882,-0.8003035438668769,-0.5537456690807303
0,0.8511005131140176,0.4062648612391625,-0.6856828744190644,-0.789351641768202,-1.2603894445888857,-0.3794315766349938
0,1.096497783840894,0.5045817969465303,-0.798350509335359,-0.8772143555929085,-1.202664538952231,-0.3446788589804356
0,0.5384598033431001,0.012946242893157269,-0.5846636642198089,-0.7560989839206975,-1.0083892543625308,-0.4031828317901892
0,0.7966085584180286,0.4203573793198568,-0.8614270084424488,-0.8696446448633955,-0.9064629814561578,-0.26833979952802645
0,1.076162682902154,1.0637037236859692,-1.123072844614629,-0.9718357397118236,-0.8727733276996894,-0.3105001345075934
0,1.2994206858400903,1.006545080856874,-1.3630850054732209,-1.125122381984465,-0.9193258549224255,-0.04695045560403806
0,1.2953536656523423,0.9926560648423276,-1.346316735049434,-0.9945448719003624,-0.802417206173385,-0.08314623407973463
0,0.5206933467334669,0.17783379198892763,-0.3819674212214033,-0.5838880648242728,-0.42058337396180545,-0.37594778130465156
0,0.4453464464130891,0.09895130359861763,-0.5640725756683224,-0.7844853991563719,-0.3700715291398606,-0.338689696537962
0,1.2753855139034773,1.7428918694522586,-1.4159590484083258,-0.9231733135935236,-0.3364682435358568,0.21116539359542538
0,1.2238597318256181,0.8135233711162517,-1.3252912353470727,-1.0475328470069545,-0.16988431760206937,0.31304631415103246
0,0.32654664619204105,-0.09068718429230661,0.0133901671901873,-0.4268165671868743,0.5107048825296046,0.17370740548785626
1,-0.26081669039635347,-0.41191519570566576,0.7644870470535446,0.01222665512489017,1.4016238466010615,-0.4880952830281082
1,-0.8438989531029054,-1.5119964897809066,1.5685386462085988,0.948978357902146,2.164327793949142,-1.0676741215403285
1,-0.7805390596516796,-1.388241795805139,1.452811515615422,1.117404421633814,2.2367823300444787,-0.8168111936709683
1,-1.3703181450733959,-1.4401348226726756,1.464466146206049,1.4977823857918515,2.289468771859125,-0.6342507980168497
1,-1.1050444598951208,-0.2860237300353524,1.184736394410289,1.3936988632610454,1.67236075250466,0.7707315049479153
1,-1.4811368004147307,-1.3743527797905926,1.6254899480883458,1.3785594418020188,1.0703184971233461,2.4129827509903348
1,-1.7292250318673352,-0.6284413940862893,1.0755254310802447,1.3558503096134786,0.6176593067835748,2.9934747432223974
1,-1.6883407762957696,-1.8093638839385067,1.7223201936184467,1.2896153407302386,0.9112110107576246,1.494187067916768
1,-1.5671863854397068,-1.9379263142270018,2.0147657803876844,1.5318460840746608,1.0331638462941657,-0.22123961946589552
1,-2.328147267936695,-0.6523020113420486,0.6246935387018785,1.4012685739905584,0.7135520964502354,-0.8331387550397187
1,-1.3447845972781416,-0.9564358491990431,0.9293026376956259,1.3180017559659132,0.12631622733638645,-0.40013925714065773
1,-1.3796753494151315,-0.9651610002851047,0.9702241681080763,1.2479819317179164,-0.7488590298972871,0.6482305264994916
1,-1.3924115442136027,-0.5780491949565884,1.0734185369984983,0.8165084201356649,-0.6747763600578781,-0.19769766304655187
1,-0.7325910321750767,-1.4478933389445376,1.6121969668715654,0.9584404963140377,-0.5005065336907496,-0.8518620786551867
1,-0.5185373380830952,-0.753086409601451,0.9063657289294109,0.6972854761458329,-0.4470800011566413,-0.9438738373713301
1,-0.034775989435222435,0.43495865256591837,-0.09408315153635746,0.08035405169050883,-0.4768534324135494,-0.744561826364066
0,0.7090605975344068,1.1847874530435547,-0.5092498884278609,-0.3094860508794204,-0.7672176377646267,0.0261463970356205
0,0.9224721305441138,0.5182927486531977,-0.49500120267915104,-0.4495256993754132,-0.404326353292251,-0.45201573596463784
0,1.0598028648536952,1.0392834757483047,-0.6333673601065115,-0.4852114785288331,-0.4400301680904086,-0.08986127257914127
0,1.2420542958234404,0.39329160452227846,-0.4482151217298842,-0.3094860508794204,-0.16901347357054616,-0.0038539328850231472
0,1.0586102799866128,0.09093840974407218,-0.2893509638547955,-0.47223483156395374,-0.33532002465212707,0.940239328771915
0,0.7221178728740199,0.3270516819913642,-0.4807959580455301,-0.63119875688373,-0.3381534573185047,0.9869046819517437
0,0.7368875777663663,0.24549822898287313,-0.603082697016921,-0.7920551098858852,-0.7318409534926906,0.6411079902556883
0,1.2718077593022254,1.4744980819623663,-1.0675116584176811,-0.8582900787691251,-1.0472974167009144,-0.024307291187113316
0,1.1451185514989284,0.6176526324495698,-0.9168206360526306,-0.8582900787691258,-1.2409717924513752,-0.4210166675798551
0,0.6170175090748546,-0.0073530882050268104,-0.8528691087702069,-0.7258201410026449,-1.1883939274894972,-0.3752925886334108
0,0.7702799540447148,0.5578230250022918,-0.7333626011644175,-0.869644644863395,-1.128210400405273,-0.14656971152353684
0,0.8197263573799634,0.8167285286580703,-1.1264178104763687,-0.9453417521585272,-0.9660550189540069,-0.14051051027695288
0,1.1992435570050446,1.421612982522362,-1.426943444651888,-1.293548445716133,-0.968794053321014,-0.10464754280556232
0,0.8409176730950679,0.8179749788132225,-1.1519611861478347,-1.2216361937857583,-0.9321190087834451,-0.01949639846738343
0,0.6972876443593472,1.1685836010265829,-0.8418785066530624,-0.7485292731911846,-0.9190570643236584,0.16680474618925534
0,0.8631792572806336,0.8482459111526189,-0.6767153870902805,-0.6311987568837306,-0.27881077741566745,-0.6793413552578843
0,0.29764939748962266,0.2848504410240877,-0.5232813686011315,-0.5971350586009206,-0.23304967022806325,-0.6320672163502745
0,0.6070793018491588,0.7134257923300966,-0.6996460899829113,-0.7771860352386274,-0.06925390825374053,-0.3612478196554392
0,0.941308855624206,2.1988636864133344,-1.0605176388885902,-0.905600770828583,-0.5082219195642835,1.0378205048129638
0,0.4479150907421937,0.8388085028350423,-0.38214118568175365,-0.5573940772709765,0.5299388530712548,0.13260398411275184
1,-0.5506453921968927,-1.1401982149299674,0.9599720649474202,0.5761701044736215,1.887924521328281,-1.5297845434621677
1,-0.7400829114682961,-1.4461126958657498,1.3409072031499523,0.8922055274307972,2.1643388087944855,-1.067631235399067
1,-1.1022617618719261,-1.7552323343433505,1.5001188899457416,1.4126231400848281,2.23678615770947,-0.8167482311542864
1,-0.8643869495374238,-1.3951099905376068,1.388413165434957,1.6681008772058976,1.7848793875563103,0.4466632266822255
1,-0.9937365389672921,-1.4763836282051461,0.8491537803591358,1.5545552162632004,1.4728523084581224,1.1978722808855036
1,-1.1433600711375864,-1.4470030174051434,1.1797841072903112,1.6908100093944372,1.2609587837628111,2.00451077245439
1,-1.6397505877368879,-1.294758034168768,0.8273028994701099,1.6586387387940065,1.1746704092308882,1.8000705331890638
1,-2.367961255037804,-0.5192879733565834,0.041583450881993556,1.3558503096134793,0.8613685902699154,1.6014077943000595
1,-1.388665604566994,-1.3615321496233181,1.260584581353112,1.5148142349332556,0.24453365990881704,1.4682416465014947
1,-1.6346132990786786,-1.1334317712305726,0.8131410959515761,1.1931015289289457,0.3356538722016451,-0.023811015458829264
1,-1.7761027908734792,-0.3812881347505118,0.3904156050348419,0.854356973783231,-0.009870921467429449,-0.1081206144645517
1,-1.1960172798842117,0.039655889074977524,0.6902896224840452,0.742703740522912,-0.38533518420269436,-0.13037160103395867
1,-1.1842443267091567,-0.6052040019081056,0.6758237311598998,0.47587143730757225,-0.8296053825787145,0.13392064762594083
1,-1.1210984869520184,0.5829300924132027,0.45318801633632,0.229855838598394,-0.8747539648302284,-0.04973002175928508
0,-0.6636657426774594,0.5508785169950186,-0.05020762529795346,-0.22243437749001832,-0.842534293365086,-0.09649158370226756
0,-0.2505421130799373,2.1664559823793925,-1.1818486733280553,-0.6539078890722695,-0.932631457046548,0.23214322389019093
0,0.5560122062586433,0.2615240166919645,-0.006853392440600431,-0.41356957341022643,-0.31156484239073906,-0.9501906885387782
1,-0.3849678329697008,-1.2205052177833071,1.2687949521046569,0.7597355896643161,-0.13917144896312228,-1.0201586957925703
1,0.43277843665997456,-0.07298250453749963,0.4620934449292625,0.2974425415404757,-0.02803235770457537,-0.9724584838842059
0,0.8910062375125931,0.2000918304737776,0.3524046293332544,-0.10131900581780759,-0.45738614088490587,0.6138573912128956
0,0.9089867478163186,0.3414748909295463,-0.09321432923460585,-0.3530118875741208,-0.4811139474818067,1.2523593032732192
0,1.2538272489984976,0.8249194868204948,-0.5997377311551796,-0.5857804925066509,-0.22079015388181916,0.7356173733327175
0,1.7825398734056888,1.3690840116981164,-1.0498745656921444,-0.7731308330621022,-0.4595638687624218,0.05781517578004138
0,0.709916812310778,-0.17295289453231277,-0.16424055240271415,-0.5573940772709765,-0.6815347484956449,-0.8080338843913208
0,0.3304913499831656,-0.12373083228295864,-0.2975054817440813,-0.5825363307654313,-1.1554494899958767,-0.604163348516859
0,1.0012438899699607,0.6114203816738109,-0.9112974085629306,-0.7731308330621022,-1.1405668049138966,-0.47767012168067563
0,0.9597174733161205,0.33025683953318224,-0.9265017988435664,-0.8242263804863165,-1.052254432478891,-0.30931537785702257
0,0.19297714107864655,0.21843245418529483,-0.31406895833959714,-0.6047047693304343,-0.7156680661816067,-0.6768402176020979
0,0.4650393862695525,0.6007365232010828,-0.6258892824378728,-0.63119875688373,-0.6647911820662484,-0.7558457529647521
0,0.6874411744311201,0.8756678145659538,-0.7619034137769226,-0.7447444178264278,-0.6509504284159543,-0.6217735723191424
0,0.5992510524652215,0.5994900730459316,-0.5323171205393391,-0.6539078890722695,-0.7358662094524359,-0.22572636402322122
0,0.7486605309414258,0.7788008310798855,-0.8515658753175804,-0.7542065562383194,-0.5508945326522477,-0.0966060633967935
0,0.2019673962305093,0.2693588462386324,0.00439785636707054,-0.3757210197626603,-0.46187765123659763,-0.14181894497630476
0,0.5933187072289595,0.4276325781846188,-0.5158901731626688,-0.7041923960611787,-0.4978039637903491,0.5566854063762
0,0.4222286474511567,0.6710719248132103,-0.5759320000872167,-0.7447444178264278,-0.45559925677190355,0.9249433699011538
0,0.025373098604624444,0.10055388236952692,0.11699722667393966,-0.30191634014990676,0.5062819054054819,0.18333268772849748
1,-0.8734383628876006,-0.8168334318220624,1.0971591063938333,0.37935762550627916,1.246962866412214,-0.1566448762706262
1,-0.880288081098541,-1.2226419894778526,1.0528926101196414,0.7597355896643166,1.6125269837661327,0.11464296976666993
1,-0.8383335570565118,-0.47957963269961035,0.4078789333000281,0.6859309100515625,0.985772590357949,1.8634524394204222
1,-1.0354770093152268,-0.787274756714181,0.6786163742726714,0.4799266394840976,0.6645722907918856,2.84685014574093
1,-0.7529261331138146,-0.7294038566535703,-0.2160223615870477,0.002764516712998481,0.5947212289376248,3.0792049306308513
1,-1.0309818817392964,-1.6483937496160692,1.0708337906507917,0.4645168712133025,2.1478897714965197,0.10432905144331117
1,-1.8028595026349752,-1.1986033079142142,1.241818019635301,1.4429019830028806,2.297677074858985,-0.6056774813598422
1,-1.585595003131619,-1.1077905108960255,1.323313551539503,1.3558503096134793,2.1424071654733883,-1.1433125415020189
1,-1.7135991121986198,-1.2397361630342176,1.164927245930376,1.4126231400848281,1.080852882786338,-0.32327416649710383
1,-1.6491689502769373,-0.6640542556620497,0.8568428577296279,1.1022650001747873,-0.14965769396492193,1.0160155607336556
1,-1.290200905284684,-0.6047588411384086,0.7555381773455132,0.8354326969594477,-0.12476906712999626,0.1379057172035633
1,-0.9327312361510762,-1.1478549801687556,1.2416876962900378,0.9073449488898231,-0.41417852749442524,-0.0688635771335986
1,-1.4422613564338704,-0.5415460118414338,0.40540278974003835,0.6047020910694798,-0.4611357575606134,-0.6553371138475992
1,-1.0033689552014315,-0.8237779398293356,1.0624496554388982,0.6935006207810761,-0.3755649741702478,-1.119403422982754
1,-1.244179361054909,-1.4373875447796882,1.4788761846679392,1.3842367248491538,0.33831831130809936,-2.626418887960875
1,-0.6007339566144156,-0.7424025511287231,1.2918621842161313,1.5072445242037427,0.4869635458028621,-2.809471922399613
1,-0.2327756564703018,-0.3670429901202073,0.8576247978012035,1.3274638943778048,0.353889591814668,-2.375690345104772
1,-0.6251360777409015,-1.1825775202051223,1.1773079637303234,1.4693959705561763,-0.23910875012068042,-0.8059441436020927
1,-0.06718983454057632,-0.5197967285219517,0.8870406385890443,1.2341942443177316,-0.27377307936732354,-0.4460123183688447
1,-0.052970553433040156,-0.6635200627384136,1.3737052450410356,1.0246754651972771,-0.4776525993422426,0.6572132370614064
1,-0.22571188456526695,-0.49827638502688465,1.2115830035343798,0.7994765709942603,-0.4226072984012317,1.127203263572653
1,-0.12596286311840785,-0.6031562623674993,1.1130585545158684,0.43234560061287125,-0.5007108006268132,1.3352829655099703
1,-0.3569267990436536,-0.7169393551020541,1.1549792305753317,0.49479571413135504,-0.6739213465780195,0.517056618066018
1,-0.4286347865644633,-0.421352604023242,0.9789558322406703,0.3566484933177396,-0.9442055196452981,-0.2451345668056843
0,0.07408560356012973,0.24791481601837073,0.2515281542264304,-0.16890570875988928,-1.2101415754362352,-0.48687950177266764
0,0.3762071032213772,0.6835364263647266,-0.21341589468179656,-0.470342403881575,-1.224385570512346,-0.2978917640409341
0,0.5609354412227581,0.5118824335695605,-0.45329773219512515,-0.5914577755537863,-1.0569150048138343,-0.2991246613913782
0,0.08894704574994262,-0.13520326126200705,-0.13639479763160856,-0.5479319388590853,-0.8625864943983156,-0.36220905353027005
0,0.46289884932863007,0.5544398031525951,-0.3739308149302105,-0.7068958641788616,-0.8182992359822383,-0.42699932728968865
0,0.4768123394446121,0.6475674361732082,-0.9134694643173069,-0.7390671347792929,-0.8371757006118349,-0.2228112741565875
0,0.6262218179208142,0.8177969145053435,-0.7083405188740005,-0.7296049963674017,-0.6176367308440678,-0.4788585555291818
0,0.597752676606578,0.6764138540495743,-0.8391851575176351,-0.7825929714739939,-0.44242452653469033,-0.3287819417496677
0,0.5879062066783486,0.8388085028350423,-0.6942655975856428,-0.7731308330621022,-0.45917344551020195,-0.14773471595002344
0,1.364370692447424,2.531971130938036,-1.5714161816858372,-1.0286085701831718,-0.6212186588754539,0.8213967591241838
0,1.3865405393355277,1.8507479645102753,-1.6146090618300082,-0.9623736012999319,-0.5600681171939211,1.1490708634365054
0,0.4588318291408866,-0.21942767888868053,-0.20151302914781324,-0.4949439637524933,0.17001188012629284,0.903651302009225
0,-0.08700509079366323,-0.1733090231480708,0.1504034441762501,-0.2300040882195313,0.49272567727831307,1.4591270163325218
0,0.2916558940550467,0.8998845604374711,-1.7368958008013982,-0.6879715873550788,0.7173397654646775,2.0325483146419465
1,-0.3926737659570146,-0.6526581399578066,0.7009761367955781,0.22039370018650295,0.6228880523096051,2.6406535154322426
1,-0.8721846198221996,-1.5057642390051484,1.5071935858314227,0.767845994017366,1.4038627904295644,1.2628148673349162
1,-1.1382227824793771,-0.9413003830293449,1.0828669795300363,0.854356973783231,2.173400594556179,-0.3027701094808719
1,-1.1395071046439307,-1.6580092222415246,1.5723180232212133,1.2252727995293768,2.363536271823406,-0.35759460116009373
1,-1.6157765739985863,-1.000951926168744,0.5864653574248536,1.0795558679862478,1.479136798684165,1.1478890387875245
1,-1.863864805451191,-0.5219589379747653,0.36174446907707364,0.84489483537134,0.8873573053172815,1.5456388207897165
1,-1.6256230439268158,-1.1206111410632988,0.8319510987844759,1.0833407233510046,0.1708833756633697,1.626173557194023
1,-1.648312735500566,-0.52872538167416,0.31643538604078175,0.5193972740022733,-0.03778474775405676,0.7763618482914044
1,-2.000859169670057,0.2641949813101465,-0.535314557480378,0.02168879353678186,-0.6503789320786232,1.264155347682585
0,-1.3841704769910639,0.882612322573228,-1.0153823203126469,-0.39275286890406497,-0.8068725975768447,0.7728741043755714
0,-0.10808937966172277,1.0325424698071788,-0.7754353211266886,-0.6927026565610244,-1.0026019903410486,0.5045740529992306
0,-0.03798679484659921,2.7838049377952,-1.5967982046441214,-0.63119875688373,-0.5046189948945813,-0.8425411682308682
1,-0.700268924367187,-0.5436827835359792,0.8181368241866409,0.26013468151644653,-0.1945562779987813,-1.4848139099025783
0,0.07867246843352872,0.5079650187962274,-0.158028472945197,-0.24135865431380107,0.12522000643576092,-2.0344363958036555
0,0.7465199940005057,-0.1676109652959493,-0.15411877258731935,-0.35679674293887753,-0.07254379239736604,-1.4623252922764591
1,-0.10305911785056081,-1.1061879321251158,1.0959861962864699,0.7937992879471261,-0.07584666643521498,-1.1559364545193263
1,0.47864708539397127,0.09566983278199466,0.6145717588864856,0.5285890656023958,-0.24631880534565612,-0.5048645303932555
0,0.6694606641273922,0.8963232742798954,0.3769488593577075,0.07846162400813074,-0.38381260540468215,0.4563797079126803
0,1.023933581543711,0.542865623140472,0.030462525419585787,-0.290561774055637,-0.27753570239736175,0.8163711244310334
0,0.57527703872692,-0.3111307974462634,0.008611644530559875,-0.4154620010926045,-0.2329098132686378,0.7613863667868946
0,1.053687045022496,0.32473684598893926,-0.5435683693470083,-0.6406608952956216,-0.5126162507717669,0.1712076319481452
0,0.813304746557203,0.2538672514531762,-0.4875727719991835,-0.7617762669678324,-1.0079225629489557,-0.10886784545579067
0,0.6359765505515772,0.15710201900018111,-0.599762554649518,-0.8096276526508268,-1.2610063542812835,-0.3780739191876703
0,0.4757420709741509,0.4110980353101591,-0.924764154240065,-0.8488279403572341,-1.1901168505919164,-0.3715001512868447
0,0.7869761421838891,0.6854951337513929,-0.994139615034848,-0.9377720414290136,-1.081567140010248,-0.24643021031453385
0,1.1181172069441807,0.9581115891138394,-1.1763750928270265,-1.055102557736468,-1.0144799937046418,-0.0368426727572738
0,1.1960327515936655,0.7378460402677612,-1.2099550747896854,-1.3787076914231564,-1.0443813789366159,0.05706205327782047
0,1.020080615050055,0.6678667672713918,-0.9769369334601863,-1.068349551513116,-0.481846982436495,-0.9841175943073754
0,0.39418761352510495,0.3199291096762119,-0.3677621765877824,-0.6387684676132436,-0.3686748178255781,-1.0123234546751378
0,0.45540697003541303,0.30693041520105957,-0.7116854847357401,-0.7258201410026449,-0.25761695441489274,-0.7250298983377568
0,1.2763028868781556,1.4264207188350897,-1.1935343332865993,-0.920740192287609,-0.69823249027441,0.36443429557794804
0,0.7786280481143032,0.7138073587041229,-0.7130507769242062,-0.8704556852987003,-0.6276857315269164,0.8349694520984123
0,0.8685305996329351,0.9301554927768675,-1.3782893957538567,-0.9907600165356063,-0.5264036357332137,1.0765446998728656
0,1.0040265879931598,1.7100771612860222,-1.394753578372028,-0.920740192287609,-0.259376916586382,1.8236995663027347
0,0.42501134547435354,0.5019108323283478,-0.7561257454702803,-0.49115910838773613,0.3909947413484998,1.6771411631621382
1,-0.5410129759627532,-1.414061120447565,1.1547620249998942,0.65565206713351,1.5000188225580657,0.35541741510636043
1,-0.7965930867085771,-1.2883477190851307,1.57570643019804,1.3558503096134793,2.2367817084516917,-0.8168268489678975
1,-0.9249335658662982,-1.0551343512804368,0.9899029932427259,1.6032176423814988,2.109064296087056,-0.24772926429111408
1,-0.969120364146714,-1.4452223743263557,1.2742250914905966,1.6302523235583313,1.9083496478889692,0.2649924251206225
1,-0.9988738276254967,-1.643051820379705,1.5840471242948444,1.6510690280644928,2.2941927322423807,-0.20909270190623272
1,-1.2835652407678313,-1.7028814278269828,1.5924747006218267,1.9197937589622107,2.2976749962146723,-0.6058905239633905
1,-1.9034647388582078,-0.9991712830899557,0.8022373760646058,1.7532601229129208,2.071573211703331,-0.991415354537109
1,-1.2685814821813926,-0.9566139135069222,1.3991182973672405,1.730550990724382,0.7220009880084153,0.4454633565114947
1,-1.5126026934462513,-1.0059377267893506,0.8204392032862804,1.4429019830028806,-0.2508733296728808,1.2327055448217172
1,-1.41328177938757,-1.2146290956233066,0.8521946584152637,1.1666075413756498,-0.5250292926465628,0.9952508344327861
1,-1.3122484357761575,-0.6585342621178072,0.7302988894796606,0.9300540810783627,-0.6129232098216885,0.3570887851444523
1,-1.082033687780231,-0.0015659981989657782,0.7442434874227569,0.6935006207810761,-0.7589971616566691,-0.017251907793292595
1,-1.1029039229542006,1.3005292531647754,-0.09264959473846775,0.21093156177461062,-0.8424567740866316,-0.11876545078298084
0,0.08509407925628684,0.607502966900478,-0.15485727154380777,-0.25082079272569274,-1.0303053931941495,0.30560977200160533
0,0.7105589733930524,0.7971414547914027,-0.40025613067325405,-0.44952569937541387,-0.8440061158305414,0.04183278577450641
0,0.9980330845585815,0.9159103481465629,-0.5107703274559249,-0.5271152343529238,-0.768074410989271,0.027851915186801118
0,1.2698812760553975,0.5097456618750157,-0.39295802333854785,-0.48358939765822284,-0.5717984999160942,-0.09336532755974003
0,0.994669383651422,-0.03673369900502905,0.22313628257994095,0.04196480441940637,-0.36324312131295755,-0.2544638586941255
1,0.6116661667225578,-1.032113180047534,0.7813856408225929,0.4664092988956806,0.006023201854167316,-0.37893238282946184
0,0.9565066679047391,-0.13662777572503731,0.5430242423373263,0.25445739846931165,0.14977565310584492,-0.09905954636361052
0,0.49350852758378644,-0.4275848547990001,0.7399862581441786,0.03115093194867292,-0.11703251970667836,0.513129893395488
0,1.1682057713617038,0.5437559446798662,-0.1593317063978235,-0.46088026546968364,-0.5883883718193231,0.3336814220772343
0,0.17628095293947224,-0.5965678829759836,0.20900550842932597,-0.39275286890406497,-0.9878174083057354,-0.1518571402619877
0,0.68413863172227,0.6428360131352862,-0.40316047951053274,-0.45682506329315864,-1.1888404232602323,-0.5325932786582125
0,0.5281852260266862,0.5998462016616897,-0.6382700002378181,-0.6595851721194044,-1.0901049555910651,-0.585721687789941
0,0.23664409467340908,0.17747766337317056,0.14058575216646882,-0.27352992491423234,-0.8985203429845849,-0.6383678824761879
0,0.30813802850013106,0.1607396184325626,-0.3742783438509112,-0.5441470834943285,-0.7477684834597218,-0.6082145656285084
0,0.6833741542433697,0.5490978739162307,-0.5761492056626542,-0.7636686946502105,-0.8110837384864624,-0.44257648353417567
0,0.596254300747937,0.2180763255695368,-0.37106370133443484,-0.5744259264123811,-0.5417159692042599,-0.8558761126894932
0,-0.21415298508429959,-0.08356461197715388,0.22234193076119713,-0.10510386118256376,-0.2992050993136807,-1.1611693009860928
0,0.028369850321911264,0.6247752047647211,0.028116705204859194,-0.2337889435842881,-0.06702358856238382,-1.1330669362028751
0,0.08958920683221935,0.28324786225317794,0.10070680851611671,-0.17133883006580433,-0.1086998501003861,-0.8984866447443011
1,-0.35386888912805275,-0.38815632948297973,0.6635361014637129,0.4069330003066488,0.5943061486748128,-1.7827112464204866
1,-0.6566019707724222,-1.2627064587505832,1.4464691128126435,0.9868269115497116,0.9786766088219125,-2.147693210018059
1,-0.567341580336067,-0.3828907135214211,1.0252206198088862,0.58941709825027,0.977428850998125,-0.82619545193505
1,-0.47058931060649245,0.3776219454289437,0.525039620691091,0.15983601435039663,0.6883717027643007,1.0400975026066215
1,-1.1478551987135166,-1.1959323432960323,1.3248339905675668,0.8354326969594477,0.9101737294751155,1.6192532113458684
1,-0.7548526163606425,-0.6371665451723508,0.9715274015607028,0.8676039675598789,1.3509268319608847,1.0811052185058885
1,-1.2680310583965846,-1.6442728327765883,1.60139874683552,1.6883768880885226,2.105643646194768,-0.24045509596590195
1,-1.819983798162334,-2.249182724399148,2.0589888355467854,2.2263670435074947,2.3042151618765163,-0.5831858278151634
1,-1.3957293764720289,-0.7830012133250898,1.4552876591754118,2.150669936212363,2.367186911070843,-0.3651738313678697
1,-1.7236596358209415,-2.0248216964718573,1.741825254292746,2.2377216096017642,2.2976776775912793,-0.6058148414221334
1,-2.0094213174337394,-2.2758923705809684,1.9762335113050475,2.4061476733334324,2.142401248853838,-1.1433822142918695
1,-1.700755890553099,-2.378101283303401,2.1523872329849723,2.474275069899051,1.8829399054091902,-2.0418026585319047
1,-1.879490725119904,-1.3670521431675617,1.2929047709782333,2.0825425396467443,1.651521299183226,-2.8427981978060046
1,-1.6498111113592118,-2.510937256980988,2.1647679507849173,2.45345836539289,1.5043649859670685,-3.3525318334619247
1,-1.7155255954454478,-1.2183684460887614,1.1349528765199832,2.218797332777981,1.3568970847578867,-3.862872547519019
1,-1.2570225827004275,-0.8081973128899408,0.9268047735780917,1.8620747146496734,0.7722748824878041,-3.297752515421595
1,-1.2720063412868639,-1.1549775524839079,1.2787864085747846,1.8478815070318353,-0.7586063942725367,-0.2988004271530621
1,-0.9930943778850153,-0.6895174516887187,0.8614041748138197,1.6283598958759526,-0.7375545344540371,-0.3214910419239034
1,-0.3708402891596288,-0.37024814766202635,0.7530185926704362,1.4088382847200713,-0.8102626329446837,-0.030371464629364856
1,-0.49927250561481856,1.1224649452859736,-0.10090340660509795,1.0814482956686267,-0.783496808550151,0.06131395654548164
1,-0.2192902737425088,-0.7434709369759958,0.6977180531640147,1.0379224589739255,-0.21663662299112957,-0.8540966888028363
1,-0.2506644294765608,-1.1009223161635573,0.9415902673918128,1.5221135988510006,0.4784465531151152,-2.057500445633442
1,0.034791461144671666,-0.8780875537323702,1.449292785293336,1.507244524203743,0.6318857746660164,-1.7198291327492783
1,-0.009303599838275346,0.37138969465318605,1.1202263385053095,1.276368346953591,0.24212775436536255,-0.2967676346646825
1,0.12790481807468268,-0.3944648935335432,1.066924090292914,1.0379224589739255,-0.3391867485088052,0.9892486087925033
1,-0.1022029030741964,-0.5264105456717352,1.1087144430071159,0.7597355896643166,-0.6570503673960315,0.48082521818464047
1,-0.38047270539376826,-0.4528699865177901,1.0232657696299474,0.49290328644897696,-0.9606399388507983,-0.2099420649653355
0,0.2882921931478872,0.24524385140018828,0.17594061397413394,-0.09591206958244056,-1.264480201320728,-0.3705576517517462
0,0.3077099211119443,0.16982089813438123,-0.0817893159665864,-0.41356957341022643,-1.1803754373964892,-0.3922685088672614
0,0.12811887176877493,-0.041007242394120305,-0.12384031537131478,-0.3530118875741208,-1.0867367773413914,-0.23529990859773672
0,0.3064255989473954,0.17890217783620033,-0.3867893849961197,-0.623629046154217,-0.9372184565504721,-0.2023271917869606
0,0.7047795236525688,0.6247752047647221,-0.7646836451425241,-0.7825929714739939,-0.9872720652362701,-0.06516201679661122
0,0.36636063329315005,0.31903878813681774,-0.3254505304925294,-0.5176530959410328,-0.7026835427919903,-0.5109289572628823
0,0.4468448222717325,0.7376679759598822,-0.4595966938828165,-0.5176530959410321,-0.6431586947196405,-0.42430610146500775
0,0.6009634820179593,0.5045817969465303,-0.6126397423361777,-0.6974337257669705,-0.4701732345270311,-0.2695326416176706
0,0.22765383952154633,0.3874154823622779,-0.10403116689140007,-0.30759362319704164,-0.4962031096737033,-0.06840832537881766
0,0.838715977955836,1.645210877701601,-0.8068835855132662,-0.6839163851785539,-0.4484185605026304,0.45110600051412203
0,0.9734169097380034,1.3236776131890216,-0.7905311086196037,-0.536577372764815,-0.0458922906333739,0.04743535415482408
0,0.3721400830336337,0.4472450898095556,-0.06727998352735194,-0.1486296978772648,0.6868147302719075,-0.2034286411328686
1,-0.554926466078733,-1.267336130755432,0.9816926224911847,1.0984801448100312,1.9762049813133327,-1.7189422403417798
1,-0.8931313027440617,-1.101558260120267,1.000111655288295,1.4788581089680681,2.0099164785922397,-0.7366615995337146
1,-0.8280589797400978,-0.7365264289687226,0.42886099188730425,1.3444957435192095,1.7973430032293778,0.1247978906892787
1,-0.7552195655505152,-1.8220827630727068,1.579988482970953,1.8668057838556187,1.8363009305346705,0.3363498124714864
1,-0.9669798272057938,-0.9128100937687369,0.6019738355111028,1.9141164759150757,1.8012970907634422,0.49448575896022334
1,-1.0014424719546036,-1.5260635701033316,1.2956415612287475,1.9349331804212373,2.291090905442336,-0.20235559871737943
1,-1.5674004391337968,-1.3236044520451336,1.5730130810626146,2.090112250376258,1.593977742229248,0.9017125252647815
1,-1.3233792278689425,-0.6083201272959847,1.3285264853500072,1.8762679222675103,1.4209240214475647,0.4023743865673499
1,-1.7502022938883475,-0.9149468654632823,0.8932030710578901,1.747582839865786,0.30691916892692933,1.334846808956014
1,-2.081557412342734,-0.5419021404571914,0.5363343106138472,1.389914007896288,-0.42538536903565694,1.6068434559882172
1,-1.482849229967464,-1.242229063344521,1.2064569519540536,1.2233803718469982,-0.17889939052704487,0.2536990809744433
1,-1.3083954692825017,-1.1510601377105742,1.1495490911893902,1.276368346953591,-0.13055470496835178,-0.676378685590032
1,-1.310865319598946,-0.5168909538274459,0.7041439965727295,1.0283147492018514,-0.2514112958267337,-1.104670921882649
1,-0.7978774088731305,0.904336168134441,0.7094905953527347,0.84489483537134,-0.800464969413717,-0.208915213641688
1,-0.5069784386021279,0.28004270471135984,0.5104434060216804,0.5723852491088653,-0.9755076859675083,0.18831764441230248
1,-0.5450799961505013,0.9584677177295966,-0.012066326251104592,0.12198746070283113,-0.7698897826431687,-0.11662024918281223
1,0.26489918229355075,0.5526591600738068,0.023989799271544092,0.06899948559623906,-0.41713071080475206,-0.723862902248831
1,0.33489474026162935,-0.18149998131049577,0.2740368577153546,0.2260709832336372,-0.10141105235531653,-1.1009751083570136
1,0.21169154976211751,-0.3511443912024574,0.5549953724807314,0.34204976548225,-0.0939626806757175,-0.8312352968587157
0,0.3066396526414877,1.816025424473911,-0.15238112798381984,-0.1391675594653731,-0.26457521476136586,0.20103510525709725
0,1.341803317270304,1.933903996289676,-0.8565181624375582,-0.5460395111767072,-0.4398135038858638,1.1641673595809732
0,1.327889827154322,0.6714280534289675,-0.8917489067735442,-0.7750232607444809,-0.5819876383188048,1.5092037610126083
0,1.5213943666134735,0.3354207044616672,-0.9751558477415978,-0.8488279403572341,-0.8315767327222374,0.8544270158615191
0,1.1318166433660706,0.5866694428786579,-0.9085171771973292,-0.8582900787691251,-1.079044607700615,0.04350791034313349
0,0.6800104533362101,0.5829300924132031,-0.7351126575150854,-0.8461244722395509,-1.2540667720337768,-0.3928575508067146
0,0.8835143582193715,0.8811878081101968,-1.1556536809302749,-0.8393658019453424,-1.2119704515296807,-0.3246875683151016
0,0.8685305996329351,0.37512904511864026,-0.6380962357774678,-0.6595851721194044,-0.9521273260897315,-0.5236494536817292
0,1.0611789243157153,0.8519852616180735,-1.0482238033188191,-0.8885689216871783,-0.8878315823048222,-0.3081649735560688
0,1.279513692289537,1.5426967118799475,-1.4582210475149076,-1.1232299543020867,-0.8765821325705733,-0.30223979280275715
0,1.3090531020742298,1.2111409706096175,-1.455875227300181,-1.187572495502949,-1.0204524655269296,0.16979764975539716
0,0.9044916202403861,0.7490640916641252,-1.2908858721977512,-1.055102557736468,-0.9560393700389533,0.2459661381442232
0,0.8995683852762714,0.9880263928374787,-1.1187287331058766,-0.8582900787691258,-0.6756673318990856,0.1707520065535276
0,0.923756452708665,0.7346408827259427,-1.205133111014969,-1.022931287136037,-0.5779588631988603,0.10674733662448582
0,0.8708240320696358,1.394903336340542,-0.8364856025086237,-0.6474195655898298,-0.17270240931178713,-0.13959098718484622
0,1.2227894633551615,2.506914939043663,-1.3687323504345998,-0.8582900787691258,0.013983570112122087,-0.08069938226995312
1,0.21994790653423477,0.20578988832589915,0.20274998785672171,0.28284381370498607,1.340344042088668,-1.60347464449542
1,-0.8374773422801474,-1.4553720398754475,1.4254001719951932,1.162822686010893,1.9762024541581447,-1.7189747111161353
1,-0.7347315691159969,-0.7044748535505378,1.238820582694262,1.5924037699107658,2.1643518448041448,-1.0675523016147717
1,-0.8755788998285184,-1.48172555744151,1.352462539763235,1.6624235941587626,2.001644371731407,-0.3130228665560486
1,-0.959335052416794,-0.9891233685739377,0.9549949543331058,1.7329841120302962,1.305579897254429,1.473597936215034
1,-1.3619088928054959,-0.9368487753323752,1.2227473701118765,1.8100329533842696,1.2738395870546544,1.624421597047196
1,-1.3918764099783731,-1.1040511604305705,1.0162283089857675,1.7646146890071899,2.367163560637987,-0.3651566813127568
1,-1.1444303396080453,-2.2203363065227824,1.933661218519272,2.39668553492154,2.297668066864867,-0.6060197258584453
1,-1.3158873485757232,-1.5716480329203055,1.5077210850860596,2.2736777355669524,2.142412366451783,-1.1434205123640957
1,-1.7071775013758617,-1.5757435120015177,1.4225764995145045,2.3096338615321392,1.8829512508944708,-2.041614573042817
1,-1.7600487638165792,-1.1982471792984566,1.0027181221935462,1.95385745724502,1.651520954765993,-2.8427674238903244
1,-1.2613036565822677,-1.2413387418051274,1.3678406945042212,1.8857300606794014,0.14907051264637494,-0.44895281248712965
1,-1.2281253339980092,-1.277663860612403,1.3939053635567344,2.0428015583168,0.6056392094540094,-2.2535686278791833
1,-1.2436442268196795,-0.6132168957626516,0.779430790643654,1.8951921990912937,-0.039787206337370117,-1.5580537478152285
1,-0.9412933839147545,-1.1870291279020921,1.207542979831241,1.7721843997367035,0.08849407520952046,-2.1136366182390587
1,-0.48450280072247215,-0.9966783827796524,1.1634936891324883,1.7135191415829767,-0.37268139109578685,-1.1033510717337924
1,-0.2873593484637572,-0.49774219210324805,0.7230442232600434,1.5261688010275258,0.0852159747391691,-1.9487929167113005
1,0.038002266556050726,0.1983111873949898,0.2874601622774,1.3180017559659132,-0.35648742684493356,-0.8537676107611313
1,0.30856613588831555,-0.42562614741233323,0.7894656882288745,1.2479819317179164,-0.40781665438189535,-0.4446252090054013
1,0.6731301560261151,-0.5056787726829891,0.4906714927832724,1.0598205507271603,-0.6898146261112568,0.44519438995424543
1,0.38690978792598013,-1.0445776815990504,0.8317773343241256,1.0625240188448433,-0.31029335914872136,0.2987824506952721
1,0.25462460497713685,-0.7536206025250876,1.0665331202571262,1.0492770250681953,0.1295332945431474,-0.055797930693221864
1,-0.011658190473287722,-0.6978864741590222,1.1120159677537684,0.7767674388057213,0.12641214708653561,-0.008286848941257719
0,-0.2177918978838654,-0.85137790755055,0.9132294251132405,0.5421064061908122,-0.33737635825221207,-0.20406387452330724
0,-0.1672752260781557,-0.44378870681597143,0.5207389502974256,0.2260709832336372,-0.9991160951154536,-0.12769871527404025
0,0.06078369542726971,-0.26071316055829363,0.2224846658536286,-0.18107131528946388,-1.208880514962209,-0.489718876079666
0,0.10756971713594482,0.006001734885883556,-0.18648240332752783,-0.3094860508794204,-1.100844645075452,-0.5627074515861378
0,-0.35029113452679866,-0.5933627254341651,0.4060544064663525,-0.1486296978772648,-0.9838469866446673,-0.4556923277191012
0,0.18783985242043733,-0.0023672875844199448,-0.3926973766480233,-0.506298529846763,-0.8978710791040816,-0.2866426548712166
0,0.20175334253641478,-0.08570138367169976,-0.482316397073594,-0.6217366184718389,-0.7144484866515424,-0.6496370602330233
0,-0.09663750702780269,0.017753979205884163,0.17316658848211472,-0.2962390571027719,-0.6109464182089716,-0.7074232818084892
0,0.8158733908863075,1.0717166175405157,-0.7059946986592739,-0.63119875688373,-0.4894542137570108,-0.7535665812590221
0,0.014456360205933811,0.3167239521343938,-0.07918284906133524,-0.290561774055637,-0.15336455252445766,-0.9480205182170882
0,-0.021504660401519427,0.2511962868349942,-0.06545545669367632,-0.4381711332811441,-0.06798881976537882,-0.9857373823920551
0,0.7607392751080442,1.2109883440600078,-0.7480519039375846,-0.7366340134733781,-0.07770695674672079,-0.3432022368609371
0,0.8471252302237338,1.7296642351526896,-1.0372766423167616,-0.8866764940047996,-0.4563220282064677,0.926696731239979
0,0.958433151151567,1.4771690465805487,-0.9997435188811381,-0.86396736181626,0.00775232019569073,1.2512485860887363
0,0.10949620038277501,0.18958603630892873,-0.034742588326795006,-0.48358939765822284,0.28888781607800057,1.8958651801096043
1,-0.23063511952938393,-1.1220356555263296,0.6497590621073827,-0.04454617534645871,0.5719393352587363,2.3437005279184273
1,-0.5609199695133089,-0.8930449555941894,0.6021910410865403,0.03872064267818653,0.6087128702859935,2.6710378080533443
1,-0.7446697763416951,-0.6254906141271547,0.6621397799073299,0.2974425415404757,0.9142278523602761,2.3119899837354447
1,-1.335152181044,-1.9233250409809401,1.6436917753100204,1.185531818199432,1.4706940728322586,1.202498253309003
1,-1.2435371999726323,-0.7450735157469046,1.1155346980758583,0.9357313641254976,1.2485888715112647,2.0311752211293146
1,-1.691979689095331,-1.1330756426148152,0.7991530568933908,0.6442975010392409,0.9437735901897542,2.2947572391633932
1,-1.7450650052301406,-1.3285902526657403,1.3204898790588142,0.47587143730757225,0.48414138368798754,2.409169155739162
1,-1.4644406122755564,-1.272856124299675,1.3347385648075223,0.8165084201356656,0.8731932749008825,0.12153521220216776
1,-1.649597057665117,-0.7228154772620546,0.6231296585587294,0.5458912615555697,0.5600250795808661,-0.5044246320296477
1,-1.7450650052301406,-0.09371427752624568,0.2192576115899821,0.24878011542217676,0.021525451500283403,-0.1753915563226408
0,-1.179963252827314,0.9237451776932313,-0.8678562934754034,-0.2564980757728276,-0.850360753461402,0.8660313299017726
0,-0.29378095928651765,0.044285561079825876,-0.1414122464242179,-0.3520656737329314,-0.7861860573197672,0.04077616256353485
0,-0.30555391246157493,0.29980784288590684,-0.4345311704773124,-0.40410743499833474,-0.780315222133761,-0.25226182801733765
0,-0.07095106373676563,0.06048941309679724,-1.0453566897230415,-0.63119875688373,-0.763116779306278,-0.2668023846326942
0,0.5602932801404836,1.2216467647744673,-1.0585627887096514,-0.8166566697568025,-0.9352742523102253,0.23745391071469818
0,1.2334921480597598,1.730554556692084,-1.4256402111992614,-1.0475328470069551,-0.9078549200399921,0.32736068855593176
0,1.315474712896988,1.4189420179041805,-1.1295455707626707,-0.7844853991563719,-0.7808578730014315,0.354645799229338
0,1.356114335675309,0.4451846313898155,-0.7252453185166347,-0.6028123416480555,-0.37157033788038907,-0.23657142715593354
1,0.0947264954904263,-1.1264872632232994,0.9744813973866546,0.11631017765569625,0.47792906955960873,-1.3899006523594823
1,0.5204792930393747,0.053544905089523524,0.637248020962176,0.2998756628463907,0.510775599196605,-0.872379285699133
0,0.7349610945195383,0.14756285964953125,0.29749505986262054,-0.21864952212526154,0.3039643865637331,-0.3886258919798121
0,0.9113413384513287,-0.05543045133230337,0.0037896807558434804,-0.46088026546968364,-0.6692941747628228,0.5069297247042533
0,0.8775208547847978,-0.16013226436503947,-0.21519698040038504,-0.5971350586009206,-0.9497323265773643,-0.2336338537447158
0,1.2203431354226804,0.6249023935560636,-0.745631613239852,-0.785296439591677,-1.239020806768845,-0.4252740799573371
0,0.9776979836198437,0.022917844134369574,-0.5381382299610666,-0.7542065562383194,-1.202842460925492,-0.3443621368651533
0,0.7503729604941615,0.13634480825316722,-0.7839280591262988,-0.8412582296277205,-1.1169384404169571,-0.17076937996728372
0,1.1172609921678118,0.6739209537392709,-1.0356258799434364,-1.017254004088902,-1.045947672533796,0.030447995427429868
0,0.9166926808036301,0.5081430831041059,-0.9399685445206989,-1.0380707085950636,-0.9474043762753744,-0.1506737568031154
0,0.34324283433121533,0.16519122612953288,-0.5842726941840211,-0.614166907742326,-0.680666492525549,-0.5581006068775298
0,0.46525343996364477,0.7907311397077657,-0.5529082090908256,-0.5971350586009213,-0.5290710108324916,-0.66862361787196
0,0.3783476401622996,-0.07412720365957769,-0.45668613917195183,-0.7068958641788616,-0.5090376981362079,-0.186257470843518
0,0.8685305996329351,1.129409453293247,-0.9061713569826044,-0.7390671347792929,-0.6333029184658849,0.2252970153274495
0,0.935957513271909,0.7454773677482813,-0.6211728185140849,-0.49737708505840766,-0.08762114700033381,-0.3218895690302987
1,-0.04761921108074096,-0.4649783594535487,0.43820083163112167,0.0500752087724563,0.5056547824396106,-1.1341739105392725
1,0.12169726094601681,0.06636553525679778,0.4696521989544933,-0.06914773521737698,1.1122665319960927,-1.114999783974704
1,-0.6135771782599342,-1.1437595010875434,0.9383383896338298,0.8486796907360962,1.2194877750775728,-0.09773481342717466
1,-1.2602333881118066,-0.9733519584475296,1.409978576139122,1.0814482956686267,1.0960183763148992,1.2210871036522408
1,-0.6951316357089801,-0.4101345526268775,0.810056776780361,0.8448948353713394,1.4420758212096254,0.8858582756489484
1,-1.1556528689982948,-2.003708357109085,1.7670955715265193,1.818143357737319,2.1790181792169103,-0.39775147888606627
1,-1.194947011413755,-1.8752476778536633,1.65585528753453,2.027662136857773,2.304249704869384,-0.5831757304630093
1,-1.1741838030868303,-1.6387782769906138,1.7615475205424844,2.099574388788149,2.3671819515247408,-0.36532184872419887
1,-1.3858829065437972,-2.096403548239136,2.083011772190189,2.4080401010158097,2.297669695978957,-0.6059768126904201
1,-1.1649794942408753,-0.8540488721687315,1.374791272918223,2.1412077978004707,2.142435793874996,-1.1433587787480628
1,-2.0680720296149384,-0.6953935738487187,0.7472409243637959,1.82138751947854,1.8829550629752254,-2.0413700130716173
1,-1.6590154202051643,-0.9966783827796524,1.0983754576162836,1.4883202473799593,-0.5637589944089919,1.9030519591363024
1,-1.3287305702212417,-1.4772739497445404,1.351984687497273,1.5450930778513081,-0.42170614477919693,0.7737810399039226
1,-1.4381120079022427,-1.036742852052383,1.1105824109558786,1.5715870654046045,-0.526611209856314,0.17213890067969329
1,-1.278963086344856,-0.6897845481505367,0.7077529507492315,1.3653124480253704,-0.5408197730852002,-0.4847093788878375
1,-0.6619533131247237,-0.3447849516353569,0.9362532161096296,1.2233803718469982,-0.8608069039014666,-0.0798560352379411
1,-0.7336613006455334,-0.7461419015941777,0.7602732588900554,1.020890609832521,-0.7765192046277237,-0.23809314743926058
1,-0.6285609368463728,-0.16333742190685804,0.5879423553378305,0.6972854761458323,-0.7613154701749393,-0.135151384115603
1,0.06796978372892805,-0.5255202241323415,0.932343515751752,0.8827433890189055,-0.5634018587716183,-0.4106682812144452
1,-0.12296611140111646,-0.6686839276668984,0.7124445911786865,0.9073449488898231,-0.4250141963761963,-0.4077038538110834
1,0.01720847912997822,-0.8437465800700295,0.8746599207890989,0.9908821137262368,-0.37824538728810964,-0.22220431041318459
1,0.3644341500463222,-0.775700576702059,0.6024082466619778,0.9962890499616026,-0.004177950256586838,-0.3568995066466038
1,0.148668026401605,-1.0346060803578376,1.0015017709710976,1.4750732536033113,0.6686657373056325,-1.2105723464575218
1,0.12319563680466021,-0.5397653687626456,1.1988981979288247,1.3407108881544527,0.6098552457129689,-1.0439693368351228
1,-0.054040821903499084,-1.0953260093445094,1.3135393006448106,1.176069679787541,-0.009139775657988538,-0.9071251010344669
1,0.0028974607249664546,-0.44859644312869884,1.1294792960189528,0.9754723454554418,-1.0222421675302675,-0.07804380340439576
0,0.027299581851452336,-0.35496005494271743,0.8153627986946236,0.6056379069563699,-1.2074249597927234,-0.4927999110347561
0,0.32911529052114563,-0.11508199447170199,0.6008878076339138,0.19200728495082786,-1.2265640772327993,-0.2934399947492373
0,0.5500187028240675,0.12940030024589352,-0.07536003093363368,-0.22243437749001832,-1.1490182408983747,-0.10199536530262218
0,0.5889764751488098,0.5610281825441104,-0.5779302913812426,-0.5630713603181113,-1.0451912740967841,0.02904592753236
0,0.9220440231559294,1.1215746237465805,-1.0023065446713022,-0.7447444178264278,-1.0093013367413883,-0.017915848625808885
0,1.0643897297270966,0.48517278738774033,-0.7100347223624148,-0.6368760399308655,-0.8455601102830059,-0.20498938038677747
0,0.777343725949752,0.8662304062483781,-0.45351493777056257,-0.5441470834943285,-0.8213148980140428,-0.04263825907996254
0,0.7732767057620017,0.7369557187283671,-0.11046045192435465,-0.11078114422969929,-0.34781641792950385,-0.531504072250595
0,0.0928000122435984,0.5161559769586518,0.13810960860648086,-0.16566154701866945,-0.3826372456735014,-0.3115959371747828
0,0.23783667954049378,-0.10312624808555407,0.12399745207661647,-0.1486296978772648,0.33434311745928424,-1.2258597547876964
1,-0.00694900920326297,-0.2548624761565619,0.6918969437422853,0.2203937001865023,0.13012031994069445,-0.32972081539353276
1,0.07995679059807989,-0.1392987403432193,0.495456221316484,0.20336185104509766,0.5711929014627548,0.04421520787246914
1,-0.5202497676358332,-1.4147733776790807,1.2874311904772044,1.2687986362240773,1.6885172324199185,-1.1026834772145182
1,-0.7978774088731305,-1.4283062650778695,1.2092806244347423,1.8573436454437269,2.1643418171320046,-1.0675822287012497
1,-0.8665886446766558,-1.5121745540887854,1.5423436538108186,2.037124275269665,2.2367846213301585,-0.8168088761542286
1,-0.7143964681772568,-1.6431281336545103,1.577382016065702,2.2196083732132865,2.2894825616721195,-0.6344100114733755
1,-0.8749367387462417,-2.0550926288112534,2.0127240479785713,2.2642155971550597,2.304252507446754,-0.5833197779283806
1,-0.8421865235501675,-1.8455109384379034,1.8557712991673323,2.258538314107925,2.3671765251197083,-0.3654388057339538
1,-0.9445041893261358,-1.4382778663190825,1.185170805561164,2.078757684281987,2.1431450953634035,-0.27488840331769504
1,-0.945574457796597,-1.5387061359627268,1.4942543394089252,2.056048552093449,0.8312486507068917,1.66534173262453
1,-1.5036124382943887,-1.3732843939433192,1.0699215272339528,1.9462877465155064,0.1754320507145525,1.6164148090529042
1,-1.312676543164342,-0.8834294829687347,0.8007169370365418,1.64349931733498,-0.40233365325953313,1.5572036748685365
1,-1.4443195650309109,-0.831790833683882,0.451667577308256,1.3653124480253704,-0.5089479295127615,0.9609017009495915
1,-0.9404371691383878,-0.5997730405178022,0.7920721551341239,1.117404421633814,-0.644632047311649,0.4249553742450577
1,-0.5106338170704697,-0.8530215780848155,1.0299523597291886,0.9016676658426889,-0.8667815977496677,0.21334776926407767
1,-0.4607428406782607,-0.8504875860111558,0.7976760589804158,0.47587143730757225,-0.9446976241473395,0.09971576838829736
1,-0.14672607144532562,0.286453019794997,0.48242388679022635,0.15794358666801855,-0.9831056807367358,0.20450447278276068
0,0.30599749155921097,1.2786273432956834,-0.5182421992509795,-0.290561774055637,-0.7953642344112449,-0.06221025087960389
0,1.0044546953813396,1.2275228869344674,-0.43496558162818727,-0.35679674293887753,-0.7548370251542402,-0.0005194636289127933
0,1.5582116019972956,0.8895568305805013,-0.24465005642972884,-0.34165732147985095,-0.6236374212934107,0.017599920941238544
0,1.7414109850408714,0.6504673406158062,-0.46171289677493554,-0.4771010741757835,-0.6850851443103394,0.4349676396953757
0,2.0618799441957196,0.9657683543526279,-0.8244151783878761,-0.5271152343529238,0.344356010049369,-1.1037406653268587
1,0.7767015648674752,-0.42348937571778783,0.0012700960807684137,0.23174826628077208,1.5671020621371394,-3.135403385073558
1,0.29015751819640334,-0.7520180237541783,1.1723122354952549,0.8978828104779321,1.574363147978042,-3.1103894770286074
1,0.2541964975889501,-0.27801083618080596,0.8723947769309643,0.4569471604837895,1.3621609007107238,-3.845001834111791
0,0.2372862557556881,-0.36633073288869217,0.6885954189956347,0.18633000190369298,-1.0305384291673065,-0.06039026004037816
0,0.23095638223039416,-0.318329683036221,0.05148181924836491,-0.3148929871147871,-1.2215009408427848,-0.4627092365921904
0,1.078303219843074,0.5597817323889586,-0.6586873243289562,-0.5933502032361638,-1.1509084611449705,-0.4555632160600709
0,0.6887254965956712,0.33185941830409205,-0.7245006136865622,-0.6879715873550788,-0.9820077095391354,-0.45971602454516086
0,0.39033464703144916,0.27719367578529885,-0.4091181181511095,-0.676617021260809,-0.7385446323337787,-0.6278518607924087
0,0.7208335507094686,0.5864913785707794,-0.7403566206935084,-0.8109793867096686,-0.7642882177612398,-0.5428959595766049
0,1.3231806458842996,1.264026070049622,-1.1937949799771257,-0.9320947583818787,-0.8277181860553944,-0.24320125768376386
0,1.118973421720552,0.8719284641004992,-1.2055675221658457,-1.009684293359389,-0.8993266132715928,0.1243357210590526
0,1.108270737015949,1.085071440631425,-1.6282930130825781,-1.3313969993636994,-0.797600418701309,0.4318611532899618
0,1.3957448481814805,1.805163501693302,-1.7988862720313008,-1.7269143849807624,-0.7121298669454823,0.39418758844461976
0,1.453814557478719,1.4933474608392523,-1.6596637040493578,-1.8680354207238299,-0.711231954402752,1.0138904828331066
0,1.7044102750621164,2.109831532473933,-2.0842075159261855,-1.9937466881961026,-0.6197821517849043,1.27679906198782
0,1.5492213468454306,2.328138373933345,-2.021869515775581,-1.6531097053680088,-0.2293058797306983,1.7591481685950077
0,0.5102047157229608,0.955262560187778,-0.6504769535774149,-0.5819956371418947,0.26493593982927044,1.9472066302487132
1,-0.6170020373654055,-1.0267712508111702,1.2811756699046022,0.6745763439572934,0.7625224802136853,1.9354656394975276
1,-0.5474345867855136,-0.6708206993614444,0.6195240460064634,0.2260709832336372,1.3836085459979126,1.0110481495612487
1,-0.9859388686825163,-1.5195006284700847,1.16435009968707,1.0638757529036849,1.472183909485818,1.1165456482003508
1,-1.1307309031861579,-0.6368104165565928,0.7514112714121981,0.7029627591929671,1.245230673110206,1.6857469015095006
1,-1.1395071046439307,-0.2878043731141402,1.0359071341204171,0.4588395881661676,0.6625911551889166,3.286577209918366
1,-1.345640812054506,-0.8894836694366133,0.8482415169422971,0.443700166707141,0.5145036114331704,3.2143595719047853
1,-1.4914113777311446,-0.3946429578414217,0.3445852286174991,0.13523445447947963,0.2663914822593611,2.8758265937704564
1,-1.7624033544515916,0.5332501505150173,-0.9061713569826044,-0.3303027553855812,-0.09621318542478721,2.1986741832375656
1,-1.174397856780925,-0.7762347696256952,0.7622281090689923,-0.014267332428405553,0.40628312013570045,-0.1752020202710589
1,-1.5149572840812637,0.548207552376836,-1.1287201895760082,-0.20540252834861367,0.2552254329191589,-0.675943373092901
0,-1.0187808211760523,0.4007703054531883,-0.8010004173556973,-0.26785264186709745,0.18452693659186473,-1.3511698132488381
1,-0.5854291174868398,-0.1230948883262484,0.03832536725042822,-0.27636856643779945,-0.7285141698875703,-0.08267699760703535
1,-0.5827534463106901,-0.7667973613081189,1.0489829097617638,0.44748502207189783,-0.3339345330313254,-1.208645171105369
1,-0.3509332956090754,-0.7552231812959964,1.1333889963768304,0.9130222319369581,-0.13182148107638184,-1.619320497087272
1,-0.6028744935553357,0.2803988333271179,0.18402686725399608,0.5231821293670295,-0.2747754097019383,-1.1773826836626495
1,0.38690978792598013,0.24104662128590237,0.28984942360721555,0.229855838598394,-0.6593066816713894,-0.20511959836322194
0,0.48965556109013064,0.7303673393368509,0.09875195833717974,0.10684803924380518,-0.8013934342592072,0.3986560653165348
0,1.603805038838886,1.6780255858678375,-0.8811678923129398,-0.5014322872349324,-0.758655921793849,0.5927191248714153
0,1.2730920814667765,0.8651620204011049,-0.6276269270413741,-0.46088026546968364,-0.4022725298710828,0.49590466722208365
0,1.0887918508535825,0.30835492966409034,-0.11354477109556967,-0.21675709444288344,-0.15958986771215267,0.5637370818821259
0,0.9973909234763071,0.309245251203484,-0.20850704867690592,-0.37382859208028224,0.541706508309362,-0.8980803073428577
0,0.7336767723549894,-0.12754649602321821,-0.2379601247062497,-0.5744259264123811,0.09463208035582556,-1.129642887708844
0,1.131174482283794,0.7057944648495765,-0.6487827500890007,-0.7220352856378882,-0.37925712572207826,-1.455587121166711
0,1.02907087020192,0.5703384020703446,-0.9319009088615873,-0.7812412374151517,-1.193081083705927,-0.5235619908852576
0,1.0376330179655984,0.4351367168737969,-0.9506116177171446,-0.8393658019453424,-1.1015944246316578,-0.5611022865747645
0,0.8524765725760375,0.8393426957586784,-0.8402277442797352,-0.8355809465805856,-0.9994488739788386,-0.42226290959404117
0,1.5188257222843689,0.8633813773223166,-1.3109556673681886,-1.055102557736468,-0.8347023080117922,-0.42202263806756934
0,1.5363781251999145,0.7155880017829104,-1.2586091236877168,-1.104305677478304,-0.7237007176539079,-0.6299849906655548
0,0.7015687182411897,0.8297272231332227,-0.49630443613177755,-0.5006212467996282,-0.49539529633747753,-0.9549184456072741
0,0.9190472714386425,0.7209299310192753,-0.7973079225732589,-0.7447444178264278,-0.3937109225508534,-0.9588250738570676
0,0.5624338170814015,0.2552917659162069,0.030505966534672906,-0.2337889435842881,-0.020620230525742467,-1.2325005060098928
0,0.26489918229355075,0.20472150247862644,0.08011571996463018,-0.40410743499833474,-0.04972793434362671,-1.0247481686685807
0,0.7988102535572605,1.2319744946314373,-0.7177051821121545,-0.6798611830020292,-0.052202332798824774,-0.3978236032335989
0,1.0579681189043362,0.9070071327526233,-0.6615109968096465,-0.7731308330621022,-0.2695689000926112,0.5264692568406032
0,0.5564403136468279,0.6064345810532049,-0.2780128328169503,-0.5119758128938973,0.1530636401055095,0.939886680526713
1,0.20967332921782086,-0.0860575122874578,0.2613520521097958,-0.03319160925218893,0.9521807885788806,0.47479165208286395
1,-0.9145366721532607,-1.8725767132354811,1.7073330089132484,1.2517667870826725,1.701603311179009,-0.07645805754682027
1,-0.8505346176197558,-0.5997730405178022,1.2390812293847866,0.9584404963140372,1.4894699526751136,0.7842522938297474
1,-0.753843506088493,-1.5820775138103496,1.3919505133777974,1.149034998610709,1.702018473278788,0.624074819007654
1,-0.9830338542626936,-1.3802289019505931,1.4277894333250087,1.5450930778513081,1.217123956842353,1.7458200129542332
1,-0.9802511562394968,-0.6024440051359842,0.8915088675694759,1.4069458570376934,1.5117010579128511,1.4675264017550365
1,-1.4256968936449086,-1.0675479773154155,0.9677045834329994,1.4088382847200713,0.68929987401575,2.8398849771013728
1,-1.8264054089850965,-0.25397215461716816,0.5333368736728082,1.0909104340805176,0.2931144393788584,2.8187343757262506
1,-1.7232315284327593,-0.8957159202123713,1.1417296904736367,1.0322451759267908,-0.2207440994635079,2.4652646565983147
1,-1.7887319588249053,-0.679723914755384,0.7460680142564325,0.6405126456744841,-0.4288571448118298,1.6141367039360208
1,-1.630546278890935,-0.7356361074293284,0.8550183308959522,0.3528636379529828,-0.5479339072937183,1.0444667089697905
1,-0.9436479745497691,-0.44592547851051684,0.6708714440399202,0.05007520877245567,-0.7497872442060068,0.6502203462800269
1,-1.0017635524957387,-0.02382403668381623,0.07916001543270433,0.0973859008319135,-0.6627732572971817,-0.22343601260139284
1,-0.8899204973326804,-0.12220456678685425,0.46839240661695386,0.4096364684243323,-0.6293458360626543,-0.5756360157603051
1,-0.4787233509819885,-0.6734916639796263,0.9076689623820356,0.5269669847317856,-0.37815542270992747,-1.0916076956928018
1,-0.07673051347724931,0.40504384884227956,0.08993341197441145,0.08413890705526562,-0.571199232239414,-0.5424583596812725
0,0.39333139874874057,0.4137689999283406,0.038759778401303104,-0.16755397470104816,-0.46809188455279815,-0.6147822818796829
1,0.02216229319324538,-0.5746659731068913,0.7830798443110071,0.265811964563582,-0.5311906366903588,-0.1803338773191109
0,0.7703716913421813,0.6977815709950301,0.19092779867933038,0.009523187007206651,-0.4809990316605831,-0.0020783435417743175
1,0.7540118732937273,-0.11419167293230831,0.5346401071254347,0.5231821293670301,0.055028877101776015,-0.4838106472612604
1,0.28609049800865755,-0.8866346405105527,0.786598574633097,0.8959903827955533,1.0581947643507523,-2.045038163133895
1,-0.03349166727066898,-0.665834898740838,1.1717040598840314,1.1211892769985707,1.5743981201082486,-3.1102299463209695
1,-0.08186780213545626,-1.1478549801687556,1.5146716635000652,0.9489783579021455,0.93295963705902,-2.925529483703945
0,-0.015725210661035747,-0.9699687365978321,0.9680086712386129,0.691608193098698,-0.3502441124971588,-1.5178542109273083
0,-0.10617818596447338,-0.10121841621542381,0.5003526555742063,0.15145526318557886,-1.2156048384371017,-0.475200415470449
0,0.016596897146853945,0.35678842140712447,0.4625278560801374,-0.08239472899402421,-1.1777662808481968,-0.39775572016326827
0,0.1608690869648491,-0.37434362674323857,-0.27345151573275844,-0.4154620010926045,-1.0234197907887752,-0.3710606617994584
0,0.6172315627689492,0.5663701117804743,-0.6859249034888365,-0.6879715873550788,-0.959433672200517,-0.15475066816143082
0,0.6084553613111787,0.6221042401465396,-0.8798026001244738,-0.7920551098858852,-0.9727493250895661,-0.09623178177908802
0,0.32718880727431776,-0.03566531315775635,-0.695829477728792,-0.7901626822035068,-0.8581319238248034,-0.17811396199186152
0,0.7349610945195383,0.9898070359162661,-0.9998304011113142,-0.8355809465805856,-0.6188724585354941,-0.4763229913223765
0,0.935957513271909,2.19352175717697,-1.5083955354410028,-0.9907600165356063,-0.5289834602770185,-0.1433049840878805
0,1.662883858408274,2.422690521416989,-2.0382902572786663,-1.3351818547284555,-0.5555825732154713,0.059072879595683137
0,0.7460613075131665,0.4291588436807232,-0.7485173444563802,-0.9515597288291987,-0.3269224741106678,0.1907955262748251
1,0.15680206677710107,-0.6911200304596274,0.5207389502974256,-0.0540083137583504,0.45073623897954573,-1.016667017937538
1,-0.5647729360069647,-0.5565034137032531,0.8606222347422442,0.8335402692770696,0.830045138011565,-0.5102064817083959
1,-0.5857501980279792,-1.2156974814705799,0.9437250879046843,0.7729825834409645,1.3064596023299602,-0.2840834077409041
1,-0.7293802267636954,-1.912641182508212,1.3923849245286706,1.3463881712015882,1.6940212152520986,-0.060145130158970786
1,-0.9712609010876341,-0.5094944364232492,1.0967681363580455,1.5488779332160656,1.807881640884013,0.10219382093258048
1,-0.8139314359300281,-1.292087069550586,1.350619395308805,1.501837587968376,1.548911434917124,0.9521595669059731
1,-1.1382227824793771,-1.61260282373243,1.486000527542295,1.5167066626156342,1.0177120790271454,2.173016346131363
1,-1.325091657421676,-1.0575763760742032,1.3419063487969636,1.4353322722733677,1.1096327603030771,2.3287956822661
1,-1.3306570534680697,-1.0443996172911718,1.3181874999591767,1.3444957435192095,0.9737475908054107,2.230515682484947
1,-2.158188634827665,-0.6626297411990194,0.43016422533992893,1.0719861572567342,0.45180555198829525,2.478749877138423
1,-1.5119605323639747,-1.1446498226269373,1.2068913631049285,0.9925041945968465,-0.04534051099773044,2.0893604304289486
1,-1.5742501573447416,-0.5433266549202217,0.6931567360798246,0.5458912615555697,-0.4799404141005546,1.7235437618460228
1,-1.0087202975537308,-1.0552615400717786,1.1766997881190964,0.8638191121951221,-0.0948486467456999,0.07356036782265071
1,-0.6867835416393918,-0.8631301518705505,0.99407334029113,0.6234807965330794,-0.2973149811213041,-0.3192543635619885
1,-0.5923858625448296,-0.07546268596866844,0.41094153191369864,0.0973859008319135,-0.4080033067408337,-0.7693291836558049
0,0.2541964975889501,0.9924780005344486,-0.2555537763166973,-0.40410743499833474,-0.9893374170186023,0.19548992410247365
0,0.2803110482681739,1.2228932149296186,-0.8049101177135768,-0.659585172119405,-1.0330742559529122,0.3116010823939321
0,0.6784509192792573,1.7907402927551195,-1.3141703098846649,-0.8317960912158291,-1.0157617084058286,0.40997275867758565
0,1.4978484602633566,2.546089086776998,-1.8074876128186317,-1.170540646361544,-0.961565282897479,0.44250832255785094
0,1.8503948944328472,1.6513159396860169,-1.3753353999279048,-0.966158456664688,-0.6890147446886598,0.15775308327437235
0,1.4180370114662009,0.8927619881223189,-0.8840536235294679,-0.5460395111767067,-0.44247717361158007,-0.08466909890153304
0,1.9377288016223768,1.0779488683162737,-1.0279368025729443,-0.8109793867096686,-0.3312765289718215,0.3435947921020867
0,2.376966981899118,2.0957644521515078,-1.683289464783388,-0.9320947583818787,-0.32656508948355045,0.9214105367919607
0,2.5124629702593406,1.230906108784165,-1.7621350886672527,-1.176217929408679,-0.3353716625246962,0.980989624843392
0,2.085425850545841,0.7627750433707937,-1.5629141348758488,-1.255699892068567,-0.45929424987339085,0.05707400933325072
0,1.942223929198307,0.8356033452932237,-1.447795179893901,-1.204604344644353,-0.8151897394843447,-0.521809761762603
0,1.9280963853882351,0.6165079333274918,-1.5345532925972782,-1.632833694485384,-1.1358528182030803,-0.6463650266923017
0,1.9891016882044485,0.9025555250556535,-1.6183015566124483,-1.8612767504296217,-1.188818814939312,-0.3744065179439506
0,1.8825029485466447,1.5316567247914614,-1.7329426593284334,-1.5622731766138507,-1.0340497594074083,-0.3481121836974168
0,1.4280669559893702,1.1525578133174912,-1.5802036986806849,-1.4298032388473705,-0.9187588943388695,-0.2418974644778579
0,1.4518269160335793,0.8624910557829224,-1.266862935554347,-1.2083892000091099,-0.7609038236923289,-0.5501447019266187
0,0.8569717001519678,0.5797249348713851,-0.9551729348013347,-0.7901626822035068,-0.36969694474113374,-1.2244098664761072
0,0.5217636152039258,0.5873817001101734,-0.7141616282957298,-0.7144655749083751,-0.295667915229646,-1.1687586199743418
0,0.8128766391690184,0.7066847863889707,-0.6778014149674695,-0.8488279403572341,-0.31030180253345413,-0.6120532082304034
0,0.8961435261708001,0.7586795642895809,-0.6259761646680488,-0.6255214738365951,-0.1297995922293562,-0.8532802296851731
0,0.09839598738914686,0.04988186789887374,0.02644111933719734,-0.2865065718791123,0.23147299269716376,-1.0053787236799239
1,0.02622931338099341,-0.08035945443533579,0.31461085920710613,0.12577231606758793,0.4230464495236568,-0.9571181886438127
1,-0.2366286229639553,-0.8065057019650915,0.7422886372438162,0.6745763439572934,0.4723281283884909,0.25608307917966566
1,-0.8430427383265365,-1.3966108182754429,1.3867375795672934,1.3785594418020188,1.3069051912348697,-0.2850608264573449
1,-0.5634886138424112,-0.8184360105929711,0.6769097590370888,1.4788581089680681,1.4439048429869743,0.4758992232559303
1,-0.2732318046536875,-0.6585342621178072,0.7695262164036967,1.3785594418020188,1.248891637832248,1.2996149547473783
1,-0.4543212298555026,-1.4801992919454061,1.3097537177586103,1.7167633033241965,1.8205835981930787,0.3700393784217716
1,-0.7743315025230136,-1.6188350745081883,1.5565923395595285,2.2358291819193856,2.304244157698268,-0.5832646107159106
1,-0.9616284848534946,-1.6970053056669823,1.5040285903036195,2.2755701632493297,2.3671568496013524,-0.3653844010085815
1,-1.044681318161184,-1.4236765930730209,1.3720544826677086,2.1998730559541984,2.297674576914248,-0.6059003925710976
1,-0.7379423745273737,-1.0801905431748107,1.4210560604864406,1.8668057838556187,0.8109710911696836,1.708860444540016
1,-1.5106762101994236,-0.6857781012232635,0.5671340612109046,1.6794554433001667,-0.003939791676199321,2.0008085496533736
1,-1.1367244066207338,-0.9899119390802581,0.8392926472342674,1.4353322722733677,-0.5252990519104972,1.8205446164946226
1,-1.3940169469192911,-0.7098167827869017,0.699933550033478,1.0814482956686267,-0.6638747564688161,1.2928094295468324
1,-1.1748259641691048,-0.5709266226414361,0.5795147790108499,0.7540583066171812,-0.823530479190796,0.8082440789118908
1,-0.9473033530181086,-0.6290714677910914,0.6215390454216769,0.42564931804445605,-0.9654528859287165,0.42486671536521864
1,-0.6876397564157608,0.7503105418192775,-0.04529877929306283,-0.08239472899402421,-1.0221550157417014,0.26600215847093306
0,0.020877971028694216,0.8291930302095875,-0.3946522268269621,-0.45520298242254875,-0.9869128186351245,0.21268756328183583
0,0.3783476401622996,1.1479281413126423,-0.7423983531026233,-0.6690473105312961,-0.9808362442664412,0.3350783545750245
0,0.7689956318801637,1.2693679992859859,-0.7566470388513313,-0.7825929714739939,-0.9164119080729518,0.3456843038567013
0,1.3064844577451253,1.0872082123259714,-0.7864042026862886,-0.6255214738365951,-0.7957932981805459,0.3864995529803468
0,1.517113292731633,0.6149816678313874,-0.5751872952571441,-0.5541499155297569,-0.62051230371907,0.29664077207292955
0,1.6252104082480805,0.9203619558435338,-0.6832315543534092,-0.3378724661150942,0.11146042121565679,-0.6047241822553204
1,0.7824810146079589,-0.9368487753323752,0.6226518062927655,0.58941709825027,0.9192723352355266,-1.747597358143412
0,0.7105589733930524,-0.3008030675892921,0.5651792110319677,0.0879237624200218,0.9764351009805765,-1.8294073792369423
0,0.7700659003506226,0.7120267156253347,-0.07223227064732969,-0.3757210197626603,0.1488308227808256,-1.2455366632494425
0,0.7998193638294077,0.24745693636954,-0.14130364363649917,-0.4892666807053577,-0.8850310010875347,-0.3721081548330628
0,0.4772710259319513,-0.053522619462173585,0.039287277655938216,-0.19729212399556373,-1.105579737145967,-0.710968378704873
0,0.3408882436962007,-0.15870774990200875,-0.2082029608712924,-0.3473346045269859,-0.9973712809013537,-0.784359916537957
0,0.27966888718589716,-0.006818895281390225,0.2481025120081007,-0.239466226631423,-0.7803100807801486,-0.891624678792559
0,-0.09599534594552823,-0.11490393016382297,0.2806399072086595,-0.16187669165391327,-0.47829541201369774,-1.1852986159383743
0,0.05619683055387073,-0.2628753700111083,0.041583450881993556,-0.3378724661150942,-0.5148945306671039,-1.0771656934439084
0,0.45433670156495415,0.8414794674532238,-0.3065536454294572,-0.5176530959410328,-0.6213589503355935,-0.6851874427037117
0,1.415651841732036,1.6789159074072326,-1.1708146300958235,-0.7788081161092371,-0.7878625255771723,-0.11423679016722006
0,0.47788260791507103,0.9426199943283837,-0.2635903826078901,-0.3378724661150942,-0.10863942632869145,-1.0439157811688937
0,0.1319718382624307,0.3163678235186358,-0.06636772011051321,-0.39843015195119985,0.16479103171617085,-1.4843936956411057
0,0.19563752270521764,0.1578651517482338,-0.11672838424412534,-0.46088026546968364,0.6119381803068521,-1.8206399348934448
0,0.567785159433703,1.832051212183001,-0.6263236935887476,-0.6406608952956216,0.07370526138154838,-0.20881883799414494
0,0.5583667968936581,0.7180809020932137,-0.4329672903341613,-0.6652624551665393,0.1966536612340704,0.8463979828484106
0,0.7572226787051064,1.0371721418120274,-0.5218912529183326,-0.6993261534493486,0.3284017646974272,1.811106756497862
0,0.5313960314380652,0.12352417808589297,-0.065281692233326,-0.3094860508794204,1.1982790036543154,1.0019331571863115
1,-0.3734089334887334,-1.6991420773615278,1.5179731882467138,1.1117271385866792,1.4977704986563665,0.7662372103240166
1,-0.8331962683983071,-1.2775875473375975,1.3440101399419198,1.3315190965543295,1.4733541148801523,1.1140453870002722
1,-0.7486450592319743,-1.7069769069081955,1.7737979149971665,1.7816465381485946,1.6086813058121208,0.9067985071593413
1,-1.1022617618719261,-0.9534087559651037,0.9476782293776491,1.5715870654046045,1.8336089395704993,0.7778602967281947
1,-1.2437512536667268,-1.7043059422900129,1.667540947493074,1.9954908662573436,2.297674430298367,-0.605916146356023
1,-1.2548820457595073,-1.7764219869809281,1.6532488206292753,2.0749728289172307,2.142424715488281,-1.1434406128015964
1,-1.3482094563836107,-2.0880345257688324,1.9331833662533062,2.3380202767678138,1.8829575692177636,-2.041800855885397
1,-1.4441055113368162,-1.2456122851942182,1.2796986719916252,2.0711879735524747,1.345006784527358,-2.186200177450609
1,-1.400438557742056,-1.6491060068475847,1.3204898790588142,1.9141164759150757,0.2935121217644489,-0.758428690282055
1,-1.6236965606799878,-0.7076800110923565,0.846677636799146,1.696487292441572,-0.48099314526762343,0.07450851582743707
1,-1.055276976018735,-0.5317524749080996,0.8842324807923141,1.4173542092907734,-0.8670371762760982,0.21410680668435111
1,-1.22491452858663,-0.4275848547990001,0.4473234657995035,1.1382211261399748,-0.9107476014563318,0.027307214085557224
1,-0.6790776086520802,-0.9801184021469239,1.0624930965539854,1.0719861572567349,-0.9049796264831586,0.037049884703412084
1,-0.36270624878413726,-0.3446068873274783,0.5422423022657508,0.7389188851581552,-0.7679804895428541,-0.12093817520905656
0,0.6084553613111787,0.8402330172980724,0.22077805061804606,0.23931797701028507,-0.820216982293975,0.1395013869983086
1,0.0009709774781385618,0.07277585034043396,0.366045139470739,0.3055529458935256,-0.4406539963944341,-0.37414282264155224
1,0.48139920431800653,-0.36068355055310725,0.5255795316928925,0.4069330003066488,-0.408542576212798,-0.1573282813899767
1,0.41366649968747843,-0.486346076399005,0.7301251250193103,0.3717879147767662,0.0380957596746589,-0.4475575450994688
1,0.20068307406595584,-1.0330035015869283,1.0542827258024423,0.4645168712133025,0.25486864625536265,-0.32419116279807486
1,0.2400689537788781,-0.5814324168062854,0.8811698821786437,0.34150907185871304,0.38106775686901795,-0.5538841638083962
1,0.2766721354686081,-0.5833911241929522,0.9812147702252209,0.3055529458935256,-0.07938847626780217,-0.7567122210574244
0,0.21031549030009758,0.1534389818095318,0.6055794480633669,0.033043359631051636,-0.770092441833222,-0.6182703963810658
0,0.37544262574248155,0.36620039196643234,0.2416608152279797,-0.3554450088800361,-1.1262146222125127,-0.6666682125817335
0,0.549590595435883,0.11640160577074118,0.1788573745585809,-0.35679674293887753,-1.0214944428399628,-0.7326130777134837
0,0.10821187821822155,-0.26162891985595704,0.440981062996725,-0.12024328264159034,-0.7890493977871912,-0.8730613174751845
0,0.273461330057229,-0.08997492706079101,0.252837593552641,-0.290561774055637,-0.7328235032977221,-0.6402801149195497
0,0.5924013342542811,0.49834954617077215,-0.28835181820778066,-0.5744259264123811,-0.8749648772119296,-0.30578705238992104
0,0.26040405471761824,0.12459256393316567,-0.06310963647894972,-0.5346849450824368,-0.826088553234076,-0.24660940827971825
0,0.3894784322550825,0.533962407746532,-0.3546429598313487,-0.623629046154217,-0.6199640316371058,-0.47397972417968964
0,0.3355369013439038,0.3149433090556055,0.045710356815308655,-0.5744259264123811,-0.21105038525747855,-0.8246698228167572
0,0.7510151215764382,0.7073970436204858,-0.4590319593866784,-0.7220352856378882,-0.17130528732601402,-0.7644527706131223
0,0.4818578908053503,0.31621519696902556,0.057067105473906275,-0.3797762219391856,0.1849906905567159,-0.9059739456478656
1,-0.2573918312908799,-0.30383016082323255,0.846764519029322,0.25824225383406846,0.4838509217379588,-1.0874655907414872
0,0.02023580994641977,0.1390157728713492,0.6244763331264411,0.08981619010239988,0.6985612205418131,-0.22878906158091877
1,-0.193175723063285,-0.6042246482147725,0.7292997438326457,0.5231821293670295,1.2581154865544886,-0.18059881283353002
1,-0.6940613672385189,-1.323248323429376,1.487086555419484,1.4410095553205027,1.9273755289377235,-0.5600118796410323
1,-1.0714380299226776,-1.461960419266963,1.8738862441588309,1.8327420855728094,2.219996961167904,-0.7809398801353222
1,-1.0052037011507906,-1.1322107588336892,1.6135002003241883,2.0006274556809407,2.28948385736515,-0.6343246005734133
1,-0.5110454587898782,-0.7765908982414527,0.8428548186714444,2.0655106905053398,1.4919197452554032,1.1571719500152142
1,-0.8524611008665838,-1.5960428430997011,1.312713919458146,1.9803514447983164,1.5689819153151736,1.3445676959651462
1,-1.3820299400501461,-0.8937572128257045,0.9545853666765657,1.8705906392203755,0.6294306744376194,2.9681837606658767
1,-0.8856394234508447,-1.6864995115021328,1.6189303397101298,2.018199998445883,0.466596596264977,2.446488075779146
1,-0.9879570892268084,-1.2696509667578564,1.4289623434323702,1.9349331804212373,-0.20289027788907643,2.426752717365743
1,-1.6654370310279247,-0.36276944673111605,0.7459811320262583,1.6245750405111972,-0.449675345256257,1.658790879853101
1,-1.6915515817071463,-0.06700463134442543,0.3862886991015268,1.3369260327896966,-0.5673332747814099,1.0862040392455679
1,-1.3777488661683035,-1.3508482911505904,1.0641873000423996,1.4410095553205027,0.012470773473005299,-0.9828030335866953
1,-1.0413634859027554,-1.0628292731566276,1.1149048019070866,1.5167066626156342,-0.09270144476775344,-1.4448610593292175
1,-0.9081150613305027,-1.1514162663263319,1.1673599483752788,1.4031610016729366,0.051382479437638434,-2.0342224796074473
1,-0.5949545068739319,-0.6724232781323536,0.8108387168519366,1.1344362707752187,-0.554851631450765,-0.7129881199766362
1,-0.025785734283359694,0.016151400434975358,0.8693538988748364,0.8789585336541487,-0.5485270573678049,-0.5911438980071132
1,-0.1321704202470737,-0.38306877782929966,0.8889024006642247,0.9300540810783627,-0.5720625397840886,-0.392040844702775
1,0.0805989516803566,-0.297954038663232,0.7537570916269265,1.2423046486707816,-0.4322470997383908,-0.3922177481203689
1,0.2887508796352264,-0.5510851711920842,0.9392630647978387,1.2260838399646816,-0.27607491262300865,-0.4411440185369228
1,0.46289884932863007,-0.44093967788991095,1.059843188533647,1.1192968493161928,-0.23944187349345267,0.14695599412964253
1,0.21095765138237202,-0.5516956773905256,1.074613167663406,0.8676039675598789,-0.29150513152222224,0.8461301007628759
1,0.07781625365716204,-0.5362040826050699,1.0988967509973329,0.5950943812974049,-0.29208401283729485,0.8882114579635019
0,0.019807702558230725,-0.3020495177444447,0.9201800035272442,0.23931797701028507,-0.6771690663043989,0.5239559583687154
0,0.06454492462345675,-0.16761096529594882,0.5649185643414412,-0.018052187793162356,-0.936703733471122,-0.26125751403184755
0,0.24196485792655353,0.01821185885471586,0.2532037400940941,-0.22162333705471352,-1.2071177088774887,-0.4933979166107632
0,0.45433670156495415,0.058530705710129916,-0.10633354599103956,-0.5081909575291411,-1.1749341916167961,-0.40406642041531954
0,0.4125962312170172,0.5161559769586518,-0.6135954468681035,-0.5630713603181119,-1.1399751260700117,-0.1212806799725569
0,0.32997150529751235,0.0019062558046713154,0.02190462574734206,-0.19972524530147878,-0.5925840527470801,-0.9404682918394922
0,-0.1129055877787948,-0.24150765306565197,0.13932595982893128,-0.16755397470104816,-0.3942094689207622,-1.3357257888050946
0,0.6720293084564969,0.7741711590750368,-0.5755410300514271,-0.5630713603181119,-0.35300416212091645,-1.2600447709180647
0,0.17028744950489405,0.23980017113075114,-0.05003386083760314,-0.32084061697369015,-0.16384591349496738,-1.4511330202329311
1,-0.5624183453719546,-0.42402356864142393,1.043552770375824,0.43802288366000613,0.012780439977166236,-1.3040350885370748
0,0.05619683055387073,0.7373118473441241,0.10552877229083496,-0.15998426397153456,0.02759099127752812,-1.1904061390481737
0,0.6809278263108909,1.2808149905067665,-0.5886850703021973,-0.5338739046471317,-0.41364339203664086,0.37653883461669324
0,0.336607169814365,0.5161559769586518,-0.5841858119538469,-0.6406608952956216,-0.3830224643059731,0.7694500895987529
1,0.22123222869878595,0.09093840974407218,0.12351339393707034,0.12387988838520922,0.36285819508369344,0.4905868752591468
1,-0.6773651790993468,-0.7199664483359935,1.023569857435561,0.9470859302197674,0.8892905952463538,0.6095900538479246
1,-0.879217812628082,-1.5636351390657592,1.3083263668343064,1.507244524203743,1.9689084026299393,-0.6489268311678599
1,-1.1452865543844144,-1.4309772296960517,1.4137145120366472,1.7532601229129208,1.7764706348002064,0.16940398335109622
1,-1.1822566852640146,-0.4499700820751925,1.0261142656049724,1.5869968336753988,1.4480407929973254,1.168476496117898
1,-0.9166772090941786,-1.3009902849445258,1.2240506035645011,1.6207901851464397,1.0482785210342704,2.107555171642495
1,-1.6307603325850228,-0.7167612907941755,1.1333889963768304,1.5545552162631997,1.7470665031309665,0.9633140358037477
1,-1.3208105835398356,-1.7288788167772882,1.6656295384292223,1.8403117963023228,2.2976620657950413,-0.6059266052093949
