Nitrogen,Phosphorus,Potassium,pH,Rainfall,Temperature
0.42307692307692313,0.5714285714285714,1.0,0.33333333333333326,0.7,0.3333333333333333
0.46153846153846156,0.5714285714285714,1.0,0.33333333333333326,0.7,0.3333333333333333
0.5,0.5714285714285714,1.0,0.33333333333333326,0.7,0.3333333333333333
0.5384615384615384,0.5714285714285714,1.0,0.33333333333333326,0.7,0.3333333333333333
0.576923076923077,0.5714285714285714,1.0,0.33333333333333326,0.7,0.3333333333333333
0.6153846153846154,0.5714285714285714,1.0,0.33333333333333326,0.7,0.3333333333333333
0.42307692307692313,0.7142857142857142,1.0,0.6666666666666667,0.8999999999999999,0.3333333333333333
0.46153846153846156,0.7142857142857142,1.0,0.6666666666666667,0.8999999999999999,0.3333333333333333
0.5,0.7142857142857142,1.0,0.6666666666666667,0.8999999999999999,0.3333333333333333
0.5384615384615384,0.7142857142857142,1.0,0.6666666666666667,0.8999999999999999,0.3333333333333333
0.576923076923077,0.7142857142857142,1.0,0.6666666666666667,0.8999999999999999,0.3333333333333333
0.6153846153846154,0.7142857142857142,1.0,0.6666666666666667,0.8999999999999999,0.3333333333333333
0.0,0.2142857142857143,0.21052631578947367,0.33333333333333326,0.3,0.5
0.038461538461538464,0.2142857142857143,0.21052631578947367,0.33333333333333326,0.3,0.5
0.07692307692307693,0.2142857142857143,0.21052631578947367,0.33333333333333326,0.3,0.5
0.11538461538461542,0.2142857142857143,0.21052631578947367,0.33333333333333326,0.3,0.5
0.15384615384615385,0.2142857142857143,0.21052631578947367,0.33333333333333326,0.3,0.5
0.0,0.2857142857142857,0.2631578947368421,0.4999999999999998,0.4000000000000001,0.6666666666666667
0.038461538461538464,0.2857142857142857,0.2631578947368421,0.4999999999999998,0.4000000000000001,0.6666666666666667
0.07692307692307693,0.2857142857142857,0.2631578947368421,0.4999999999999998,0.4000000000000001,0.6666666666666667
0.11538461538461542,0.2857142857142857,0.2631578947368421,0.4999999999999998,0.4000000000000001,0.6666666666666667
0.15384615384615385,0.2857142857142857,0.2631578947368421,0.4999999999999998,0.4000000000000001,0.6666666666666667
0.0,0.35714285714285715,0.3157894736842105,0.6666666666666667,0.5,0.5
0.038461538461538464,0.35714285714285715,0.3157894736842105,0.6666666666666667,0.5,0.5
0.07692307692307693,0.35714285714285715,0.3157894736842105,0.6666666666666667,0.5,0.5
0.11538461538461542,0.35714285714285715,0.3157894736842105,0.6666666666666667,0.5,0.5
0.15384615384615385,0.35714285714285715,0.3157894736842105,0.6666666666666667,0.5,0.5
0.0,0.2142857142857143,0.3684210526315789,0.33333333333333326,0.3,0.6666666666666667
0.038461538461538464,0.2142857142857143,0.3684210526315789,0.33333333333333326,0.3,0.6666666666666667
0.07692307692307693,0.2142857142857143,0.3684210526315789,0.33333333333333326,0.3,0.6666666666666667
0.11538461538461542,0.2142857142857143,0.3684210526315789,0.33333333333333326,0.3,0.6666666666666667
0.15384615384615385,0.2142857142857143,0.3684210526315789,0.33333333333333326,0.3,0.6666666666666667
0.0,0.2857142857142857,0.21052631578947367,0.4999999999999998,0.4000000000000001,0.5
0.038461538461538464,0.2857142857142857,0.21052631578947367,0.4999999999999998,0.4000000000000001,0.5
0.07692307692307693,0.2857142857142857,0.21052631578947367,0.4999999999999998,0.4000000000000001,0.5
0.11538461538461542,0.2857142857142857,0.21052631578947367,0.4999999999999998,0.4000000000000001,0.5
0.15384615384615385,0.2857142857142857,0.21052631578947367,0.4999999999999998,0.4000000000000001,0.5
0.0,0.35714285714285715,0.2631578947368421,0.6666666666666667,0.5,0.6666666666666667
0.038461538461538464,0.35714285714285715,0.2631578947368421,0.6666666666666667,0.5,0.6666666666666667
0.07692307692307693,0.35714285714285715,0.2631578947368421,0.6666666666666667,0.5,0.6666666666666667
0.11538461538461542,0.35714285714285715,0.2631578947368421,0.6666666666666667,0.5,0.6666666666666667
0.15384615384615385,0.35714285714285715,0.2631578947368421,0.6666666666666667,0.5,0.6666666666666667
0.0,0.2142857142857143,0.3157894736842105,0.33333333333333326,0.3,0.5
0.038461538461538464,0.2142857142857143,0.3157894736842105,0.33333333333333326,0.3,0.5
0.07692307692307693,0.2142857142857143,0.3157894736842105,0.33333333333333326,0.3,0.5
0.11538461538461542,0.2142857142857143,0.3157894736842105,0.33333333333333326,0.3,0.5
0.15384615384615385,0.2142857142857143,0.3157894736842105,0.33333333333333326,0.3,0.5
0.0,0.2857142857142857,0.3684210526315789,0.4999999999999998,0.4000000000000001,0.6666666666666667
0.038461538461538464,0.2857142857142857,0.3684210526315789,0.4999999999999998,0.4000000000000001,0.6666666666666667
0.07692307692307693,0.2857142857142857,0.3684210526315789,0.4999999999999998,0.4000000000000001,0.6666666666666667
0.11538461538461542,0.2857142857142857,0.3684210526315789,0.4999999999999998,0.4000000000000001,0.6666666666666667
0.15384615384615385,0.2857142857142857,0.3684210526315789,0.4999999999999998,0.4000000000000001,0.6666666666666667
0.0,0.35714285714285715,0.21052631578947367,0.6666666666666667,0.5,0.5
0.038461538461538464,0.35714285714285715,0.21052631578947367,0.6666666666666667,0.5,0.5
0.07692307692307693,0.35714285714285715,0.21052631578947367,0.6666666666666667,0.5,0.5
0.11538461538461542,0.35714285714285715,0.21052631578947367,0.6666666666666667,0.5,0.5
0.15384615384615385,0.35714285714285715,0.21052631578947367,0.6666666666666667,0.5,0.5
0.0,0.2142857142857143,0.2631578947368421,0.33333333333333326,0.3,0.6666666666666667
0.038461538461538464,0.2142857142857143,0.2631578947368421,0.33333333333333326,0.3,0.6666666666666667
0.07692307692307693,0.2142857142857143,0.2631578947368421,0.33333333333333326,0.3,0.6666666666666667
0.11538461538461542,0.2142857142857143,0.2631578947368421,0.33333333333333326,0.3,0.6666666666666667
0.15384615384615385,0.2142857142857143,0.2631578947368421,0.33333333333333326,0.3,0.6666666666666667
0.0,0.2857142857142857,0.3157894736842105,0.4999999999999998,0.4000000000000001,0.5
0.038461538461538464,0.2857142857142857,0.3157894736842105,0.4999999999999998,0.4000000000000001,0.5
0.07692307692307693,0.2857142857142857,0.3157894736842105,0.4999999999999998,0.4000000000000001,0.5
0.11538461538461542,0.2857142857142857,0.3157894736842105,0.4999999999999998,0.4000000000000001,0.5
0.15384615384615385,0.2857142857142857,0.3157894736842105,0.4999999999999998,0.4000000000000001,0.5
0.0,0.35714285714285715,0.3684210526315789,0.6666666666666667,0.5,0.6666666666666667
0.038461538461538464,0.35714285714285715,0.3684210526315789,0.6666666666666667,0.5,0.6666666666666667
0.07692307692307693,0.35714285714285715,0.3684210526315789,0.6666666666666667,0.5,0.6666666666666667
0.11538461538461542,0.35714285714285715,0.3684210526315789,0.6666666666666667,0.5,0.6666666666666667
0.15384615384615385,0.35714285714285715,0.3684210526315789,0.6666666666666667,0.5,0.6666666666666667
0.15384615384615385,0.14285714285714285,0.15789473684210525,0.16666666666666674,0.3,0.5
0.1923076923076923,0.14285714285714285,0.15789473684210525,0.16666666666666674,0.3,0.5
0.23076923076923078,0.14285714285714285,0.15789473684210525,0.16666666666666674,0.3,0.5
0.15384615384615385,0.2142857142857143,0.21052631578947367,0.33333333333333326,0.4000000000000001,0.6666666666666667
0.1923076923076923,0.2142857142857143,0.21052631578947367,0.33333333333333326,0.4000000000000001,0.6666666666666667
0.23076923076923078,0.2142857142857143,0.21052631578947367,0.33333333333333326,0.4000000000000001,0.6666666666666667
0.15384615384615385,0.14285714285714285,0.21052631578947367,0.4999999999999998,0.5,0.5
0.1923076923076923,0.14285714285714285,0.21052631578947367,0.4999999999999998,0.5,0.5
0.23076923076923078,0.14285714285714285,0.21052631578947367,0.4999999999999998,0.5,0.5
0.15384615384615385,0.2142857142857143,0.15789473684210525,0.6666666666666667,0.3,0.6666666666666667
0.1923076923076923,0.2142857142857143,0.15789473684210525,0.6666666666666667,0.3,0.6666666666666667
0.23076923076923078,0.2142857142857143,0.15789473684210525,0.6666666666666667,0.3,0.6666666666666667
0.6153846153846154,0.42857142857142855,0.47368421052631576,0.16666666666666674,0.5,0.5
0.6538461538461539,0.42857142857142855,0.47368421052631576,0.16666666666666674,0.5,0.5
0.6923076923076924,0.42857142857142855,0.47368421052631576,0.16666666666666674,0.5,0.5
0.7307692307692308,0.42857142857142855,0.47368421052631576,0.16666666666666674,0.5,0.5
0.7692307692307693,0.42857142857142855,0.47368421052631576,0.16666666666666674,0.5,0.5
0.8076923076923077,0.42857142857142855,0.47368421052631576,0.16666666666666674,0.5,0.5
0.8461538461538461,0.42857142857142855,0.47368421052631576,0.16666666666666674,0.5,0.5
0.8846153846153847,0.42857142857142855,0.47368421052631576,0.16666666666666674,0.5,0.5
0.9230769230769232,0.42857142857142855,0.47368421052631576,0.16666666666666674,0.5,0.5
0.9615384615384616,0.42857142857142855,0.47368421052631576,0.16666666666666674,0.5,0.5
1.0,0.42857142857142855,0.47368421052631576,0.16666666666666674,0.5,0.5
0.6153846153846154,0.49999999999999994,0.5263157894736843,0.33333333333333326,0.6000000000000001,0.6666666666666667
0.6538461538461539,0.49999999999999994,0.5263157894736843,0.33333333333333326,0.6000000000000001,0.6666666666666667
0.6923076923076924,0.49999999999999994,0.5263157894736843,0.33333333333333326,0.6000000000000001,0.6666666666666667
0.7307692307692308,0.49999999999999994,0.5263157894736843,0.33333333333333326,0.6000000000000001,0.6666666666666667
0.7692307692307693,0.49999999999999994,0.5263157894736843,0.33333333333333326,0.6000000000000001,0.6666666666666667
0.8076923076923077,0.49999999999999994,0.5263157894736843,0.33333333333333326,0.6000000000000001,0.6666666666666667
0.8461538461538461,0.49999999999999994,0.5263157894736843,0.33333333333333326,0.6000000000000001,0.6666666666666667
0.8846153846153847,0.49999999999999994,0.5263157894736843,0.33333333333333326,0.6000000000000001,0.6666666666666667
0.9230769230769232,0.49999999999999994,0.5263157894736843,0.33333333333333326,0.6000000000000001,0.6666666666666667
0.9615384615384616,0.49999999999999994,0.5263157894736843,0.33333333333333326,0.6000000000000001,0.6666666666666667
1.0,0.49999999999999994,0.5263157894736843,0.33333333333333326,0.6000000000000001,0.6666666666666667
0.6153846153846154,0.5714285714285714,0.5789473684210527,0.4999999999999998,0.7,0.8333333333333335
0.6538461538461539,0.5714285714285714,0.5789473684210527,0.4999999999999998,0.7,0.8333333333333335
0.6923076923076924,0.5714285714285714,0.5789473684210527,0.4999999999999998,0.7,0.8333333333333335
0.7307692307692308,0.5714285714285714,0.5789473684210527,0.4999999999999998,0.7,0.8333333333333335
0.7692307692307693,0.5714285714285714,0.5789473684210527,0.4999999999999998,0.7,0.8333333333333335
0.8076923076923077,0.5714285714285714,0.5789473684210527,0.4999999999999998,0.7,0.8333333333333335
0.8461538461538461,0.5714285714285714,0.5789473684210527,0.4999999999999998,0.7,0.8333333333333335
0.8846153846153847,0.5714285714285714,0.5789473684210527,0.4999999999999998,0.7,0.8333333333333335
0.9230769230769232,0.5714285714285714,0.5789473684210527,0.4999999999999998,0.7,0.8333333333333335
0.9615384615384616,0.5714285714285714,0.5789473684210527,0.4999999999999998,0.7,0.8333333333333335
1.0,0.5714285714285714,0.5789473684210527,0.4999999999999998,0.7,0.8333333333333335
0.6153846153846154,0.6428571428571428,0.631578947368421,0.6666666666666667,0.5,0.5
0.6538461538461539,0.6428571428571428,0.631578947368421,0.6666666666666667,0.5,0.5
0.6923076923076924,0.6428571428571428,0.631578947368421,0.6666666666666667,0.5,0.5
0.7307692307692308,0.6428571428571428,0.631578947368421,0.6666666666666667,0.5,0.5
0.7692307692307693,0.6428571428571428,0.631578947368421,0.6666666666666667,0.5,0.5
0.8076923076923077,0.6428571428571428,0.631578947368421,0.6666666666666667,0.5,0.5
0.8461538461538461,0.6428571428571428,0.631578947368421,0.6666666666666667,0.5,0.5
0.8846153846153847,0.6428571428571428,0.631578947368421,0.6666666666666667,0.5,0.5
0.9230769230769232,0.6428571428571428,0.631578947368421,0.6666666666666667,0.5,0.5
0.9615384615384616,0.6428571428571428,0.631578947368421,0.6666666666666667,0.5,0.5
1.0,0.6428571428571428,0.631578947368421,0.6666666666666667,0.5,0.5
0.6153846153846154,0.7142857142857142,0.6842105263157894,0.16666666666666674,0.6000000000000001,0.6666666666666667
0.6538461538461539,0.7142857142857142,0.6842105263157894,0.16666666666666674,0.6000000000000001,0.6666666666666667
0.6923076923076924,0.7142857142857142,0.6842105263157894,0.16666666666666674,0.6000000000000001,0.6666666666666667
0.7307692307692308,0.7142857142857142,0.6842105263157894,0.16666666666666674,0.6000000000000001,0.6666666666666667
0.7692307692307693,0.7142857142857142,0.6842105263157894,0.16666666666666674,0.6000000000000001,0.6666666666666667
0.8076923076923077,0.7142857142857142,0.6842105263157894,0.16666666666666674,0.6000000000000001,0.6666666666666667
0.8461538461538461,0.7142857142857142,0.6842105263157894,0.16666666666666674,0.6000000000000001,0.6666666666666667
0.8846153846153847,0.7142857142857142,0.6842105263157894,0.16666666666666674,0.6000000000000001,0.6666666666666667
0.9230769230769232,0.7142857142857142,0.6842105263157894,0.16666666666666674,0.6000000000000001,0.6666666666666667
0.9615384615384616,0.7142857142857142,0.6842105263157894,0.16666666666666674,0.6000000000000001,0.6666666666666667
1.0,0.7142857142857142,0.6842105263157894,0.16666666666666674,0.6000000000000001,0.6666666666666667
0.6153846153846154,0.42857142857142855,0.736842105263158,0.33333333333333326,0.7,0.8333333333333335
0.6538461538461539,0.42857142857142855,0.736842105263158,0.33333333333333326,0.7,0.8333333333333335
0.6923076923076924,0.42857142857142855,0.736842105263158,0.33333333333333326,0.7,0.8333333333333335
0.7307692307692308,0.42857142857142855,0.736842105263158,0.33333333333333326,0.7,0.8333333333333335
0.7692307692307693,0.42857142857142855,0.736842105263158,0.33333333333333326,0.7,0.8333333333333335
0.8076923076923077,0.42857142857142855,0.736842105263158,0.33333333333333326,0.7,0.8333333333333335
0.8461538461538461,0.42857142857142855,0.736842105263158,0.33333333333333326,0.7,0.8333333333333335
0.8846153846153847,0.42857142857142855,0.736842105263158,0.33333333333333326,0.7,0.8333333333333335
0.9230769230769232,0.42857142857142855,0.736842105263158,0.33333333333333326,0.7,0.8333333333333335
0.9615384615384616,0.42857142857142855,0.736842105263158,0.33333333333333326,0.7,0.8333333333333335
1.0,0.42857142857142855,0.736842105263158,0.33333333333333326,0.7,0.8333333333333335
0.6153846153846154,0.49999999999999994,0.47368421052631576,0.16666666666666674,0.5,0.5
0.6538461538461539,0.49999999999999994,0.47368421052631576,0.16666666666666674,0.5,0.5
0.6923076923076924,0.49999999999999994,0.47368421052631576,0.16666666666666674,0.5,0.5
0.7307692307692308,0.49999999999999994,0.47368421052631576,0.16666666666666674,0.5,0.5
0.7692307692307693,0.49999999999999994,0.47368421052631576,0.16666666666666674,0.5,0.5
0.8076923076923077,0.49999999999999994,0.47368421052631576,0.16666666666666674,0.5,0.5
0.8461538461538461,0.49999999999999994,0.47368421052631576,0.16666666666666674,0.5,0.5
0.8846153846153847,0.49999999999999994,0.47368421052631576,0.16666666666666674,0.5,0.5
0.9230769230769232,0.49999999999999994,0.47368421052631576,0.16666666666666674,0.5,0.5
0.9615384615384616,0.49999999999999994,0.47368421052631576,0.16666666666666674,0.5,0.5
1.0,0.49999999999999994,0.47368421052631576,0.16666666666666674,0.5,0.5
0.6153846153846154,0.5714285714285714,0.5263157894736843,0.33333333333333326,0.6000000000000001,0.6666666666666667
0.6538461538461539,0.5714285714285714,0.5263157894736843,0.33333333333333326,0.6000000000000001,0.6666666666666667
0.6923076923076924,0.5714285714285714,0.5263157894736843,0.33333333333333326,0.6000000000000001,0.6666666666666667
0.7307692307692308,0.5714285714285714,0.5263157894736843,0.33333333333333326,0.6000000000000001,0.6666666666666667
0.7692307692307693,0.5714285714285714,0.5263157894736843,0.33333333333333326,0.6000000000000001,0.6666666666666667
0.8076923076923077,0.5714285714285714,0.5263157894736843,0.33333333333333326,0.6000000000000001,0.6666666666666667
0.8461538461538461,0.5714285714285714,0.5263157894736843,0.33333333333333326,0.6000000000000001,0.6666666666666667
0.8846153846153847,0.5714285714285714,0.5263157894736843,0.33333333333333326,0.6000000000000001,0.6666666666666667
0.9230769230769232,0.5714285714285714,0.5263157894736843,0.33333333333333326,0.6000000000000001,0.6666666666666667
0.9615384615384616,0.5714285714285714,0.5263157894736843,0.33333333333333326,0.6000000000000001,0.6666666666666667
1.0,0.5714285714285714,0.5263157894736843,0.33333333333333326,0.6000000000000001,0.6666666666666667
0.6153846153846154,0.6428571428571428,0.5789473684210527,0.4999999999999998,0.7,0.8333333333333335
0.6538461538461539,0.6428571428571428,0.5789473684210527,0.4999999999999998,0.7,0.8333333333333335
0.6923076923076924,0.6428571428571428,0.5789473684210527,0.4999999999999998,0.7,0.8333333333333335
0.7307692307692308,0.6428571428571428,0.5789473684210527,0.4999999999999998,0.7,0.8333333333333335
0.7692307692307693,0.6428571428571428,0.5789473684210527,0.4999999999999998,0.7,0.8333333333333335
0.8076923076923077,0.6428571428571428,0.5789473684210527,0.4999999999999998,0.7,0.8333333333333335
0.8461538461538461,0.6428571428571428,0.5789473684210527,0.4999999999999998,0.7,0.8333333333333335
0.8846153846153847,0.6428571428571428,0.5789473684210527,0.4999999999999998,0.7,0.8333333333333335
0.9230769230769232,0.6428571428571428,0.5789473684210527,0.4999999999999998,0.7,0.8333333333333335
0.9615384615384616,0.6428571428571428,0.5789473684210527,0.4999999999999998,0.7,0.8333333333333335
1.0,0.6428571428571428,0.5789473684210527,0.4999999999999998,0.7,0.8333333333333335
0.6153846153846154,0.7142857142857142,0.631578947368421,0.6666666666666667,0.5,0.5
0.6538461538461539,0.7142857142857142,0.631578947368421,0.6666666666666667,0.5,0.5
0.6923076923076924,0.7142857142857142,0.631578947368421,0.6666666666666667,0.5,0.5
0.7307692307692308,0.7142857142857142,0.631578947368421,0.6666666666666667,0.5,0.5
0.7692307692307693,0.7142857142857142,0.631578947368421,0.6666666666666667,0.5,0.5
0.8076923076923077,0.7142857142857142,0.631578947368421,0.6666666666666667,0.5,0.5
0.8461538461538461,0.7142857142857142,0.631578947368421,0.6666666666666667,0.5,0.5
0.8846153846153847,0.7142857142857142,0.631578947368421,0.6666666666666667,0.5,0.5
0.9230769230769232,0.7142857142857142,0.631578947368421,0.6666666666666667,0.5,0.5
0.9615384615384616,0.7142857142857142,0.631578947368421,0.6666666666666667,0.5,0.5
1.0,0.7142857142857142,0.631578947368421,0.6666666666666667,0.5,0.5
0.6153846153846154,0.42857142857142855,0.6842105263157894,0.16666666666666674,0.6000000000000001,0.6666666666666667
0.6538461538461539,0.42857142857142855,0.6842105263157894,0.16666666666666674,0.6000000000000001,0.6666666666666667
0.6923076923076924,0.42857142857142855,0.6842105263157894,0.16666666666666674,0.6000000000000001,0.6666666666666667
0.7307692307692308,0.42857142857142855,0.6842105263157894,0.16666666666666674,0.6000000000000001,0.6666666666666667
0.7692307692307693,0.42857142857142855,0.6842105263157894,0.16666666666666674,0.6000000000000001,0.6666666666666667
0.8076923076923077,0.42857142857142855,0.6842105263157894,0.16666666666666674,0.6000000000000001,0.6666666666666667
0.8461538461538461,0.42857142857142855,0.6842105263157894,0.16666666666666674,0.6000000000000001,0.6666666666666667
0.8846153846153847,0.42857142857142855,0.6842105263157894,0.16666666666666674,0.6000000000000001,0.6666666666666667
0.9230769230769232,0.42857142857142855,0.6842105263157894,0.16666666666666674,0.6000000000000001,0.6666666666666667
0.9615384615384616,0.42857142857142855,0.6842105263157894,0.16666666666666674,0.6000000000000001,0.6666666666666667
1.0,0.42857142857142855,0.6842105263157894,0.16666666666666674,0.6000000000000001,0.6666666666666667
0.6153846153846154,0.49999999999999994,0.736842105263158,0.33333333333333326,0.7,0.8333333333333335
0.6538461538461539,0.49999999999999994,0.736842105263158,0.33333333333333326,0.7,0.8333333333333335
0.6923076923076924,0.49999999999999994,0.736842105263158,0.33333333333333326,0.7,0.8333333333333335
0.7307692307692308,0.49999999999999994,0.736842105263158,0.33333333333333326,0.7,0.8333333333333335
0.7692307692307693,0.49999999999999994,0.736842105263158,0.33333333333333326,0.7,0.8333333333333335
0.8076923076923077,0.49999999999999994,0.736842105263158,0.33333333333333326,0.7,0.8333333333333335
0.8461538461538461,0.49999999999999994,0.736842105263158,0.33333333333333326,0.7,0.8333333333333335
0.8846153846153847,0.49999999999999994,0.736842105263158,0.33333333333333326,0.7,0.8333333333333335
0.9230769230769232,0.49999999999999994,0.736842105263158,0.33333333333333326,0.7,0.8333333333333335
0.9615384615384616,0.49999999999999994,0.736842105263158,0.33333333333333326,0.7,0.8333333333333335
1.0,0.49999999999999994,0.736842105263158,0.33333333333333326,0.7,0.8333333333333335
0.6153846153846154,0.5714285714285714,0.47368421052631576,0.4999999999999998,0.5,0.5
0.6538461538461539,0.5714285714285714,0.47368421052631576,0.4999999999999998,0.5,0.5
0.6923076923076924,0.5714285714285714,0.47368421052631576,0.4999999999999998,0.5,0.5
0.7307692307692308,0.5714285714285714,0.47368421052631576,0.4999999999999998,0.5,0.5
0.7692307692307693,0.5714285714285714,0.47368421052631576,0.4999999999999998,0.5,0.5
0.8076923076923077,0.5714285714285714,0.47368421052631576,0.4999999999999998,0.5,0.5
0.8461538461538461,0.5714285714285714,0.47368421052631576,0.4999999999999998,0.5,0.5
0.8846153846153847,0.5714285714285714,0.47368421052631576,0.4999999999999998,0.5,0.5
0.9230769230769232,0.5714285714285714,0.47368421052631576,0.4999999999999998,0.5,0.5
0.9615384615384616,0.5714285714285714,0.47368421052631576,0.4999999999999998,0.5,0.5
1.0,0.5714285714285714,0.47368421052631576,0.4999999999999998,0.5,0.5
0.6153846153846154,0.6428571428571428,0.5263157894736843,0.6666666666666667,0.6000000000000001,0.6666666666666667
0.6538461538461539,0.6428571428571428,0.5263157894736843,0.6666666666666667,0.6000000000000001,0.6666666666666667
0.6923076923076924,0.6428571428571428,0.5263157894736843,0.6666666666666667,0.6000000000000001,0.6666666666666667
0.7307692307692308,0.6428571428571428,0.5263157894736843,0.6666666666666667,0.6000000000000001,0.6666666666666667
0.7692307692307693,0.6428571428571428,0.5263157894736843,0.6666666666666667,0.6000000000000001,0.6666666666666667
0.8076923076923077,0.6428571428571428,0.5263157894736843,0.6666666666666667,0.6000000000000001,0.6666666666666667
0.8461538461538461,0.6428571428571428,0.5263157894736843,0.6666666666666667,0.6000000000000001,0.6666666666666667
0.8846153846153847,0.6428571428571428,0.5263157894736843,0.6666666666666667,0.6000000000000001,0.6666666666666667
0.9230769230769232,0.6428571428571428,0.5263157894736843,0.6666666666666667,0.6000000000000001,0.6666666666666667
0.9615384615384616,0.6428571428571428,0.5263157894736843,0.6666666666666667,0.6000000000000001,0.6666666666666667
1.0,0.6428571428571428,0.5263157894736843,0.6666666666666667,0.6000000000000001,0.6666666666666667
0.6153846153846154,0.7142857142857142,0.5789473684210527,0.16666666666666674,0.7,0.8333333333333335
0.6538461538461539,0.7142857142857142,0.5789473684210527,0.16666666666666674,0.7,0.8333333333333335
0.6923076923076924,0.7142857142857142,0.5789473684210527,0.16666666666666674,0.7,0.8333333333333335
0.7307692307692308,0.7142857142857142,0.5789473684210527,0.16666666666666674,0.7,0.8333333333333335
0.7692307692307693,0.7142857142857142,0.5789473684210527,0.16666666666666674,0.7,0.8333333333333335
0.8076923076923077,0.7142857142857142,0.5789473684210527,0.16666666666666674,0.7,0.8333333333333335
0.8461538461538461,0.7142857142857142,0.5789473684210527,0.16666666666666674,0.7,0.8333333333333335
0.8846153846153847,0.7142857142857142,0.5789473684210527,0.16666666666666674,0.7,0.8333333333333335
0.9230769230769232,0.7142857142857142,0.5789473684210527,0.16666666666666674,0.7,0.8333333333333335
0.9615384615384616,0.7142857142857142,0.5789473684210527,0.16666666666666674,0.7,0.8333333333333335
1.0,0.7142857142857142,0.5789473684210527,0.16666666666666674,0.7,0.8333333333333335
0.6153846153846154,0.42857142857142855,0.631578947368421,0.33333333333333326,0.5,0.5
0.6538461538461539,0.42857142857142855,0.631578947368421,0.33333333333333326,0.5,0.5
0.6923076923076924,0.42857142857142855,0.631578947368421,0.33333333333333326,0.5,0.5
0.7307692307692308,0.42857142857142855,0.631578947368421,0.33333333333333326,0.5,0.5
0.7692307692307693,0.42857142857142855,0.631578947368421,0.33333333333333326,0.5,0.5
0.8076923076923077,0.42857142857142855,0.631578947368421,0.33333333333333326,0.5,0.5
0.8461538461538461,0.42857142857142855,0.631578947368421,0.33333333333333326,0.5,0.5
0.8846153846153847,0.42857142857142855,0.631578947368421,0.33333333333333326,0.5,0.5
0.9230769230769232,0.42857142857142855,0.631578947368421,0.33333333333333326,0.5,0.5
0.9615384615384616,0.42857142857142855,0.631578947368421,0.33333333333333326,0.5,0.5
1.0,0.42857142857142855,0.631578947368421,0.33333333333333326,0.5,0.5
0.6153846153846154,0.49999999999999994,0.6842105263157894,0.4999999999999998,0.6000000000000001,0.6666666666666667
0.6538461538461539,0.49999999999999994,0.6842105263157894,0.4999999999999998,0.6000000000000001,0.6666666666666667
0.6923076923076924,0.49999999999999994,0.6842105263157894,0.4999999999999998,0.6000000000000001,0.6666666666666667
0.7307692307692308,0.49999999999999994,0.6842105263157894,0.4999999999999998,0.6000000000000001,0.6666666666666667
0.7692307692307693,0.49999999999999994,0.6842105263157894,0.4999999999999998,0.6000000000000001,0.6666666666666667
0.8076923076923077,0.49999999999999994,0.6842105263157894,0.4999999999999998,0.6000000000000001,0.6666666666666667
0.8461538461538461,0.49999999999999994,0.6842105263157894,0.4999999999999998,0.6000000000000001,0.6666666666666667
0.8846153846153847,0.49999999999999994,0.6842105263157894,0.4999999999999998,0.6000000000000001,0.6666666666666667
0.9230769230769232,0.49999999999999994,0.6842105263157894,0.4999999999999998,0.6000000000000001,0.6666666666666667
0.9615384615384616,0.49999999999999994,0.6842105263157894,0.4999999999999998,0.6000000000000001,0.6666666666666667
1.0,0.49999999999999994,0.6842105263157894,0.4999999999999998,0.6000000000000001,0.6666666666666667
0.6153846153846154,0.5714285714285714,0.736842105263158,0.6666666666666667,0.7,0.8333333333333335
0.6538461538461539,0.5714285714285714,0.736842105263158,0.6666666666666667,0.7,0.8333333333333335
0.6923076923076924,0.5714285714285714,0.736842105263158,0.6666666666666667,0.7,0.8333333333333335
0.7307692307692308,0.5714285714285714,0.736842105263158,0.6666666666666667,0.7,0.8333333333333335
0.7692307692307693,0.5714285714285714,0.736842105263158,0.6666666666666667,0.7,0.8333333333333335
0.8076923076923077,0.5714285714285714,0.736842105263158,0.6666666666666667,0.7,0.8333333333333335
0.8461538461538461,0.5714285714285714,0.736842105263158,0.6666666666666667,0.7,0.8333333333333335
0.8846153846153847,0.5714285714285714,0.736842105263158,0.6666666666666667,0.7,0.8333333333333335
0.9230769230769232,0.5714285714285714,0.736842105263158,0.6666666666666667,0.7,0.8333333333333335
0.9615384615384616,0.5714285714285714,0.736842105263158,0.6666666666666667,0.7,0.8333333333333335
1.0,0.5714285714285714,0.736842105263158,0.6666666666666667,0.7,0.8333333333333335
0.6153846153846154,0.6428571428571428,0.47368421052631576,0.16666666666666674,0.5,0.5
0.6538461538461539,0.6428571428571428,0.47368421052631576,0.16666666666666674,0.5,0.5
0.6923076923076924,0.6428571428571428,0.47368421052631576,0.16666666666666674,0.5,0.5
0.7307692307692308,0.6428571428571428,0.47368421052631576,0.16666666666666674,0.5,0.5
0.7692307692307693,0.6428571428571428,0.47368421052631576,0.16666666666666674,0.5,0.5
0.8076923076923077,0.6428571428571428,0.47368421052631576,0.16666666666666674,0.5,0.5
0.8461538461538461,0.6428571428571428,0.47368421052631576,0.16666666666666674,0.5,0.5
0.8846153846153847,0.6428571428571428,0.47368421052631576,0.16666666666666674,0.5,0.5
0.9230769230769232,0.6428571428571428,0.47368421052631576,0.16666666666666674,0.5,0.5
0.9615384615384616,0.6428571428571428,0.47368421052631576,0.16666666666666674,0.5,0.5
1.0,0.6428571428571428,0.47368421052631576,0.16666666666666674,0.5,0.5
0.6153846153846154,0.7142857142857142,0.5263157894736843,0.33333333333333326,0.6000000000000001,0.6666666666666667
0.6538461538461539,0.7142857142857142,0.5263157894736843,0.33333333333333326,0.6000000000000001,0.6666666666666667
0.6923076923076924,0.7142857142857142,0.5263157894736843,0.33333333333333326,0.6000000000000001,0.6666666666666667
0.7307692307692308,0.7142857142857142,0.5263157894736843,0.33333333333333326,0.6000000000000001,0.6666666666666667
0.7692307692307693,0.7142857142857142,0.5263157894736843,0.33333333333333326,0.6000000000000001,0.6666666666666667
0.8076923076923077,0.7142857142857142,0.5263157894736843,0.33333333333333326,0.6000000000000001,0.6666666666666667
0.8461538461538461,0.7142857142857142,0.5263157894736843,0.33333333333333326,0.6000000000000001,0.6666666666666667
0.8846153846153847,0.7142857142857142,0.5263157894736843,0.33333333333333326,0.6000000000000001,0.6666666666666667
0.9230769230769232,0.7142857142857142,0.5263157894736843,0.33333333333333326,0.6000000000000001,0.6666666666666667
0.9615384615384616,0.7142857142857142,0.5263157894736843,0.33333333333333326,0.6000000000000001,0.6666666666666667
1.0,0.7142857142857142,0.5263157894736843,0.33333333333333326,0.6000000000000001,0.6666666666666667
0.6153846153846154,0.42857142857142855,0.5789473684210527,0.4999999999999998,0.7,0.8333333333333335
0.6538461538461539,0.42857142857142855,0.5789473684210527,0.4999999999999998,0.7,0.8333333333333335
0.6923076923076924,0.42857142857142855,0.5789473684210527,0.4999999999999998,0.7,0.8333333333333335
0.7307692307692308,0.42857142857142855,0.5789473684210527,0.4999999999999998,0.7,0.8333333333333335
0.7692307692307693,0.42857142857142855,0.5789473684210527,0.4999999999999998,0.7,0.8333333333333335
0.8076923076923077,0.42857142857142855,0.5789473684210527,0.4999999999999998,0.7,0.8333333333333335
0.8461538461538461,0.42857142857142855,0.5789473684210527,0.4999999999999998,0.7,0.8333333333333335
0.8846153846153847,0.42857142857142855,0.5789473684210527,0.4999999999999998,0.7,0.8333333333333335
0.9230769230769232,0.42857142857142855,0.5789473684210527,0.4999999999999998,0.7,0.8333333333333335
0.9615384615384616,0.42857142857142855,0.5789473684210527,0.4999999999999998,0.7,0.8333333333333335
1.0,0.42857142857142855,0.5789473684210527,0.4999999999999998,0.7,0.8333333333333335
0.6153846153846154,0.49999999999999994,0.631578947368421,0.6666666666666667,0.5,0.5
0.6538461538461539,0.49999999999999994,0.631578947368421,0.6666666666666667,0.5,0.5
0.6923076923076924,0.49999999999999994,0.631578947368421,0.6666666666666667,0.5,0.5
0.7307692307692308,0.49999999999999994,0.631578947368421,0.6666666666666667,0.5,0.5
0.7692307692307693,0.49999999999999994,0.631578947368421,0.6666666666666667,0.5,0.5
0.8076923076923077,0.49999999999999994,0.631578947368421,0.6666666666666667,0.5,0.5
0.8461538461538461,0.49999999999999994,0.631578947368421,0.6666666666666667,0.5,0.5
0.8846153846153847,0.49999999999999994,0.631578947368421,0.6666666666666667,0.5,0.5
0.9230769230769232,0.49999999999999994,0.631578947368421,0.6666666666666667,0.5,0.5
0.9615384615384616,0.49999999999999994,0.631578947368421,0.6666666666666667,0.5,0.5
1.0,0.49999999999999994,0.631578947368421,0.6666666666666667,0.5,0.5
0.6153846153846154,0.5714285714285714,0.6842105263157894,0.16666666666666674,0.6000000000000001,0.6666666666666667
0.6538461538461539,0.5714285714285714,0.6842105263157894,0.16666666666666674,0.6000000000000001,0.6666666666666667
0.6923076923076924,0.5714285714285714,0.6842105263157894,0.16666666666666674,0.6000000000000001,0.6666666666666667
0.7307692307692308,0.5714285714285714,0.6842105263157894,0.16666666666666674,0.6000000000000001,0.6666666666666667
0.7692307692307693,0.5714285714285714,0.6842105263157894,0.16666666666666674,0.6000000000000001,0.6666666666666667
0.8076923076923077,0.5714285714285714,0.6842105263157894,0.16666666666666674,0.6000000000000001,0.6666666666666667
0.8461538461538461,0.5714285714285714,0.6842105263157894,0.16666666666666674,0.6000000000000001,0.6666666666666667
0.8846153846153847,0.5714285714285714,0.6842105263157894,0.16666666666666674,0.6000000000000001,0.6666666666666667
0.9230769230769232,0.5714285714285714,0.6842105263157894,0.16666666666666674,0.6000000000000001,0.6666666666666667
0.9615384615384616,0.5714285714285714,0.6842105263157894,0.16666666666666674,0.6000000000000001,0.6666666666666667
1.0,0.5714285714285714,0.6842105263157894,0.16666666666666674,0.6000000000000001,0.6666666666666667
0.6153846153846154,0.6428571428571428,0.736842105263158,0.33333333333333326,0.7,0.8333333333333335
0.6538461538461539,0.6428571428571428,0.736842105263158,0.33333333333333326,0.7,0.8333333333333335
0.6923076923076924,0.6428571428571428,0.736842105263158,0.33333333333333326,0.7,0.8333333333333335
0.7307692307692308,0.6428571428571428,0.736842105263158,0.33333333333333326,0.7,0.8333333333333335
0.7692307692307693,0.6428571428571428,0.736842105263158,0.33333333333333326,0.7,0.8333333333333335
0.8076923076923077,0.6428571428571428,0.736842105263158,0.33333333333333326,0.7,0.8333333333333335
0.8461538461538461,0.6428571428571428,0.736842105263158,0.33333333333333326,0.7,0.8333333333333335
0.8846153846153847,0.6428571428571428,0.736842105263158,0.33333333333333326,0.7,0.8333333333333335
0.9230769230769232,0.6428571428571428,0.736842105263158,0.33333333333333326,0.7,0.8333333333333335
0.9615384615384616,0.6428571428571428,0.736842105263158,0.33333333333333326,0.7,0.8333333333333335
1.0,0.6428571428571428,0.736842105263158,0.33333333333333326,0.7,0.8333333333333335
0.6153846153846154,0.7142857142857142,0.47368421052631576,0.4999999999999998,0.5,0.5
0.6538461538461539,0.7142857142857142,0.47368421052631576,0.4999999999999998,0.5,0.5
0.6923076923076924,0.7142857142857142,0.47368421052631576,0.4999999999999998,0.5,0.5
0.7307692307692308,0.7142857142857142,0.47368421052631576,0.4999999999999998,0.5,0.5
0.7692307692307693,0.7142857142857142,0.47368421052631576,0.4999999999999998,0.5,0.5
0.8076923076923077,0.7142857142857142,0.47368421052631576,0.4999999999999998,0.5,0.5
0.8461538461538461,0.7142857142857142,0.47368421052631576,0.4999999999999998,0.5,0.5
0.8846153846153847,0.7142857142857142,0.47368421052631576,0.4999999999999998,0.5,0.5
0.9230769230769232,0.7142857142857142,0.47368421052631576,0.4999999999999998,0.5,0.5
0.9615384615384616,0.7142857142857142,0.47368421052631576,0.4999999999999998,0.5,0.5
1.0,0.7142857142857142,0.47368421052631576,0.4999999999999998,0.5,0.5
0.6153846153846154,0.42857142857142855,0.5263157894736843,0.6666666666666667,0.6000000000000001,0.6666666666666667
0.6538461538461539,0.42857142857142855,0.5263157894736843,0.6666666666666667,0.6000000000000001,0.6666666666666667
0.6923076923076924,0.42857142857142855,0.5263157894736843,0.6666666666666667,0.6000000000000001,0.6666666666666667
0.7307692307692308,0.42857142857142855,0.5263157894736843,0.6666666666666667,0.6000000000000001,0.6666666666666667
0.7692307692307693,0.42857142857142855,0.5263157894736843,0.6666666666666667,0.6000000000000001,0.6666666666666667
0.8076923076923077,0.42857142857142855,0.5263157894736843,0.6666666666666667,0.6000000000000001,0.6666666666666667
0.8461538461538461,0.42857142857142855,0.5263157894736843,0.6666666666666667,0.6000000000000001,0.6666666666666667
0.8846153846153847,0.42857142857142855,0.5263157894736843,0.6666666666666667,0.6000000000000001,0.6666666666666667
0.9230769230769232,0.42857142857142855,0.5263157894736843,0.6666666666666667,0.6000000000000001,0.6666666666666667
0.9615384615384616,0.42857142857142855,0.5263157894736843,0.6666666666666667,0.6000000000000001,0.6666666666666667
1.0,0.42857142857142855,0.5263157894736843,0.6666666666666667,0.6000000000000001,0.6666666666666667
0.6153846153846154,0.49999999999999994,0.5789473684210527,0.16666666666666674,0.7,0.8333333333333335
0.6538461538461539,0.49999999999999994,0.5789473684210527,0.16666666666666674,0.7,0.8333333333333335
0.6923076923076924,0.49999999999999994,0.5789473684210527,0.16666666666666674,0.7,0.8333333333333335
0.7307692307692308,0.49999999999999994,0.5789473684210527,0.16666666666666674,0.7,0.8333333333333335
0.7692307692307693,0.49999999999999994,0.5789473684210527,0.16666666666666674,0.7,0.8333333333333335
0.8076923076923077,0.49999999999999994,0.5789473684210527,0.16666666666666674,0.7,0.8333333333333335
0.8461538461538461,0.49999999999999994,0.5789473684210527,0.16666666666666674,0.7,0.8333333333333335
0.8846153846153847,0.49999999999999994,0.5789473684210527,0.16666666666666674,0.7,0.8333333333333335
0.9230769230769232,0.49999999999999994,0.5789473684210527,0.16666666666666674,0.7,0.8333333333333335
0.9615384615384616,0.49999999999999994,0.5789473684210527,0.16666666666666674,0.7,0.8333333333333335
1.0,0.49999999999999994,0.5789473684210527,0.16666666666666674,0.7,0.8333333333333335
0.6153846153846154,0.5714285714285714,0.631578947368421,0.33333333333333326,0.5,0.5
0.6538461538461539,0.5714285714285714,0.631578947368421,0.33333333333333326,0.5,0.5
0.6923076923076924,0.5714285714285714,0.631578947368421,0.33333333333333326,0.5,0.5
0.7307692307692308,0.5714285714285714,0.631578947368421,0.33333333333333326,0.5,0.5
0.7692307692307693,0.5714285714285714,0.631578947368421,0.33333333333333326,0.5,0.5
0.8076923076923077,0.5714285714285714,0.631578947368421,0.33333333333333326,0.5,0.5
0.8461538461538461,0.5714285714285714,0.631578947368421,0.33333333333333326,0.5,0.5
0.8846153846153847,0.5714285714285714,0.631578947368421,0.33333333333333326,0.5,0.5
0.9230769230769232,0.5714285714285714,0.631578947368421,0.33333333333333326,0.5,0.5
0.9615384615384616,0.5714285714285714,0.631578947368421,0.33333333333333326,0.5,0.5
1.0,0.5714285714285714,0.631578947368421,0.33333333333333326,0.5,0.5
0.6153846153846154,0.6428571428571428,0.6842105263157894,0.4999999999999998,0.6000000000000001,0.6666666666666667
0.6538461538461539,0.6428571428571428,0.6842105263157894,0.4999999999999998,0.6000000000000001,0.6666666666666667
0.6923076923076924,0.6428571428571428,0.6842105263157894,0.4999999999999998,0.6000000000000001,0.6666666666666667
0.7307692307692308,0.6428571428571428,0.6842105263157894,0.4999999999999998,0.6000000000000001,0.6666666666666667
0.7692307692307693,0.6428571428571428,0.6842105263157894,0.4999999999999998,0.6000000000000001,0.6666666666666667
0.8076923076923077,0.6428571428571428,0.6842105263157894,0.4999999999999998,0.6000000000000001,0.6666666666666667
0.8461538461538461,0.6428571428571428,0.6842105263157894,0.4999999999999998,0.6000000000000001,0.6666666666666667
0.8846153846153847,0.6428571428571428,0.6842105263157894,0.4999999999999998,0.6000000000000001,0.6666666666666667
0.9230769230769232,0.6428571428571428,0.6842105263157894,0.4999999999999998,0.6000000000000001,0.6666666666666667
0.9615384615384616,0.6428571428571428,0.6842105263157894,0.4999999999999998,0.6000000000000001,0.6666666666666667
1.0,0.6428571428571428,0.6842105263157894,0.4999999999999998,0.6000000000000001,0.6666666666666667
0.6153846153846154,0.7142857142857142,0.736842105263158,0.6666666666666667,0.7,0.8333333333333335
0.6538461538461539,0.7142857142857142,0.736842105263158,0.6666666666666667,0.7,0.8333333333333335
0.6923076923076924,0.7142857142857142,0.736842105263158,0.6666666666666667,0.7,0.8333333333333335
0.7307692307692308,0.7142857142857142,0.736842105263158,0.6666666666666667,0.7,0.8333333333333335
0.7692307692307693,0.7142857142857142,0.736842105263158,0.6666666666666667,0.7,0.8333333333333335
0.8076923076923077,0.7142857142857142,0.736842105263158,0.6666666666666667,0.7,0.8333333333333335
0.8461538461538461,0.7142857142857142,0.736842105263158,0.6666666666666667,0.7,0.8333333333333335
0.8846153846153847,0.7142857142857142,0.736842105263158,0.6666666666666667,0.7,0.8333333333333335
0.9230769230769232,0.7142857142857142,0.736842105263158,0.6666666666666667,0.7,0.8333333333333335
0.9615384615384616,0.7142857142857142,0.736842105263158,0.6666666666666667,0.7,0.8333333333333335
1.0,0.7142857142857142,0.736842105263158,0.6666666666666667,0.7,0.8333333333333335
0.6153846153846154,0.7142857142857142,0.3684210526315789,0.16666666666666674,0.5,0.5
0.6538461538461539,0.7142857142857142,0.3684210526315789,0.16666666666666674,0.5,0.5
0.6923076923076924,0.7142857142857142,0.3684210526315789,0.16666666666666674,0.5,0.5
0.7307692307692308,0.7142857142857142,0.3684210526315789,0.16666666666666674,0.5,0.5
0.7692307692307693,0.7142857142857142,0.3684210526315789,0.16666666666666674,0.5,0.5
0.6153846153846154,0.7857142857142856,0.42105263157894735,0.33333333333333326,0.6000000000000001,0.6666666666666667
0.6538461538461539,0.7857142857142856,0.42105263157894735,0.33333333333333326,0.6000000000000001,0.6666666666666667
0.6923076923076924,0.7857142857142856,0.42105263157894735,0.33333333333333326,0.6000000000000001,0.6666666666666667
0.7307692307692308,0.7857142857142856,0.42105263157894735,0.33333333333333326,0.6000000000000001,0.6666666666666667
0.7692307692307693,0.7857142857142856,0.42105263157894735,0.33333333333333326,0.6000000000000001,0.6666666666666667
0.6153846153846154,0.8571428571428572,0.47368421052631576,0.4999999999999998,0.7,0.8333333333333335
0.6538461538461539,0.8571428571428572,0.47368421052631576,0.4999999999999998,0.7,0.8333333333333335
0.6923076923076924,0.8571428571428572,0.47368421052631576,0.4999999999999998,0.7,0.8333333333333335
0.7307692307692308,0.8571428571428572,0.47368421052631576,0.4999999999999998,0.7,0.8333333333333335
0.7692307692307693,0.8571428571428572,0.47368421052631576,0.4999999999999998,0.7,0.8333333333333335
0.6153846153846154,0.9285714285714286,0.5263157894736843,0.6666666666666667,0.5,0.5
0.6538461538461539,0.9285714285714286,0.5263157894736843,0.6666666666666667,0.5,0.5
0.6923076923076924,0.9285714285714286,0.5263157894736843,0.6666666666666667,0.5,0.5
0.7307692307692308,0.9285714285714286,0.5263157894736843,0.6666666666666667,0.5,0.5
0.7692307692307693,0.9285714285714286,0.5263157894736843,0.6666666666666667,0.5,0.5
0.6153846153846154,1.0,0.5789473684210527,0.16666666666666674,0.6000000000000001,0.6666666666666667
0.6538461538461539,1.0,0.5789473684210527,0.16666666666666674,0.6000000000000001,0.6666666666666667
0.6923076923076924,1.0,0.5789473684210527,0.16666666666666674,0.6000000000000001,0.6666666666666667
0.7307692307692308,1.0,0.5789473684210527,0.16666666666666674,0.6000000000000001,0.6666666666666667
0.7692307692307693,1.0,0.5789473684210527,0.16666666666666674,0.6000000000000001,0.6666666666666667
0.6153846153846154,0.7142857142857142,0.631578947368421,0.33333333333333326,0.7,0.8333333333333335
0.6538461538461539,0.7142857142857142,0.631578947368421,0.33333333333333326,0.7,0.8333333333333335
0.6923076923076924,0.7142857142857142,0.631578947368421,0.33333333333333326,0.7,0.8333333333333335
0.7307692307692308,0.7142857142857142,0.631578947368421,0.33333333333333326,0.7,0.8333333333333335
0.7692307692307693,0.7142857142857142,0.631578947368421,0.33333333333333326,0.7,0.8333333333333335
0.6153846153846154,0.7857142857142856,0.3684210526315789,0.4999999999999998,0.5,0.5
0.6538461538461539,0.7857142857142856,0.3684210526315789,0.4999999999999998,0.5,0.5
0.6923076923076924,0.7857142857142856,0.3684210526315789,0.4999999999999998,0.5,0.5
0.7307692307692308,0.7857142857142856,0.3684210526315789,0.4999999999999998,0.5,0.5
0.7692307692307693,0.7857142857142856,0.3684210526315789,0.4999999999999998,0.5,0.5
0.6153846153846154,0.8571428571428572,0.42105263157894735,0.6666666666666667,0.6000000000000001,0.6666666666666667
0.6538461538461539,0.8571428571428572,0.42105263157894735,0.6666666666666667,0.6000000000000001,0.6666666666666667
0.6923076923076924,0.8571428571428572,0.42105263157894735,0.6666666666666667,0.6000000000000001,0.6666666666666667
0.7307692307692308,0.8571428571428572,0.42105263157894735,0.6666666666666667,0.6000000000000001,0.6666666666666667
0.7692307692307693,0.8571428571428572,0.42105263157894735,0.6666666666666667,0.6000000000000001,0.6666666666666667
0.6153846153846154,0.9285714285714286,0.47368421052631576,0.16666666666666674,0.7,0.8333333333333335
0.6538461538461539,0.9285714285714286,0.47368421052631576,0.16666666666666674,0.7,0.8333333333333335
0.6923076923076924,0.9285714285714286,0.47368421052631576,0.16666666666666674,0.7,0.8333333333333335
0.7307692307692308,0.9285714285714286,0.47368421052631576,0.16666666666666674,0.7,0.8333333333333335
0.7692307692307693,0.9285714285714286,0.47368421052631576,0.16666666666666674,0.7,0.8333333333333335
0.6153846153846154,1.0,0.5263157894736843,0.33333333333333326,0.5,0.5
0.6538461538461539,1.0,0.5263157894736843,0.33333333333333326,0.5,0.5
0.6923076923076924,1.0,0.5263157894736843,0.33333333333333326,0.5,0.5
0.7307692307692308,1.0,0.5263157894736843,0.33333333333333326,0.5,0.5
0.7692307692307693,1.0,0.5263157894736843,0.33333333333333326,0.5,0.5
0.6153846153846154,0.7142857142857142,0.5789473684210527,0.4999999999999998,0.6000000000000001,0.6666666666666667
0.6538461538461539,0.7142857142857142,0.5789473684210527,0.4999999999999998,0.6000000000000001,0.6666666666666667
0.6923076923076924,0.7142857142857142,0.5789473684210527,0.4999999999999998,0.6000000000000001,0.6666666666666667
0.7307692307692308,0.7142857142857142,0.5789473684210527,0.4999999999999998,0.6000000000000001,0.6666666666666667
0.7692307692307693,0.7142857142857142,0.5789473684210527,0.4999999999999998,0.6000000000000001,0.6666666666666667
0.6153846153846154,0.7857142857142856,0.631578947368421,0.6666666666666667,0.7,0.8333333333333335
0.6538461538461539,0.7857142857142856,0.631578947368421,0.6666666666666667,0.7,0.8333333333333335
0.6923076923076924,0.7857142857142856,0.631578947368421,0.6666666666666667,0.7,0.8333333333333335
0.7307692307692308,0.7857142857142856,0.631578947368421,0.6666666666666667,0.7,0.8333333333333335
0.7692307692307693,0.7857142857142856,0.631578947368421,0.6666666666666667,0.7,0.8333333333333335
0.6153846153846154,0.8571428571428572,0.3684210526315789,0.16666666666666674,0.5,0.5
0.6538461538461539,0.8571428571428572,0.3684210526315789,0.16666666666666674,0.5,0.5
0.6923076923076924,0.8571428571428572,0.3684210526315789,0.16666666666666674,0.5,0.5
0.7307692307692308,0.8571428571428572,0.3684210526315789,0.16666666666666674,0.5,0.5
0.7692307692307693,0.8571428571428572,0.3684210526315789,0.16666666666666674,0.5,0.5
0.6153846153846154,0.9285714285714286,0.42105263157894735,0.33333333333333326,0.6000000000000001,0.6666666666666667
0.6538461538461539,0.9285714285714286,0.42105263157894735,0.33333333333333326,0.6000000000000001,0.6666666666666667
0.6923076923076924,0.9285714285714286,0.42105263157894735,0.33333333333333326,0.6000000000000001,0.6666666666666667
0.7307692307692308,0.9285714285714286,0.42105263157894735,0.33333333333333326,0.6000000000000001,0.6666666666666667
0.7692307692307693,0.9285714285714286,0.42105263157894735,0.33333333333333326,0.6000000000000001,0.6666666666666667
0.6153846153846154,1.0,0.47368421052631576,0.4999999999999998,0.7,0.8333333333333335
0.6538461538461539,1.0,0.47368421052631576,0.4999999999999998,0.7,0.8333333333333335
0.6923076923076924,1.0,0.47368421052631576,0.4999999999999998,0.7,0.8333333333333335
0.7307692307692308,1.0,0.47368421052631576,0.4999999999999998,0.7,0.8333333333333335
0.7692307692307693,1.0,0.47368421052631576,0.4999999999999998,0.7,0.8333333333333335
0.6153846153846154,0.7142857142857142,0.5263157894736843,0.6666666666666667,0.5,0.5
0.6538461538461539,0.7142857142857142,0.5263157894736843,0.6666666666666667,0.5,0.5
0.6923076923076924,0.7142857142857142,0.5263157894736843,0.6666666666666667,0.5,0.5
0.7307692307692308,0.7142857142857142,0.5263157894736843,0.6666666666666667,0.5,0.5
0.7692307692307693,0.7142857142857142,0.5263157894736843,0.6666666666666667,0.5,0.5
0.6153846153846154,0.7857142857142856,0.5789473684210527,0.16666666666666674,0.6000000000000001,0.6666666666666667
0.6538461538461539,0.7857142857142856,0.5789473684210527,0.16666666666666674,0.6000000000000001,0.6666666666666667
0.6923076923076924,0.7857142857142856,0.5789473684210527,0.16666666666666674,0.6000000000000001,0.6666666666666667
0.7307692307692308,0.7857142857142856,0.5789473684210527,0.16666666666666674,0.6000000000000001,0.6666666666666667
0.7692307692307693,0.7857142857142856,0.5789473684210527,0.16666666666666674,0.6000000000000001,0.6666666666666667
0.6153846153846154,0.8571428571428572,0.631578947368421,0.33333333333333326,0.7,0.8333333333333335
0.6538461538461539,0.8571428571428572,0.631578947368421,0.33333333333333326,0.7,0.8333333333333335
0.6923076923076924,0.8571428571428572,0.631578947368421,0.33333333333333326,0.7,0.8333333333333335
0.7307692307692308,0.8571428571428572,0.631578947368421,0.33333333333333326,0.7,0.8333333333333335
0.7692307692307693,0.8571428571428572,0.631578947368421,0.33333333333333326,0.7,0.8333333333333335
0.6153846153846154,0.9285714285714286,0.3684210526315789,0.4999999999999998,0.5,0.5
0.6538461538461539,0.9285714285714286,0.3684210526315789,0.4999999999999998,0.5,0.5
0.6923076923076924,0.9285714285714286,0.3684210526315789,0.4999999999999998,0.5,0.5
0.7307692307692308,0.9285714285714286,0.3684210526315789,0.4999999999999998,0.5,0.5
0.7692307692307693,0.9285714285714286,0.3684210526315789,0.4999999999999998,0.5,0.5
0.6153846153846154,1.0,0.42105263157894735,0.6666666666666667,0.6000000000000001,0.6666666666666667
0.6538461538461539,1.0,0.42105263157894735,0.6666666666666667,0.6000000000000001,0.6666666666666667
0.6923076923076924,1.0,0.42105263157894735,0.6666666666666667,0.6000000000000001,0.6666666666666667
0.7307692307692308,1.0,0.42105263157894735,0.6666666666666667,0.6000000000000001,0.6666666666666667
0.7692307692307693,1.0,0.42105263157894735,0.6666666666666667,0.6000000000000001,0.6666666666666667
0.6153846153846154,0.7142857142857142,0.47368421052631576,0.16666666666666674,0.7,0.8333333333333335
0.6538461538461539,0.7142857142857142,0.47368421052631576,0.16666666666666674,0.7,0.8333333333333335
0.6923076923076924,0.7142857142857142,0.47368421052631576,0.16666666666666674,0.7,0.8333333333333335
0.7307692307692308,0.7142857142857142,0.47368421052631576,0.16666666666666674,0.7,0.8333333333333335
0.7692307692307693,0.7142857142857142,0.47368421052631576,0.16666666666666674,0.7,0.8333333333333335
0.6153846153846154,0.7857142857142856,0.5263157894736843,0.33333333333333326,0.5,0.5
0.6538461538461539,0.7857142857142856,0.5263157894736843,0.33333333333333326,0.5,0.5
0.6923076923076924,0.7857142857142856,0.5263157894736843,0.33333333333333326,0.5,0.5
0.7307692307692308,0.7857142857142856,0.5263157894736843,0.33333333333333326,0.5,0.5
0.7692307692307693,0.7857142857142856,0.5263157894736843,0.33333333333333326,0.5,0.5
0.6153846153846154,0.8571428571428572,0.5789473684210527,0.4999999999999998,0.6000000000000001,0.6666666666666667
0.6538461538461539,0.8571428571428572,0.5789473684210527,0.4999999999999998,0.6000000000000001,0.6666666666666667
0.6923076923076924,0.8571428571428572,0.5789473684210527,0.4999999999999998,0.6000000000000001,0.6666666666666667
0.7307692307692308,0.8571428571428572,0.5789473684210527,0.4999999999999998,0.6000000000000001,0.6666666666666667
0.7692307692307693,0.8571428571428572,0.5789473684210527,0.4999999999999998,0.6000000000000001,0.6666666666666667
0.6153846153846154,0.9285714285714286,0.631578947368421,0.6666666666666667,0.7,0.8333333333333335
0.6538461538461539,0.9285714285714286,0.631578947368421,0.6666666666666667,0.7,0.8333333333333335
0.6923076923076924,0.9285714285714286,0.631578947368421,0.6666666666666667,0.7,0.8333333333333335
0.7307692307692308,0.9285714285714286,0.631578947368421,0.6666666666666667,0.7,0.8333333333333335
0.7692307692307693,0.9285714285714286,0.631578947368421,0.6666666666666667,0.7,0.8333333333333335
0.6153846153846154,1.0,0.3684210526315789,0.16666666666666674,0.5,0.5
0.6538461538461539,1.0,0.3684210526315789,0.16666666666666674,0.5,0.5
0.6923076923076924,1.0,0.3684210526315789,0.16666666666666674,0.5,0.5
0.7307692307692308,1.0,0.3684210526315789,0.16666666666666674,0.5,0.5
0.7692307692307693,1.0,0.3684210526315789,0.16666666666666674,0.5,0.5
0.6153846153846154,0.7142857142857142,0.42105263157894735,0.33333333333333326,0.6000000000000001,0.6666666666666667
0.6538461538461539,0.7142857142857142,0.42105263157894735,0.33333333333333326,0.6000000000000001,0.6666666666666667
0.6923076923076924,0.7142857142857142,0.42105263157894735,0.33333333333333326,0.6000000000000001,0.6666666666666667
0.7307692307692308,0.7142857142857142,0.42105263157894735,0.33333333333333326,0.6000000000000001,0.6666666666666667
0.7692307692307693,0.7142857142857142,0.42105263157894735,0.33333333333333326,0.6000000000000001,0.6666666666666667
0.6153846153846154,0.7857142857142856,0.47368421052631576,0.4999999999999998,0.7,0.8333333333333335
0.6538461538461539,0.7857142857142856,0.47368421052631576,0.4999999999999998,0.7,0.8333333333333335
0.6923076923076924,0.7857142857142856,0.47368421052631576,0.4999999999999998,0.7,0.8333333333333335
0.7307692307692308,0.7857142857142856,0.47368421052631576,0.4999999999999998,0.7,0.8333333333333335
0.7692307692307693,0.7857142857142856,0.47368421052631576,0.4999999999999998,0.7,0.8333333333333335
0.6153846153846154,0.8571428571428572,0.5263157894736843,0.6666666666666667,0.5,0.5
0.6538461538461539,0.8571428571428572,0.5263157894736843,0.6666666666666667,0.5,0.5
0.6923076923076924,0.8571428571428572,0.5263157894736843,0.6666666666666667,0.5,0.5
0.7307692307692308,0.8571428571428572,0.5263157894736843,0.6666666666666667,0.5,0.5
0.7692307692307693,0.8571428571428572,0.5263157894736843,0.6666666666666667,0.5,0.5
0.6153846153846154,0.9285714285714286,0.5789473684210527,0.16666666666666674,0.6000000000000001,0.6666666666666667
0.6538461538461539,0.9285714285714286,0.5789473684210527,0.16666666666666674,0.6000000000000001,0.6666666666666667
0.6923076923076924,0.9285714285714286,0.5789473684210527,0.16666666666666674,0.6000000000000001,0.6666666666666667
0.7307692307692308,0.9285714285714286,0.5789473684210527,0.16666666666666674,0.6000000000000001,0.6666666666666667
0.7692307692307693,0.9285714285714286,0.5789473684210527,0.16666666666666674,0.6000000000000001,0.6666666666666667
0.6153846153846154,1.0,0.631578947368421,0.33333333333333326,0.7,0.8333333333333335
0.6538461538461539,1.0,0.631578947368421,0.33333333333333326,0.7,0.8333333333333335
0.6923076923076924,1.0,0.631578947368421,0.33333333333333326,0.7,0.8333333333333335
0.7307692307692308,1.0,0.631578947368421,0.33333333333333326,0.7,0.8333333333333335
0.7692307692307693,1.0,0.631578947368421,0.33333333333333326,0.7,0.8333333333333335
0.0,0.07142857142857142,0.15789473684210525,0.0,0.4000000000000001,0.5
0.038461538461538464,0.07142857142857142,0.15789473684210525,0.0,0.4000000000000001,0.5
0.07692307692307693,0.07142857142857142,0.15789473684210525,0.0,0.4000000000000001,0.5
0.0,0.14285714285714285,0.21052631578947367,0.16666666666666674,0.5,0.6666666666666667
0.038461538461538464,0.14285714285714285,0.21052631578947367,0.16666666666666674,0.5,0.6666666666666667
0.07692307692307693,0.14285714285714285,0.21052631578947367,0.16666666666666674,0.5,0.6666666666666667
0.0,0.07142857142857142,0.21052631578947367,0.33333333333333326,0.6000000000000001,0.5
0.038461538461538464,0.07142857142857142,0.21052631578947367,0.33333333333333326,0.6000000000000001,0.5
0.07692307692307693,0.07142857142857142,0.21052631578947367,0.33333333333333326,0.6000000000000001,0.5
0.0,0.14285714285714285,0.15789473684210525,0.0,0.7,0.6666666666666667
0.038461538461538464,0.14285714285714285,0.15789473684210525,0.0,0.7,0.6666666666666667
0.07692307692307693,0.14285714285714285,0.15789473684210525,0.0,0.7,0.6666666666666667
0.038461538461538464,0.14285714285714285,0.2631578947368421,0.16666666666666674,0.4000000000000001,0.5
0.07692307692307693,0.14285714285714285,0.2631578947368421,0.16666666666666674,0.4000000000000001,0.5
0.11538461538461542,0.14285714285714285,0.2631578947368421,0.16666666666666674,0.4000000000000001,0.5
0.038461538461538464,0.2142857142857143,0.3157894736842105,0.33333333333333326,0.5,0.6666666666666667
0.07692307692307693,0.2142857142857143,0.3157894736842105,0.33333333333333326,0.5,0.6666666666666667
0.11538461538461542,0.2142857142857143,0.3157894736842105,0.33333333333333326,0.5,0.6666666666666667
0.038461538461538464,0.2857142857142857,0.3684210526315789,0.0,0.6000000000000001,0.5
0.07692307692307693,0.2857142857142857,0.3684210526315789,0.0,0.6000000000000001,0.5
0.11538461538461542,0.2857142857142857,0.3684210526315789,0.0,0.6000000000000001,0.5
0.038461538461538464,0.14285714285714285,0.3157894736842105,0.16666666666666674,0.7,0.6666666666666667
0.07692307692307693,0.14285714285714285,0.3157894736842105,0.16666666666666674,0.7,0.6666666666666667
0.11538461538461542,0.14285714285714285,0.3157894736842105,0.16666666666666674,0.7,0.6666666666666667
0.038461538461538464,0.2142857142857143,0.3684210526315789,0.33333333333333326,0.4000000000000001,0.5
0.07692307692307693,0.2142857142857143,0.3684210526315789,0.33333333333333326,0.4000000000000001,0.5
0.11538461538461542,0.2142857142857143,0.3684210526315789,0.33333333333333326,0.4000000000000001,0.5
0.038461538461538464,0.2857142857142857,0.2631578947368421,0.0,0.5,0.6666666666666667
0.07692307692307693,0.2857142857142857,0.2631578947368421,0.0,0.5,0.6666666666666667
0.11538461538461542,0.2857142857142857,0.2631578947368421,0.0,0.5,0.6666666666666667
0.038461538461538464,0.14285714285714285,0.3684210526315789,0.16666666666666674,0.6000000000000001,0.5
0.07692307692307693,0.14285714285714285,0.3684210526315789,0.16666666666666674,0.6000000000000001,0.5
0.11538461538461542,0.14285714285714285,0.3684210526315789,0.16666666666666674,0.6000000000000001,0.5
0.038461538461538464,0.2142857142857143,0.2631578947368421,0.33333333333333326,0.7,0.6666666666666667
0.07692307692307693,0.2142857142857143,0.2631578947368421,0.33333333333333326,0.7,0.6666666666666667
0.11538461538461542,0.2142857142857143,0.2631578947368421,0.33333333333333326,0.7,0.6666666666666667
0.038461538461538464,0.2857142857142857,0.3157894736842105,0.0,0.4000000000000001,0.5
0.07692307692307693,0.2857142857142857,0.3157894736842105,0.0,0.4000000000000001,0.5
0.11538461538461542,0.2857142857142857,0.3157894736842105,0.0,0.4000000000000001,0.5
0.6153846153846154,0.7142857142857142,0.3684210526315789,0.16666666666666674,0.2,0.16666666666666669
0.6538461538461539,0.7142857142857142,0.3684210526315789,0.16666666666666674,0.2,0.16666666666666669
0.6923076923076924,0.7142857142857142,0.3684210526315789,0.16666666666666674,0.2,0.16666666666666669
0.7307692307692308,0.7142857142857142,0.3684210526315789,0.16666666666666674,0.2,0.16666666666666669
0.7692307692307693,0.7142857142857142,0.3684210526315789,0.16666666666666674,0.2,0.16666666666666669
0.6153846153846154,0.7857142857142856,0.42105263157894735,0.33333333333333326,0.3,0.3333333333333333
0.6538461538461539,0.7857142857142856,0.42105263157894735,0.33333333333333326,0.3,0.3333333333333333
0.6923076923076924,0.7857142857142856,0.42105263157894735,0.33333333333333326,0.3,0.3333333333333333
0.7307692307692308,0.7857142857142856,0.42105263157894735,0.33333333333333326,0.3,0.3333333333333333
0.7692307692307693,0.7857142857142856,0.42105263157894735,0.33333333333333326,0.3,0.3333333333333333
0.6153846153846154,0.8571428571428572,0.47368421052631576,0.4999999999999998,0.4000000000000001,0.5
0.6538461538461539,0.8571428571428572,0.47368421052631576,0.4999999999999998,0.4000000000000001,0.5
0.6923076923076924,0.8571428571428572,0.47368421052631576,0.4999999999999998,0.4000000000000001,0.5
0.7307692307692308,0.8571428571428572,0.47368421052631576,0.4999999999999998,0.4000000000000001,0.5
0.7692307692307693,0.8571428571428572,0.47368421052631576,0.4999999999999998,0.4000000000000001,0.5
0.6153846153846154,0.9285714285714286,0.5263157894736843,0.6666666666666667,0.5,0.16666666666666669
0.6538461538461539,0.9285714285714286,0.5263157894736843,0.6666666666666667,0.5,0.16666666666666669
0.6923076923076924,0.9285714285714286,0.5263157894736843,0.6666666666666667,0.5,0.16666666666666669
0.7307692307692308,0.9285714285714286,0.5263157894736843,0.6666666666666667,0.5,0.16666666666666669
0.7692307692307693,0.9285714285714286,0.5263157894736843,0.6666666666666667,0.5,0.16666666666666669
0.6153846153846154,1.0,0.5789473684210527,0.16666666666666674,0.6000000000000001,0.3333333333333333
0.6538461538461539,1.0,0.5789473684210527,0.16666666666666674,0.6000000000000001,0.3333333333333333
0.6923076923076924,1.0,0.5789473684210527,0.16666666666666674,0.6000000000000001,0.3333333333333333
0.7307692307692308,1.0,0.5789473684210527,0.16666666666666674,0.6000000000000001,0.3333333333333333
0.7692307692307693,1.0,0.5789473684210527,0.16666666666666674,0.6000000000000001,0.3333333333333333
0.6153846153846154,0.7142857142857142,0.42105263157894735,0.33333333333333326,0.7,0.5
0.6538461538461539,0.7142857142857142,0.42105263157894735,0.33333333333333326,0.7,0.5
0.6923076923076924,0.7142857142857142,0.42105263157894735,0.33333333333333326,0.7,0.5
0.7307692307692308,0.7142857142857142,0.42105263157894735,0.33333333333333326,0.7,0.5
0.7692307692307693,0.7142857142857142,0.42105263157894735,0.33333333333333326,0.7,0.5
0.6153846153846154,0.7857142857142856,0.47368421052631576,0.4999999999999998,0.2,0.16666666666666669
0.6538461538461539,0.7857142857142856,0.47368421052631576,0.4999999999999998,0.2,0.16666666666666669
0.6923076923076924,0.7857142857142856,0.47368421052631576,0.4999999999999998,0.2,0.16666666666666669
0.7307692307692308,0.7857142857142856,0.47368421052631576,0.4999999999999998,0.2,0.16666666666666669
0.7692307692307693,0.7857142857142856,0.47368421052631576,0.4999999999999998,0.2,0.16666666666666669
0.6153846153846154,0.8571428571428572,0.5263157894736843,0.6666666666666667,0.3,0.3333333333333333
0.6538461538461539,0.8571428571428572,0.5263157894736843,0.6666666666666667,0.3,0.3333333333333333
0.6923076923076924,0.8571428571428572,0.5263157894736843,0.6666666666666667,0.3,0.3333333333333333
0.7307692307692308,0.8571428571428572,0.5263157894736843,0.6666666666666667,0.3,0.3333333333333333
0.7692307692307693,0.8571428571428572,0.5263157894736843,0.6666666666666667,0.3,0.3333333333333333
0.6153846153846154,0.9285714285714286,0.5789473684210527,0.16666666666666674,0.4000000000000001,0.5
0.6538461538461539,0.9285714285714286,0.5789473684210527,0.16666666666666674,0.4000000000000001,0.5
0.6923076923076924,0.9285714285714286,0.5789473684210527,0.16666666666666674,0.4000000000000001,0.5
0.7307692307692308,0.9285714285714286,0.5789473684210527,0.16666666666666674,0.4000000000000001,0.5
0.7692307692307693,0.9285714285714286,0.5789473684210527,0.16666666666666674,0.4000000000000001,0.5
0.6153846153846154,1.0,0.3684210526315789,0.33333333333333326,0.5,0.16666666666666669
0.6538461538461539,1.0,0.3684210526315789,0.33333333333333326,0.5,0.16666666666666669
0.6923076923076924,1.0,0.3684210526315789,0.33333333333333326,0.5,0.16666666666666669
0.7307692307692308,1.0,0.3684210526315789,0.33333333333333326,0.5,0.16666666666666669
0.7692307692307693,1.0,0.3684210526315789,0.33333333333333326,0.5,0.16666666666666669
0.6153846153846154,0.7142857142857142,0.47368421052631576,0.4999999999999998,0.6000000000000001,0.3333333333333333
0.6538461538461539,0.7142857142857142,0.47368421052631576,0.4999999999999998,0.6000000000000001,0.3333333333333333
0.6923076923076924,0.7142857142857142,0.47368421052631576,0.4999999999999998,0.6000000000000001,0.3333333333333333
0.7307692307692308,0.7142857142857142,0.47368421052631576,0.4999999999999998,0.6000000000000001,0.3333333333333333
0.7692307692307693,0.7142857142857142,0.47368421052631576,0.4999999999999998,0.6000000000000001,0.3333333333333333
0.6153846153846154,0.7857142857142856,0.5263157894736843,0.6666666666666667,0.7,0.5
0.6538461538461539,0.7857142857142856,0.5263157894736843,0.6666666666666667,0.7,0.5
0.6923076923076924,0.7857142857142856,0.5263157894736843,0.6666666666666667,0.7,0.5
0.7307692307692308,0.7857142857142856,0.5263157894736843,0.6666666666666667,0.7,0.5
0.7692307692307693,0.7857142857142856,0.5263157894736843,0.6666666666666667,0.7,0.5
0.6153846153846154,0.8571428571428572,0.5789473684210527,0.16666666666666674,0.2,0.16666666666666669
0.6538461538461539,0.8571428571428572,0.5789473684210527,0.16666666666666674,0.2,0.16666666666666669
0.6923076923076924,0.8571428571428572,0.5789473684210527,0.16666666666666674,0.2,0.16666666666666669
0.7307692307692308,0.8571428571428572,0.5789473684210527,0.16666666666666674,0.2,0.16666666666666669
0.7692307692307693,0.8571428571428572,0.5789473684210527,0.16666666666666674,0.2,0.16666666666666669
0.6153846153846154,0.9285714285714286,0.3684210526315789,0.33333333333333326,0.3,0.3333333333333333
0.6538461538461539,0.9285714285714286,0.3684210526315789,0.33333333333333326,0.3,0.3333333333333333
0.6923076923076924,0.9285714285714286,0.3684210526315789,0.33333333333333326,0.3,0.3333333333333333
0.7307692307692308,0.9285714285714286,0.3684210526315789,0.33333333333333326,0.3,0.3333333333333333
0.7692307692307693,0.9285714285714286,0.3684210526315789,0.33333333333333326,0.3,0.3333333333333333
0.6153846153846154,1.0,0.42105263157894735,0.4999999999999998,0.4000000000000001,0.5
0.6538461538461539,1.0,0.42105263157894735,0.4999999999999998,0.4000000000000001,0.5
0.6923076923076924,1.0,0.42105263157894735,0.4999999999999998,0.4000000000000001,0.5
0.7307692307692308,1.0,0.42105263157894735,0.4999999999999998,0.4000000000000001,0.5
0.7692307692307693,1.0,0.42105263157894735,0.4999999999999998,0.4000000000000001,0.5
0.6153846153846154,0.7142857142857142,0.5263157894736843,0.6666666666666667,0.5,0.16666666666666669
0.6538461538461539,0.7142857142857142,0.5263157894736843,0.6666666666666667,0.5,0.16666666666666669
0.6923076923076924,0.7142857142857142,0.5263157894736843,0.6666666666666667,0.5,0.16666666666666669
0.7307692307692308,0.7142857142857142,0.5263157894736843,0.6666666666666667,0.5,0.16666666666666669
0.7692307692307693,0.7142857142857142,0.5263157894736843,0.6666666666666667,0.5,0.16666666666666669
0.6153846153846154,0.7857142857142856,0.5789473684210527,0.16666666666666674,0.6000000000000001,0.3333333333333333
0.6538461538461539,0.7857142857142856,0.5789473684210527,0.16666666666666674,0.6000000000000001,0.3333333333333333
0.6923076923076924,0.7857142857142856,0.5789473684210527,0.16666666666666674,0.6000000000000001,0.3333333333333333
0.7307692307692308,0.7857142857142856,0.5789473684210527,0.16666666666666674,0.6000000000000001,0.3333333333333333
0.7692307692307693,0.7857142857142856,0.5789473684210527,0.16666666666666674,0.6000000000000001,0.3333333333333333
0.6153846153846154,0.8571428571428572,0.3684210526315789,0.33333333333333326,0.7,0.5
0.6538461538461539,0.8571428571428572,0.3684210526315789,0.33333333333333326,0.7,0.5
0.6923076923076924,0.8571428571428572,0.3684210526315789,0.33333333333333326,0.7,0.5
0.7307692307692308,0.8571428571428572,0.3684210526315789,0.33333333333333326,0.7,0.5
0.7692307692307693,0.8571428571428572,0.3684210526315789,0.33333333333333326,0.7,0.5
0.6153846153846154,0.9285714285714286,0.42105263157894735,0.4999999999999998,0.2,0.16666666666666669
0.6538461538461539,0.9285714285714286,0.42105263157894735,0.4999999999999998,0.2,0.16666666666666669
0.6923076923076924,0.9285714285714286,0.42105263157894735,0.4999999999999998,0.2,0.16666666666666669
0.7307692307692308,0.9285714285714286,0.42105263157894735,0.4999999999999998,0.2,0.16666666666666669
0.7692307692307693,0.9285714285714286,0.42105263157894735,0.4999999999999998,0.2,0.16666666666666669
0.6153846153846154,1.0,0.47368421052631576,0.6666666666666667,0.3,0.3333333333333333
0.6538461538461539,1.0,0.47368421052631576,0.6666666666666667,0.3,0.3333333333333333
0.6923076923076924,1.0,0.47368421052631576,0.6666666666666667,0.3,0.3333333333333333
0.7307692307692308,1.0,0.47368421052631576,0.6666666666666667,0.3,0.3333333333333333
0.7692307692307693,1.0,0.47368421052631576,0.6666666666666667,0.3,0.3333333333333333
0.6153846153846154,0.7142857142857142,0.5789473684210527,0.16666666666666674,0.4000000000000001,0.5
0.6538461538461539,0.7142857142857142,0.5789473684210527,0.16666666666666674,0.4000000000000001,0.5
0.6923076923076924,0.7142857142857142,0.5789473684210527,0.16666666666666674,0.4000000000000001,0.5
0.7307692307692308,0.7142857142857142,0.5789473684210527,0.16666666666666674,0.4000000000000001,0.5
0.7692307692307693,0.7142857142857142,0.5789473684210527,0.16666666666666674,0.4000000000000001,0.5
0.6153846153846154,0.7857142857142856,0.3684210526315789,0.33333333333333326,0.5,0.16666666666666669
0.6538461538461539,0.7857142857142856,0.3684210526315789,0.33333333333333326,0.5,0.16666666666666669
0.6923076923076924,0.7857142857142856,0.3684210526315789,0.33333333333333326,0.5,0.16666666666666669
0.7307692307692308,0.7857142857142856,0.3684210526315789,0.33333333333333326,0.5,0.16666666666666669
0.7692307692307693,0.7857142857142856,0.3684210526315789,0.33333333333333326,0.5,0.16666666666666669
0.6153846153846154,0.8571428571428572,0.42105263157894735,0.4999999999999998,0.6000000000000001,0.3333333333333333
0.6538461538461539,0.8571428571428572,0.42105263157894735,0.4999999999999998,0.6000000000000001,0.3333333333333333
0.6923076923076924,0.8571428571428572,0.42105263157894735,0.4999999999999998,0.6000000000000001,0.3333333333333333
0.7307692307692308,0.8571428571428572,0.42105263157894735,0.4999999999999998,0.6000000000000001,0.3333333333333333
0.7692307692307693,0.8571428571428572,0.42105263157894735,0.4999999999999998,0.6000000000000001,0.3333333333333333
0.6153846153846154,0.9285714285714286,0.47368421052631576,0.6666666666666667,0.7,0.5
0.6538461538461539,0.9285714285714286,0.47368421052631576,0.6666666666666667,0.7,0.5
0.6923076923076924,0.9285714285714286,0.47368421052631576,0.6666666666666667,0.7,0.5
0.7307692307692308,0.9285714285714286,0.47368421052631576,0.6666666666666667,0.7,0.5
0.7692307692307693,0.9285714285714286,0.47368421052631576,0.6666666666666667,0.7,0.5
0.6153846153846154,1.0,0.5263157894736843,0.16666666666666674,0.2,0.16666666666666669
0.6538461538461539,1.0,0.5263157894736843,0.16666666666666674,0.2,0.16666666666666669
0.6923076923076924,1.0,0.5263157894736843,0.16666666666666674,0.2,0.16666666666666669
0.7307692307692308,1.0,0.5263157894736843,0.16666666666666674,0.2,0.16666666666666669
0.7692307692307693,1.0,0.5263157894736843,0.16666666666666674,0.2,0.16666666666666669
0.6153846153846154,0.42857142857142855,0.3684210526315789,0.16666666666666674,0.2,0.16666666666666669
0.6538461538461539,0.42857142857142855,0.3684210526315789,0.16666666666666674,0.2,0.16666666666666669
0.6923076923076924,0.42857142857142855,0.3684210526315789,0.16666666666666674,0.2,0.16666666666666669
0.7307692307692308,0.42857142857142855,0.3684210526315789,0.16666666666666674,0.2,0.16666666666666669
0.7692307692307693,0.42857142857142855,0.3684210526315789,0.16666666666666674,0.2,0.16666666666666669
0.6153846153846154,0.49999999999999994,0.42105263157894735,0.33333333333333326,0.3,0.3333333333333333
0.6538461538461539,0.49999999999999994,0.42105263157894735,0.33333333333333326,0.3,0.3333333333333333
0.6923076923076924,0.49999999999999994,0.42105263157894735,0.33333333333333326,0.3,0.3333333333333333
0.7307692307692308,0.49999999999999994,0.42105263157894735,0.33333333333333326,0.3,0.3333333333333333
0.7692307692307693,0.49999999999999994,0.42105263157894735,0.33333333333333326,0.3,0.3333333333333333
0.6153846153846154,0.5714285714285714,0.47368421052631576,0.4999999999999998,0.4000000000000001,0.5
0.6538461538461539,0.5714285714285714,0.47368421052631576,0.4999999999999998,0.4000000000000001,0.5
0.6923076923076924,0.5714285714285714,0.47368421052631576,0.4999999999999998,0.4000000000000001,0.5
0.7307692307692308,0.5714285714285714,0.47368421052631576,0.4999999999999998,0.4000000000000001,0.5
0.7692307692307693,0.5714285714285714,0.47368421052631576,0.4999999999999998,0.4000000000000001,0.5
0.6153846153846154,0.6428571428571428,0.5263157894736843,0.6666666666666667,0.5,0.16666666666666669
0.6538461538461539,0.6428571428571428,0.5263157894736843,0.6666666666666667,0.5,0.16666666666666669
0.6923076923076924,0.6428571428571428,0.5263157894736843,0.6666666666666667,0.5,0.16666666666666669
0.7307692307692308,0.6428571428571428,0.5263157894736843,0.6666666666666667,0.5,0.16666666666666669
0.7692307692307693,0.6428571428571428,0.5263157894736843,0.6666666666666667,0.5,0.16666666666666669
0.6153846153846154,0.7142857142857142,0.5789473684210527,0.16666666666666674,0.6000000000000001,0.3333333333333333
0.6538461538461539,0.7142857142857142,0.5789473684210527,0.16666666666666674,0.6000000000000001,0.3333333333333333
0.6923076923076924,0.7142857142857142,0.5789473684210527,0.16666666666666674,0.6000000000000001,0.3333333333333333
0.7307692307692308,0.7142857142857142,0.5789473684210527,0.16666666666666674,0.6000000000000001,0.3333333333333333
0.7692307692307693,0.7142857142857142,0.5789473684210527,0.16666666666666674,0.6000000000000001,0.3333333333333333
0.6153846153846154,0.42857142857142855,0.42105263157894735,0.33333333333333326,0.7,0.5
0.6538461538461539,0.42857142857142855,0.42105263157894735,0.33333333333333326,0.7,0.5
0.6923076923076924,0.42857142857142855,0.42105263157894735,0.33333333333333326,0.7,0.5
0.7307692307692308,0.42857142857142855,0.42105263157894735,0.33333333333333326,0.7,0.5
0.7692307692307693,0.42857142857142855,0.42105263157894735,0.33333333333333326,0.7,0.5
0.6153846153846154,0.49999999999999994,0.47368421052631576,0.4999999999999998,0.2,0.16666666666666669
0.6538461538461539,0.49999999999999994,0.47368421052631576,0.4999999999999998,0.2,0.16666666666666669
0.6923076923076924,0.49999999999999994,0.47368421052631576,0.4999999999999998,0.2,0.16666666666666669
0.7307692307692308,0.49999999999999994,0.47368421052631576,0.4999999999999998,0.2,0.16666666666666669
0.7692307692307693,0.49999999999999994,0.47368421052631576,0.4999999999999998,0.2,0.16666666666666669
0.6153846153846154,0.5714285714285714,0.5263157894736843,0.6666666666666667,0.3,0.3333333333333333
0.6538461538461539,0.5714285714285714,0.5263157894736843,0.6666666666666667,0.3,0.3333333333333333
0.6923076923076924,0.5714285714285714,0.5263157894736843,0.6666666666666667,0.3,0.3333333333333333
0.7307692307692308,0.5714285714285714,0.5263157894736843,0.6666666666666667,0.3,0.3333333333333333
0.7692307692307693,0.5714285714285714,0.5263157894736843,0.6666666666666667,0.3,0.3333333333333333
0.6153846153846154,0.6428571428571428,0.5789473684210527,0.16666666666666674,0.4000000000000001,0.5
0.6538461538461539,0.6428571428571428,0.5789473684210527,0.16666666666666674,0.4000000000000001,0.5
0.6923076923076924,0.6428571428571428,0.5789473684210527,0.16666666666666674,0.4000000000000001,0.5
0.7307692307692308,0.6428571428571428,0.5789473684210527,0.16666666666666674,0.4000000000000001,0.5
0.7692307692307693,0.6428571428571428,0.5789473684210527,0.16666666666666674,0.4000000000000001,0.5
0.6153846153846154,0.7142857142857142,0.3684210526315789,0.33333333333333326,0.5,0.16666666666666669
0.6538461538461539,0.7142857142857142,0.3684210526315789,0.33333333333333326,0.5,0.16666666666666669
0.6923076923076924,0.7142857142857142,0.3684210526315789,0.33333333333333326,0.5,0.16666666666666669
0.7307692307692308,0.7142857142857142,0.3684210526315789,0.33333333333333326,0.5,0.16666666666666669
0.7692307692307693,0.7142857142857142,0.3684210526315789,0.33333333333333326,0.5,0.16666666666666669
0.6153846153846154,0.42857142857142855,0.47368421052631576,0.4999999999999998,0.6000000000000001,0.3333333333333333
0.6538461538461539,0.42857142857142855,0.47368421052631576,0.4999999999999998,0.6000000000000001,0.3333333333333333
0.6923076923076924,0.42857142857142855,0.47368421052631576,0.4999999999999998,0.6000000000000001,0.3333333333333333
0.7307692307692308,0.42857142857142855,0.47368421052631576,0.4999999999999998,0.6000000000000001,0.3333333333333333
0.7692307692307693,0.42857142857142855,0.47368421052631576,0.4999999999999998,0.6000000000000001,0.3333333333333333
0.6153846153846154,0.49999999999999994,0.5263157894736843,0.6666666666666667,0.7,0.5
0.6538461538461539,0.49999999999999994,0.5263157894736843,0.6666666666666667,0.7,0.5
0.6923076923076924,0.49999999999999994,0.5263157894736843,0.6666666666666667,0.7,0.5
0.7307692307692308,0.49999999999999994,0.5263157894736843,0.6666666666666667,0.7,0.5
0.7692307692307693,0.49999999999999994,0.5263157894736843,0.6666666666666667,0.7,0.5
0.6153846153846154,0.5714285714285714,0.5789473684210527,0.16666666666666674,0.2,0.16666666666666669
0.6538461538461539,0.5714285714285714,0.5789473684210527,0.16666666666666674,0.2,0.16666666666666669
0.6923076923076924,0.5714285714285714,0.5789473684210527,0.16666666666666674,0.2,0.16666666666666669
0.7307692307692308,0.5714285714285714,0.5789473684210527,0.16666666666666674,0.2,0.16666666666666669
0.7692307692307693,0.5714285714285714,0.5789473684210527,0.16666666666666674,0.2,0.16666666666666669
0.6153846153846154,0.6428571428571428,0.3684210526315789,0.33333333333333326,0.3,0.3333333333333333
0.6538461538461539,0.6428571428571428,0.3684210526315789,0.33333333333333326,0.3,0.3333333333333333
0.6923076923076924,0.6428571428571428,0.3684210526315789,0.33333333333333326,0.3,0.3333333333333333
0.7307692307692308,0.6428571428571428,0.3684210526315789,0.33333333333333326,0.3,0.3333333333333333
0.7692307692307693,0.6428571428571428,0.3684210526315789,0.33333333333333326,0.3,0.3333333333333333
0.6153846153846154,0.7142857142857142,0.42105263157894735,0.4999999999999998,0.4000000000000001,0.5
0.6538461538461539,0.7142857142857142,0.42105263157894735,0.4999999999999998,0.4000000000000001,0.5
0.6923076923076924,0.7142857142857142,0.42105263157894735,0.4999999999999998,0.4000000000000001,0.5
0.7307692307692308,0.7142857142857142,0.42105263157894735,0.4999999999999998,0.4000000000000001,0.5
0.7692307692307693,0.7142857142857142,0.42105263157894735,0.4999999999999998,0.4000000000000001,0.5
0.6153846153846154,0.42857142857142855,0.5263157894736843,0.6666666666666667,0.5,0.16666666666666669
0.6538461538461539,0.42857142857142855,0.5263157894736843,0.6666666666666667,0.5,0.16666666666666669
0.6923076923076924,0.42857142857142855,0.5263157894736843,0.6666666666666667,0.5,0.16666666666666669
0.7307692307692308,0.42857142857142855,0.5263157894736843,0.6666666666666667,0.5,0.16666666666666669
0.7692307692307693,0.42857142857142855,0.5263157894736843,0.6666666666666667,0.5,0.16666666666666669
0.6153846153846154,0.49999999999999994,0.5789473684210527,0.16666666666666674,0.6000000000000001,0.3333333333333333
0.6538461538461539,0.49999999999999994,0.5789473684210527,0.16666666666666674,0.6000000000000001,0.3333333333333333
0.6923076923076924,0.49999999999999994,0.5789473684210527,0.16666666666666674,0.6000000000000001,0.3333333333333333
0.7307692307692308,0.49999999999999994,0.5789473684210527,0.16666666666666674,0.6000000000000001,0.3333333333333333
0.7692307692307693,0.49999999999999994,0.5789473684210527,0.16666666666666674,0.6000000000000001,0.3333333333333333
0.6153846153846154,0.5714285714285714,0.3684210526315789,0.33333333333333326,0.7,0.5
0.6538461538461539,0.5714285714285714,0.3684210526315789,0.33333333333333326,0.7,0.5
0.6923076923076924,0.5714285714285714,0.3684210526315789,0.33333333333333326,0.7,0.5
0.7307692307692308,0.5714285714285714,0.3684210526315789,0.33333333333333326,0.7,0.5
0.7692307692307693,0.5714285714285714,0.3684210526315789,0.33333333333333326,0.7,0.5
0.6153846153846154,0.6428571428571428,0.42105263157894735,0.4999999999999998,0.2,0.16666666666666669
0.6538461538461539,0.6428571428571428,0.42105263157894735,0.4999999999999998,0.2,0.16666666666666669
0.6923076923076924,0.6428571428571428,0.42105263157894735,0.4999999999999998,0.2,0.16666666666666669
0.7307692307692308,0.6428571428571428,0.42105263157894735,0.4999999999999998,0.2,0.16666666666666669
0.7692307692307693,0.6428571428571428,0.42105263157894735,0.4999999999999998,0.2,0.16666666666666669
0.6153846153846154,0.7142857142857142,0.47368421052631576,0.6666666666666667,0.3,0.3333333333333333
0.6538461538461539,0.7142857142857142,0.47368421052631576,0.6666666666666667,0.3,0.3333333333333333
0.6923076923076924,0.7142857142857142,0.47368421052631576,0.6666666666666667,0.3,0.3333333333333333
0.7307692307692308,0.7142857142857142,0.47368421052631576,0.6666666666666667,0.3,0.3333333333333333
0.7692307692307693,0.7142857142857142,0.47368421052631576,0.6666666666666667,0.3,0.3333333333333333
0.6153846153846154,0.42857142857142855,0.5789473684210527,0.16666666666666674,0.4000000000000001,0.5
0.6538461538461539,0.42857142857142855,0.5789473684210527,0.16666666666666674,0.4000000000000001,0.5
0.6923076923076924,0.42857142857142855,0.5789473684210527,0.16666666666666674,0.4000000000000001,0.5
0.7307692307692308,0.42857142857142855,0.5789473684210527,0.16666666666666674,0.4000000000000001,0.5
0.7692307692307693,0.42857142857142855,0.5789473684210527,0.16666666666666674,0.4000000000000001,0.5
0.6153846153846154,0.49999999999999994,0.3684210526315789,0.33333333333333326,0.5,0.16666666666666669
0.6538461538461539,0.49999999999999994,0.3684210526315789,0.33333333333333326,0.5,0.16666666666666669
0.6923076923076924,0.49999999999999994,0.3684210526315789,0.33333333333333326,0.5,0.16666666666666669
0.7307692307692308,0.49999999999999994,0.3684210526315789,0.33333333333333326,0.5,0.16666666666666669
0.7692307692307693,0.49999999999999994,0.3684210526315789,0.33333333333333326,0.5,0.16666666666666669
0.6153846153846154,0.5714285714285714,0.42105263157894735,0.4999999999999998,0.6000000000000001,0.3333333333333333
0.6538461538461539,0.5714285714285714,0.42105263157894735,0.4999999999999998,0.6000000000000001,0.3333333333333333
0.6923076923076924,0.5714285714285714,0.42105263157894735,0.4999999999999998,0.6000000000000001,0.3333333333333333
0.7307692307692308,0.5714285714285714,0.42105263157894735,0.4999999999999998,0.6000000000000001,0.3333333333333333
0.7692307692307693,0.5714285714285714,0.42105263157894735,0.4999999999999998,0.6000000000000001,0.3333333333333333
0.6153846153846154,0.6428571428571428,0.47368421052631576,0.6666666666666667,0.7,0.5
0.6538461538461539,0.6428571428571428,0.47368421052631576,0.6666666666666667,0.7,0.5
0.6923076923076924,0.6428571428571428,0.47368421052631576,0.6666666666666667,0.7,0.5
0.7307692307692308,0.6428571428571428,0.47368421052631576,0.6666666666666667,0.7,0.5
0.7692307692307693,0.6428571428571428,0.47368421052631576,0.6666666666666667,0.7,0.5
0.6153846153846154,0.7142857142857142,0.5263157894736843,0.16666666666666674,0.2,0.16666666666666669
0.6538461538461539,0.7142857142857142,0.5263157894736843,0.16666666666666674,0.2,0.16666666666666669
0.6923076923076924,0.7142857142857142,0.5263157894736843,0.16666666666666674,0.2,0.16666666666666669
0.7307692307692308,0.7142857142857142,0.5263157894736843,0.16666666666666674,0.2,0.16666666666666669
0.7692307692307693,0.7142857142857142,0.5263157894736843,0.16666666666666674,0.2,0.16666666666666669
0.3076923076923077,0.42857142857142855,0.3684210526315789,0.16666666666666674,0.2,0.16666666666666669
0.34615384615384615,0.42857142857142855,0.3684210526315789,0.16666666666666674,0.2,0.16666666666666669
0.3846153846153847,0.42857142857142855,0.3684210526315789,0.16666666666666674,0.2,0.16666666666666669
0.42307692307692313,0.42857142857142855,0.3684210526315789,0.16666666666666674,0.2,0.16666666666666669
0.46153846153846156,0.42857142857142855,0.3684210526315789,0.16666666666666674,0.2,0.16666666666666669
0.5,0.42857142857142855,0.3684210526315789,0.16666666666666674,0.2,0.16666666666666669
0.5384615384615384,0.42857142857142855,0.3684210526315789,0.16666666666666674,0.2,0.16666666666666669
0.576923076923077,0.42857142857142855,0.3684210526315789,0.16666666666666674,0.2,0.16666666666666669
0.3076923076923077,0.49999999999999994,0.42105263157894735,0.33333333333333326,0.3,0.3333333333333333
0.34615384615384615,0.49999999999999994,0.42105263157894735,0.33333333333333326,0.3,0.3333333333333333
0.3846153846153847,0.49999999999999994,0.42105263157894735,0.33333333333333326,0.3,0.3333333333333333
0.42307692307692313,0.49999999999999994,0.42105263157894735,0.33333333333333326,0.3,0.3333333333333333
0.46153846153846156,0.49999999999999994,0.42105263157894735,0.33333333333333326,0.3,0.3333333333333333
0.5,0.49999999999999994,0.42105263157894735,0.33333333333333326,0.3,0.3333333333333333
0.5384615384615384,0.49999999999999994,0.42105263157894735,0.33333333333333326,0.3,0.3333333333333333
0.576923076923077,0.49999999999999994,0.42105263157894735,0.33333333333333326,0.3,0.3333333333333333
0.3076923076923077,0.6428571428571428,0.5263157894736843,0.4999999999999998,0.4000000000000001,0.5
0.34615384615384615,0.6428571428571428,0.5263157894736843,0.4999999999999998,0.4000000000000001,0.5
0.3846153846153847,0.6428571428571428,0.5263157894736843,0.4999999999999998,0.4000000000000001,0.5
0.42307692307692313,0.6428571428571428,0.5263157894736843,0.4999999999999998,0.4000000000000001,0.5
0.46153846153846156,0.6428571428571428,0.5263157894736843,0.4999999999999998,0.4000000000000001,0.5
0.5,0.6428571428571428,0.5263157894736843,0.4999999999999998,0.4000000000000001,0.5
0.5384615384615384,0.6428571428571428,0.5263157894736843,0.4999999999999998,0.4000000000000001,0.5
0.576923076923077,0.6428571428571428,0.5263157894736843,0.4999999999999998,0.4000000000000001,0.5
0.6153846153846154,0.6428571428571428,0.5263157894736843,0.4999999999999998,0.4000000000000001,0.5
0.3076923076923077,0.7142857142857142,0.5789473684210527,0.6666666666666667,0.5,0.16666666666666669
0.34615384615384615,0.7142857142857142,0.5789473684210527,0.6666666666666667,0.5,0.16666666666666669
0.3846153846153847,0.7142857142857142,0.5789473684210527,0.6666666666666667,0.5,0.16666666666666669
0.42307692307692313,0.7142857142857142,0.5789473684210527,0.6666666666666667,0.5,0.16666666666666669
0.46153846153846156,0.7142857142857142,0.5789473684210527,0.6666666666666667,0.5,0.16666666666666669
0.5,0.7142857142857142,0.5789473684210527,0.6666666666666667,0.5,0.16666666666666669
0.5384615384615384,0.7142857142857142,0.5789473684210527,0.6666666666666667,0.5,0.16666666666666669
0.576923076923077,0.7142857142857142,0.5789473684210527,0.6666666666666667,0.5,0.16666666666666669
0.6153846153846154,0.7142857142857142,0.5789473684210527,0.6666666666666667,0.5,0.16666666666666669
0.3076923076923077,0.42857142857142855,0.42105263157894735,0.16666666666666674,0.6000000000000001,0.3333333333333333
0.34615384615384615,0.42857142857142855,0.42105263157894735,0.16666666666666674,0.6000000000000001,0.3333333333333333
0.3846153846153847,0.42857142857142855,0.42105263157894735,0.16666666666666674,0.6000000000000001,0.3333333333333333
0.42307692307692313,0.42857142857142855,0.42105263157894735,0.16666666666666674,0.6000000000000001,0.3333333333333333
0.46153846153846156,0.42857142857142855,0.42105263157894735,0.16666666666666674,0.6000000000000001,0.3333333333333333
0.5,0.42857142857142855,0.42105263157894735,0.16666666666666674,0.6000000000000001,0.3333333333333333
0.5384615384615384,0.42857142857142855,0.42105263157894735,0.16666666666666674,0.6000000000000001,0.3333333333333333
0.576923076923077,0.42857142857142855,0.42105263157894735,0.16666666666666674,0.6000000000000001,0.3333333333333333
0.6153846153846154,0.42857142857142855,0.42105263157894735,0.16666666666666674,0.6000000000000001,0.3333333333333333
0.3076923076923077,0.49999999999999994,0.47368421052631576,0.33333333333333326,0.7,0.5
0.34615384615384615,0.49999999999999994,0.47368421052631576,0.33333333333333326,0.7,0.5
0.3846153846153847,0.49999999999999994,0.47368421052631576,0.33333333333333326,0.7,0.5
0.42307692307692313,0.49999999999999994,0.47368421052631576,0.33333333333333326,0.7,0.5
0.46153846153846156,0.49999999999999994,0.47368421052631576,0.33333333333333326,0.7,0.5
0.5,0.49999999999999994,0.47368421052631576,0.33333333333333326,0.7,0.5
0.5384615384615384,0.49999999999999994,0.47368421052631576,0.33333333333333326,0.7,0.5
0.576923076923077,0.49999999999999994,0.47368421052631576,0.33333333333333326,0.7,0.5
0.6153846153846154,0.49999999999999994,0.47368421052631576,0.33333333333333326,0.7,0.5
0.3076923076923077,0.6428571428571428,0.5789473684210527,0.4999999999999998,0.2,0.16666666666666669
0.34615384615384615,0.6428571428571428,0.5789473684210527,0.4999999999999998,0.2,0.16666666666666669
0.3846153846153847,0.6428571428571428,0.5789473684210527,0.4999999999999998,0.2,0.16666666666666669
0.42307692307692313,0.6428571428571428,0.5789473684210527,0.4999999999999998,0.2,0.16666666666666669
0.46153846153846156,0.6428571428571428,0.5789473684210527,0.4999999999999998,0.2,0.16666666666666669
0.5,0.6428571428571428,0.5789473684210527,0.4999999999999998,0.2,0.16666666666666669
0.5384615384615384,0.6428571428571428,0.5789473684210527,0.4999999999999998,0.2,0.16666666666666669
0.576923076923077,0.6428571428571428,0.5789473684210527,0.4999999999999998,0.2,0.16666666666666669
0.6153846153846154,0.6428571428571428,0.5789473684210527,0.4999999999999998,0.2,0.16666666666666669
0.3076923076923077,0.42857142857142855,0.47368421052631576,0.6666666666666667,0.3,0.3333333333333333
0.34615384615384615,0.42857142857142855,0.47368421052631576,0.6666666666666667,0.3,0.3333333333333333
0.3846153846153847,0.42857142857142855,0.47368421052631576,0.6666666666666667,0.3,0.3333333333333333
0.42307692307692313,0.42857142857142855,0.47368421052631576,0.6666666666666667,0.3,0.3333333333333333
0.46153846153846156,0.42857142857142855,0.47368421052631576,0.6666666666666667,0.3,0.3333333333333333
0.5,0.42857142857142855,0.47368421052631576,0.6666666666666667,0.3,0.3333333333333333
0.5384615384615384,0.42857142857142855,0.47368421052631576,0.6666666666666667,0.3,0.3333333333333333
0.576923076923077,0.42857142857142855,0.47368421052631576,0.6666666666666667,0.3,0.3333333333333333
0.6153846153846154,0.42857142857142855,0.47368421052631576,0.6666666666666667,0.3,0.3333333333333333
0.3076923076923077,0.5714285714285714,0.5789473684210527,0.16666666666666674,0.4000000000000001,0.5
0.34615384615384615,0.5714285714285714,0.5789473684210527,0.16666666666666674,0.4000000000000001,0.5
0.3846153846153847,0.5714285714285714,0.5789473684210527,0.16666666666666674,0.4000000000000001,0.5
0.42307692307692313,0.5714285714285714,0.5789473684210527,0.16666666666666674,0.4000000000000001,0.5
0.46153846153846156,0.5714285714285714,0.5789473684210527,0.16666666666666674,0.4000000000000001,0.5
0.5,0.5714285714285714,0.5789473684210527,0.16666666666666674,0.4000000000000001,0.5
0.5384615384615384,0.5714285714285714,0.5789473684210527,0.16666666666666674,0.4000000000000001,0.5
0.576923076923077,0.5714285714285714,0.5789473684210527,0.16666666666666674,0.4000000000000001,0.5
0.6153846153846154,0.5714285714285714,0.5789473684210527,0.16666666666666674,0.4000000000000001,0.5
0.3076923076923077,0.6428571428571428,0.3684210526315789,0.33333333333333326,0.5,0.16666666666666669
0.34615384615384615,0.6428571428571428,0.3684210526315789,0.33333333333333326,0.5,0.16666666666666669
0.3846153846153847,0.6428571428571428,0.3684210526315789,0.33333333333333326,0.5,0.16666666666666669
0.42307692307692313,0.6428571428571428,0.3684210526315789,0.33333333333333326,0.5,0.16666666666666669
0.46153846153846156,0.6428571428571428,0.3684210526315789,0.33333333333333326,0.5,0.16666666666666669
0.5,0.6428571428571428,0.3684210526315789,0.33333333333333326,0.5,0.16666666666666669
0.5384615384615384,0.6428571428571428,0.3684210526315789,0.33333333333333326,0.5,0.16666666666666669
0.576923076923077,0.6428571428571428,0.3684210526315789,0.33333333333333326,0.5,0.16666666666666669
0.6153846153846154,0.6428571428571428,0.3684210526315789,0.33333333333333326,0.5,0.16666666666666669
0.3076923076923077,0.7142857142857142,0.42105263157894735,0.4999999999999998,0.6000000000000001,0.3333333333333333
0.34615384615384615,0.7142857142857142,0.42105263157894735,0.4999999999999998,0.6000000000000001,0.3333333333333333
0.3846153846153847,0.7142857142857142,0.42105263157894735,0.4999999999999998,0.6000000000000001,0.3333333333333333
0.42307692307692313,0.7142857142857142,0.42105263157894735,0.4999999999999998,0.6000000000000001,0.3333333333333333
0.46153846153846156,0.7142857142857142,0.42105263157894735,0.4999999999999998,0.6000000000000001,0.3333333333333333
0.5,0.7142857142857142,0.42105263157894735,0.4999999999999998,0.6000000000000001,0.3333333333333333
0.5384615384615384,0.7142857142857142,0.42105263157894735,0.4999999999999998,0.6000000000000001,0.3333333333333333
0.576923076923077,0.7142857142857142,0.42105263157894735,0.4999999999999998,0.6000000000000001,0.3333333333333333
0.6153846153846154,0.7142857142857142,0.42105263157894735,0.4999999999999998,0.6000000000000001,0.3333333333333333
0.3076923076923077,0.42857142857142855,0.5263157894736843,0.6666666666666667,0.7,0.5
0.34615384615384615,0.42857142857142855,0.5263157894736843,0.6666666666666667,0.7,0.5
0.3846153846153847,0.42857142857142855,0.5263157894736843,0.6666666666666667,0.7,0.5
0.42307692307692313,0.42857142857142855,0.5263157894736843,0.6666666666666667,0.7,0.5
0.46153846153846156,0.42857142857142855,0.5263157894736843,0.6666666666666667,0.7,0.5
0.5,0.42857142857142855,0.5263157894736843,0.6666666666666667,0.7,0.5
0.5384615384615384,0.42857142857142855,0.5263157894736843,0.6666666666666667,0.7,0.5
0.576923076923077,0.42857142857142855,0.5263157894736843,0.6666666666666667,0.7,0.5
0.6153846153846154,0.42857142857142855,0.5263157894736843,0.6666666666666667,0.7,0.5
0.3076923076923077,0.49999999999999994,0.5789473684210527,0.16666666666666674,0.2,0.16666666666666669
0.34615384615384615,0.49999999999999994,0.5789473684210527,0.16666666666666674,0.2,0.16666666666666669
0.3846153846153847,0.49999999999999994,0.5789473684210527,0.16666666666666674,0.2,0.16666666666666669
0.42307692307692313,0.49999999999999994,0.5789473684210527,0.16666666666666674,0.2,0.16666666666666669
0.46153846153846156,0.49999999999999994,0.5789473684210527,0.16666666666666674,0.2,0.16666666666666669
0.5,0.49999999999999994,0.5789473684210527,0.16666666666666674,0.2,0.16666666666666669
0.5384615384615384,0.49999999999999994,0.5789473684210527,0.16666666666666674,0.2,0.16666666666666669
0.576923076923077,0.49999999999999994,0.5789473684210527,0.16666666666666674,0.2,0.16666666666666669
0.6153846153846154,0.49999999999999994,0.5789473684210527,0.16666666666666674,0.2,0.16666666666666669
0.3076923076923077,0.5714285714285714,0.3684210526315789,0.33333333333333326,0.3,0.3333333333333333
0.34615384615384615,0.5714285714285714,0.3684210526315789,0.33333333333333326,0.3,0.3333333333333333
0.3846153846153847,0.5714285714285714,0.3684210526315789,0.33333333333333326,0.3,0.3333333333333333
0.42307692307692313,0.5714285714285714,0.3684210526315789,0.33333333333333326,0.3,0.3333333333333333
0.46153846153846156,0.5714285714285714,0.3684210526315789,0.33333333333333326,0.3,0.3333333333333333
0.5,0.5714285714285714,0.3684210526315789,0.33333333333333326,0.3,0.3333333333333333
0.5384615384615384,0.5714285714285714,0.3684210526315789,0.33333333333333326,0.3,0.3333333333333333
0.576923076923077,0.5714285714285714,0.3684210526315789,0.33333333333333326,0.3,0.3333333333333333
0.6153846153846154,0.5714285714285714,0.3684210526315789,0.33333333333333326,0.3,0.3333333333333333
0.3076923076923077,0.6428571428571428,0.42105263157894735,0.4999999999999998,0.4000000000000001,0.5
0.34615384615384615,0.6428571428571428,0.42105263157894735,0.4999999999999998,0.4000000000000001,0.5
0.3846153846153847,0.6428571428571428,0.42105263157894735,0.4999999999999998,0.4000000000000001,0.5
0.42307692307692313,0.6428571428571428,0.42105263157894735,0.4999999999999998,0.4000000000000001,0.5
0.46153846153846156,0.6428571428571428,0.42105263157894735,0.4999999999999998,0.4000000000000001,0.5
0.5,0.6428571428571428,0.42105263157894735,0.4999999999999998,0.4000000000000001,0.5
0.5384615384615384,0.6428571428571428,0.42105263157894735,0.4999999999999998,0.4000000000000001,0.5
0.576923076923077,0.6428571428571428,0.42105263157894735,0.4999999999999998,0.4000000000000001,0.5
0.6153846153846154,0.6428571428571428,0.42105263157894735,0.4999999999999998,0.4000000000000001,0.5
0.3076923076923077,0.7142857142857142,0.47368421052631576,0.6666666666666667,0.5,0.16666666666666669
0.34615384615384615,0.7142857142857142,0.47368421052631576,0.6666666666666667,0.5,0.16666666666666669
0.3846153846153847,0.7142857142857142,0.47368421052631576,0.6666666666666667,0.5,0.16666666666666669
0.42307692307692313,0.7142857142857142,0.47368421052631576,0.6666666666666667,0.5,0.16666666666666669
0.46153846153846156,0.7142857142857142,0.47368421052631576,0.6666666666666667,0.5,0.16666666666666669
0.5,0.7142857142857142,0.47368421052631576,0.6666666666666667,0.5,0.16666666666666669
0.5384615384615384,0.7142857142857142,0.47368421052631576,0.6666666666666667,0.5,0.16666666666666669
0.576923076923077,0.7142857142857142,0.47368421052631576,0.6666666666666667,0.5,0.16666666666666669
0.6153846153846154,0.7142857142857142,0.47368421052631576,0.6666666666666667,0.5,0.16666666666666669
0.3076923076923077,0.42857142857142855,0.5789473684210527,0.16666666666666674,0.6000000000000001,0.3333333333333333
0.34615384615384615,0.42857142857142855,0.5789473684210527,0.16666666666666674,0.6000000000000001,0.3333333333333333
0.3846153846153847,0.42857142857142855,0.5789473684210527,0.16666666666666674,0.6000000000000001,0.3333333333333333
0.42307692307692313,0.42857142857142855,0.5789473684210527,0.16666666666666674,0.6000000000000001,0.3333333333333333
0.46153846153846156,0.42857142857142855,0.5789473684210527,0.16666666666666674,0.6000000000000001,0.3333333333333333
0.5,0.42857142857142855,0.5789473684210527,0.16666666666666674,0.6000000000000001,0.3333333333333333
0.5384615384615384,0.42857142857142855,0.5789473684210527,0.16666666666666674,0.6000000000000001,0.3333333333333333
0.576923076923077,0.42857142857142855,0.5789473684210527,0.16666666666666674,0.6000000000000001,0.3333333333333333
0.6153846153846154,0.42857142857142855,0.5789473684210527,0.16666666666666674,0.6000000000000001,0.3333333333333333
0.3076923076923077,0.49999999999999994,0.3684210526315789,0.33333333333333326,0.7,0.5
0.34615384615384615,0.49999999999999994,0.3684210526315789,0.33333333333333326,0.7,0.5
0.3846153846153847,0.49999999999999994,0.3684210526315789,0.33333333333333326,0.7,0.5
0.42307692307692313,0.49999999999999994,0.3684210526315789,0.33333333333333326,0.7,0.5
0.46153846153846156,0.49999999999999994,0.3684210526315789,0.33333333333333326,0.7,0.5
0.5,0.49999999999999994,0.3684210526315789,0.33333333333333326,0.7,0.5
0.5384615384615384,0.49999999999999994,0.3684210526315789,0.33333333333333326,0.7,0.5
0.576923076923077,0.49999999999999994,0.3684210526315789,0.33333333333333326,0.7,0.5
0.6153846153846154,0.49999999999999994,0.3684210526315789,0.33333333333333326,0.7,0.5
0.3076923076923077,0.5714285714285714,0.42105263157894735,0.4999999999999998,0.2,0.16666666666666669
0.34615384615384615,0.5714285714285714,0.42105263157894735,0.4999999999999998,0.2,0.16666666666666669
0.3846153846153847,0.5714285714285714,0.42105263157894735,0.4999999999999998,0.2,0.16666666666666669
0.42307692307692313,0.5714285714285714,0.42105263157894735,0.4999999999999998,0.2,0.16666666666666669
0.46153846153846156,0.5714285714285714,0.42105263157894735,0.4999999999999998,0.2,0.16666666666666669
0.5,0.5714285714285714,0.42105263157894735,0.4999999999999998,0.2,0.16666666666666669
0.5384615384615384,0.5714285714285714,0.42105263157894735,0.4999999999999998,0.2,0.16666666666666669
0.576923076923077,0.5714285714285714,0.42105263157894735,0.4999999999999998,0.2,0.16666666666666669
0.6153846153846154,0.5714285714285714,0.42105263157894735,0.4999999999999998,0.2,0.16666666666666669
0.3076923076923077,0.6428571428571428,0.47368421052631576,0.6666666666666667,0.3,0.3333333333333333
0.34615384615384615,0.6428571428571428,0.47368421052631576,0.6666666666666667,0.3,0.3333333333333333
0.3846153846153847,0.6428571428571428,0.47368421052631576,0.6666666666666667,0.3,0.3333333333333333
0.42307692307692313,0.6428571428571428,0.47368421052631576,0.6666666666666667,0.3,0.3333333333333333
0.46153846153846156,0.6428571428571428,0.47368421052631576,0.6666666666666667,0.3,0.3333333333333333
0.5,0.6428571428571428,0.47368421052631576,0.6666666666666667,0.3,0.3333333333333333
0.5384615384615384,0.6428571428571428,0.47368421052631576,0.6666666666666667,0.3,0.3333333333333333
0.576923076923077,0.6428571428571428,0.47368421052631576,0.6666666666666667,0.3,0.3333333333333333
0.6153846153846154,0.6428571428571428,0.47368421052631576,0.6666666666666667,0.3,0.3333333333333333
0.3076923076923077,0.7142857142857142,0.5263157894736843,0.16666666666666674,0.4000000000000001,0.5
0.34615384615384615,0.7142857142857142,0.5263157894736843,0.16666666666666674,0.4000000000000001,0.5
0.3846153846153847,0.7142857142857142,0.5263157894736843,0.16666666666666674,0.4000000000000001,0.5
0.42307692307692313,0.7142857142857142,0.5263157894736843,0.16666666666666674,0.4000000000000001,0.5
0.46153846153846156,0.7142857142857142,0.5263157894736843,0.16666666666666674,0.4000000000000001,0.5
0.5,0.7142857142857142,0.5263157894736843,0.16666666666666674,0.4000000000000001,0.5
0.5384615384615384,0.7142857142857142,0.5263157894736843,0.16666666666666674,0.4000000000000001,0.5
0.576923076923077,0.7142857142857142,0.5263157894736843,0.16666666666666674,0.4000000000000001,0.5
0.6153846153846154,0.7142857142857142,0.5263157894736843,0.16666666666666674,0.4000000000000001,0.5
0.0,0.2857142857142857,0.15789473684210525,0.16666666666666674,0.2,0.5
0.038461538461538464,0.2857142857142857,0.15789473684210525,0.16666666666666674,0.2,0.5
0.07692307692307693,0.2857142857142857,0.15789473684210525,0.16666666666666674,0.2,0.5
0.0,0.35714285714285715,0.21052631578947367,0.33333333333333326,0.3,0.6666666666666667
0.038461538461538464,0.35714285714285715,0.21052631578947367,0.33333333333333326,0.3,0.6666666666666667
0.07692307692307693,0.35714285714285715,0.21052631578947367,0.33333333333333326,0.3,0.6666666666666667
0.0,0.42857142857142855,0.15789473684210525,0.4999999999999998,0.2,0.5
0.038461538461538464,0.42857142857142855,0.15789473684210525,0.4999999999999998,0.2,0.5
0.07692307692307693,0.42857142857142855,0.15789473684210525,0.4999999999999998,0.2,0.5
0.0,0.2857142857142857,0.21052631578947367,0.6666666666666667,0.3,0.6666666666666667
0.038461538461538464,0.2857142857142857,0.21052631578947367,0.6666666666666667,0.3,0.6666666666666667
0.07692307692307693,0.2857142857142857,0.21052631578947367,0.6666666666666667,0.3,0.6666666666666667
0.0,0.35714285714285715,0.15789473684210525,0.16666666666666674,0.2,0.5
0.038461538461538464,0.35714285714285715,0.15789473684210525,0.16666666666666674,0.2,0.5
0.07692307692307693,0.35714285714285715,0.15789473684210525,0.16666666666666674,0.2,0.5
0.0,0.42857142857142855,0.21052631578947367,0.33333333333333326,0.3,0.6666666666666667
0.038461538461538464,0.42857142857142855,0.21052631578947367,0.33333333333333326,0.3,0.6666666666666667
0.07692307692307693,0.42857142857142855,0.21052631578947367,0.33333333333333326,0.3,0.6666666666666667
0.23076923076923078,0.2142857142857143,0.2631578947368421,0.16666666666666674,0.2,0.5
0.2692307692307693,0.2142857142857143,0.2631578947368421,0.16666666666666674,0.2,0.5
0.3076923076923077,0.2142857142857143,0.2631578947368421,0.16666666666666674,0.2,0.5
0.23076923076923078,0.2857142857142857,0.3157894736842105,0.33333333333333326,0.3,0.6666666666666667
0.2692307692307693,0.2857142857142857,0.3157894736842105,0.33333333333333326,0.3,0.6666666666666667
0.3076923076923077,0.2857142857142857,0.3157894736842105,0.33333333333333326,0.3,0.6666666666666667
0.23076923076923078,0.2142857142857143,0.3684210526315789,0.4999999999999998,0.2,0.5
0.2692307692307693,0.2142857142857143,0.3684210526315789,0.4999999999999998,0.2,0.5
0.3076923076923077,0.2142857142857143,0.3684210526315789,0.4999999999999998,0.2,0.5
0.23076923076923078,0.2857142857142857,0.2631578947368421,0.6666666666666667,0.3,0.6666666666666667
0.2692307692307693,0.2857142857142857,0.2631578947368421,0.6666666666666667,0.3,0.6666666666666667
0.3076923076923077,0.2857142857142857,0.2631578947368421,0.6666666666666667,0.3,0.6666666666666667
0.23076923076923078,0.2142857142857143,0.3157894736842105,0.16666666666666674,0.2,0.5
0.2692307692307693,0.2142857142857143,0.3157894736842105,0.16666666666666674,0.2,0.5
0.3076923076923077,0.2142857142857143,0.3157894736842105,0.16666666666666674,0.2,0.5
0.23076923076923078,0.2857142857142857,0.3684210526315789,0.33333333333333326,0.3,0.6666666666666667
0.2692307692307693,0.2857142857142857,0.3684210526315789,0.33333333333333326,0.3,0.6666666666666667
0.3076923076923077,0.2857142857142857,0.3684210526315789,0.33333333333333326,0.3,0.6666666666666667
0.15384615384615385,0.14285714285714285,0.15789473684210525,0.0,0.2,0.5
0.1923076923076923,0.14285714285714285,0.15789473684210525,0.0,0.2,0.5
0.23076923076923078,0.14285714285714285,0.15789473684210525,0.0,0.2,0.5
0.15384615384615385,0.2857142857142857,0.2631578947368421,0.16666666666666674,0.3,0.6666666666666667
0.1923076923076923,0.2857142857142857,0.2631578947368421,0.16666666666666674,0.3,0.6666666666666667
0.23076923076923078,0.2857142857142857,0.2631578947368421,0.16666666666666674,0.3,0.6666666666666667
0.15384615384615385,0.14285714285714285,0.2631578947368421,0.33333333333333326,0.2,0.5
0.1923076923076923,0.14285714285714285,0.2631578947368421,0.33333333333333326,0.2,0.5
0.23076923076923078,0.14285714285714285,0.2631578947368421,0.33333333333333326,0.2,0.5
0.15384615384615385,0.2857142857142857,0.15789473684210525,0.4999999999999998,0.3,0.6666666666666667
0.1923076923076923,0.2857142857142857,0.15789473684210525,0.4999999999999998,0.3,0.6666666666666667
0.23076923076923078,0.2857142857142857,0.15789473684210525,0.4999999999999998,0.3,0.6666666666666667
0.7692307692307693,0.7142857142857142,0.3684210526315789,0.16666666666666674,0.2,0.3333333333333333
0.8076923076923077,0.7142857142857142,0.3684210526315789,0.16666666666666674,0.2,0.3333333333333333
0.8461538461538461,0.7142857142857142,0.3684210526315789,0.16666666666666674,0.2,0.3333333333333333
0.8846153846153847,0.7142857142857142,0.3684210526315789,0.16666666666666674,0.2,0.3333333333333333
0.9230769230769232,0.7142857142857142,0.3684210526315789,0.16666666666666674,0.2,0.3333333333333333
0.9615384615384616,0.7142857142857142,0.3684210526315789,0.16666666666666674,0.2,0.3333333333333333
1.0,0.7142857142857142,0.3684210526315789,0.16666666666666674,0.2,0.3333333333333333
0.7692307692307693,0.7857142857142856,0.42105263157894735,0.33333333333333326,0.3,0.5
0.8076923076923077,0.7857142857142856,0.42105263157894735,0.33333333333333326,0.3,0.5
0.8461538461538461,0.7857142857142856,0.42105263157894735,0.33333333333333326,0.3,0.5
0.8846153846153847,0.7857142857142856,0.42105263157894735,0.33333333333333326,0.3,0.5
0.9230769230769232,0.7857142857142856,0.42105263157894735,0.33333333333333326,0.3,0.5
0.9615384615384616,0.7857142857142856,0.42105263157894735,0.33333333333333326,0.3,0.5
1.0,0.7857142857142856,0.42105263157894735,0.33333333333333326,0.3,0.5
0.7692307692307693,0.8571428571428572,0.47368421052631576,0.4999999999999998,0.4000000000000001,0.6666666666666667
0.8076923076923077,0.8571428571428572,0.47368421052631576,0.4999999999999998,0.4000000000000001,0.6666666666666667
0.8461538461538461,0.8571428571428572,0.47368421052631576,0.4999999999999998,0.4000000000000001,0.6666666666666667
0.8846153846153847,0.8571428571428572,0.47368421052631576,0.4999999999999998,0.4000000000000001,0.6666666666666667
0.9230769230769232,0.8571428571428572,0.47368421052631576,0.4999999999999998,0.4000000000000001,0.6666666666666667
0.9615384615384616,0.8571428571428572,0.47368421052631576,0.4999999999999998,0.4000000000000001,0.6666666666666667
1.0,0.8571428571428572,0.47368421052631576,0.4999999999999998,0.4000000000000001,0.6666666666666667
0.7692307692307693,0.9285714285714286,0.5263157894736843,0.6666666666666667,0.2,0.3333333333333333
0.8076923076923077,0.9285714285714286,0.5263157894736843,0.6666666666666667,0.2,0.3333333333333333
0.8461538461538461,0.9285714285714286,0.5263157894736843,0.6666666666666667,0.2,0.3333333333333333
0.8846153846153847,0.9285714285714286,0.5263157894736843,0.6666666666666667,0.2,0.3333333333333333
0.9230769230769232,0.9285714285714286,0.5263157894736843,0.6666666666666667,0.2,0.3333333333333333
0.9615384615384616,0.9285714285714286,0.5263157894736843,0.6666666666666667,0.2,0.3333333333333333
1.0,0.9285714285714286,0.5263157894736843,0.6666666666666667,0.2,0.3333333333333333
0.7692307692307693,1.0,0.5789473684210527,0.16666666666666674,0.3,0.5
0.8076923076923077,1.0,0.5789473684210527,0.16666666666666674,0.3,0.5
0.8461538461538461,1.0,0.5789473684210527,0.16666666666666674,0.3,0.5
0.8846153846153847,1.0,0.5789473684210527,0.16666666666666674,0.3,0.5
0.9230769230769232,1.0,0.5789473684210527,0.16666666666666674,0.3,0.5
0.9615384615384616,1.0,0.5789473684210527,0.16666666666666674,0.3,0.5
1.0,1.0,0.5789473684210527,0.16666666666666674,0.3,0.5
0.7692307692307693,0.7142857142857142,0.42105263157894735,0.33333333333333326,0.4000000000000001,0.6666666666666667
0.8076923076923077,0.7142857142857142,0.42105263157894735,0.33333333333333326,0.4000000000000001,0.6666666666666667
0.8461538461538461,0.7142857142857142,0.42105263157894735,0.33333333333333326,0.4000000000000001,0.6666666666666667
0.8846153846153847,0.7142857142857142,0.42105263157894735,0.33333333333333326,0.4000000000000001,0.6666666666666667
0.9230769230769232,0.7142857142857142,0.42105263157894735,0.33333333333333326,0.4000000000000001,0.6666666666666667
0.9615384615384616,0.7142857142857142,0.42105263157894735,0.33333333333333326,0.4000000000000001,0.6666666666666667
1.0,0.7142857142857142,0.42105263157894735,0.33333333333333326,0.4000000000000001,0.6666666666666667
0.7692307692307693,0.7857142857142856,0.47368421052631576,0.4999999999999998,0.2,0.3333333333333333
0.8076923076923077,0.7857142857142856,0.47368421052631576,0.4999999999999998,0.2,0.3333333333333333
0.8461538461538461,0.7857142857142856,0.47368421052631576,0.4999999999999998,0.2,0.3333333333333333
0.8846153846153847,0.7857142857142856,0.47368421052631576,0.4999999999999998,0.2,0.3333333333333333
0.9230769230769232,0.7857142857142856,0.47368421052631576,0.4999999999999998,0.2,0.3333333333333333
0.9615384615384616,0.7857142857142856,0.47368421052631576,0.4999999999999998,0.2,0.3333333333333333
1.0,0.7857142857142856,0.47368421052631576,0.4999999999999998,0.2,0.3333333333333333
0.7692307692307693,0.8571428571428572,0.5263157894736843,0.6666666666666667,0.3,0.5
0.8076923076923077,0.8571428571428572,0.5263157894736843,0.6666666666666667,0.3,0.5
0.8461538461538461,0.8571428571428572,0.5263157894736843,0.6666666666666667,0.3,0.5
0.8846153846153847,0.8571428571428572,0.5263157894736843,0.6666666666666667,0.3,0.5
0.9230769230769232,0.8571428571428572,0.5263157894736843,0.6666666666666667,0.3,0.5
0.9615384615384616,0.8571428571428572,0.5263157894736843,0.6666666666666667,0.3,0.5
1.0,0.8571428571428572,0.5263157894736843,0.6666666666666667,0.3,0.5
0.7692307692307693,0.9285714285714286,0.5789473684210527,0.16666666666666674,0.4000000000000001,0.6666666666666667
0.8076923076923077,0.9285714285714286,0.5789473684210527,0.16666666666666674,0.4000000000000001,0.6666666666666667
0.8461538461538461,0.9285714285714286,0.5789473684210527,0.16666666666666674,0.4000000000000001,0.6666666666666667
0.8846153846153847,0.9285714285714286,0.5789473684210527,0.16666666666666674,0.4000000000000001,0.6666666666666667
0.9230769230769232,0.9285714285714286,0.5789473684210527,0.16666666666666674,0.4000000000000001,0.6666666666666667
0.9615384615384616,0.9285714285714286,0.5789473684210527,0.16666666666666674,0.4000000000000001,0.6666666666666667
1.0,0.9285714285714286,0.5789473684210527,0.16666666666666674,0.4000000000000001,0.6666666666666667
0.7692307692307693,1.0,0.3684210526315789,0.33333333333333326,0.2,0.3333333333333333
0.8076923076923077,1.0,0.3684210526315789,0.33333333333333326,0.2,0.3333333333333333
0.8461538461538461,1.0,0.3684210526315789,0.33333333333333326,0.2,0.3333333333333333
0.8846153846153847,1.0,0.3684210526315789,0.33333333333333326,0.2,0.3333333333333333
0.9230769230769232,1.0,0.3684210526315789,0.33333333333333326,0.2,0.3333333333333333
0.9615384615384616,1.0,0.3684210526315789,0.33333333333333326,0.2,0.3333333333333333
1.0,1.0,0.3684210526315789,0.33333333333333326,0.2,0.3333333333333333
0.7692307692307693,0.7142857142857142,0.47368421052631576,0.4999999999999998,0.3,0.5
0.8076923076923077,0.7142857142857142,0.47368421052631576,0.4999999999999998,0.3,0.5
0.8461538461538461,0.7142857142857142,0.47368421052631576,0.4999999999999998,0.3,0.5
0.8846153846153847,0.7142857142857142,0.47368421052631576,0.4999999999999998,0.3,0.5
0.9230769230769232,0.7142857142857142,0.47368421052631576,0.4999999999999998,0.3,0.5
0.9615384615384616,0.7142857142857142,0.47368421052631576,0.4999999999999998,0.3,0.5
1.0,0.7142857142857142,0.47368421052631576,0.4999999999999998,0.3,0.5
0.7692307692307693,0.7857142857142856,0.5263157894736843,0.6666666666666667,0.4000000000000001,0.6666666666666667
0.8076923076923077,0.7857142857142856,0.5263157894736843,0.6666666666666667,0.4000000000000001,0.6666666666666667
0.8461538461538461,0.7857142857142856,0.5263157894736843,0.6666666666666667,0.4000000000000001,0.6666666666666667
0.8846153846153847,0.7857142857142856,0.5263157894736843,0.6666666666666667,0.4000000000000001,0.6666666666666667
0.9230769230769232,0.7857142857142856,0.5263157894736843,0.6666666666666667,0.4000000000000001,0.6666666666666667
0.9615384615384616,0.7857142857142856,0.5263157894736843,0.6666666666666667,0.4000000000000001,0.6666666666666667
1.0,0.7857142857142856,0.5263157894736843,0.6666666666666667,0.4000000000000001,0.6666666666666667
0.7692307692307693,0.8571428571428572,0.5789473684210527,0.16666666666666674,0.2,0.3333333333333333
0.8076923076923077,0.8571428571428572,0.5789473684210527,0.16666666666666674,0.2,0.3333333333333333
0.8461538461538461,0.8571428571428572,0.5789473684210527,0.16666666666666674,0.2,0.3333333333333333
0.8846153846153847,0.8571428571428572,0.5789473684210527,0.16666666666666674,0.2,0.3333333333333333
0.9230769230769232,0.8571428571428572,0.5789473684210527,0.16666666666666674,0.2,0.3333333333333333
0.9615384615384616,0.8571428571428572,0.5789473684210527,0.16666666666666674,0.2,0.3333333333333333
1.0,0.8571428571428572,0.5789473684210527,0.16666666666666674,0.2,0.3333333333333333
0.7692307692307693,0.9285714285714286,0.3684210526315789,0.33333333333333326,0.3,0.5
0.8076923076923077,0.9285714285714286,0.3684210526315789,0.33333333333333326,0.3,0.5
0.8461538461538461,0.9285714285714286,0.3684210526315789,0.33333333333333326,0.3,0.5
0.8846153846153847,0.9285714285714286,0.3684210526315789,0.33333333333333326,0.3,0.5
0.9230769230769232,0.9285714285714286,0.3684210526315789,0.33333333333333326,0.3,0.5
0.9615384615384616,0.9285714285714286,0.3684210526315789,0.33333333333333326,0.3,0.5
1.0,0.9285714285714286,0.3684210526315789,0.33333333333333326,0.3,0.5
0.7692307692307693,1.0,0.42105263157894735,0.4999999999999998,0.4000000000000001,0.6666666666666667
0.8076923076923077,1.0,0.42105263157894735,0.4999999999999998,0.4000000000000001,0.6666666666666667
0.8461538461538461,1.0,0.42105263157894735,0.4999999999999998,0.4000000000000001,0.6666666666666667
0.8846153846153847,1.0,0.42105263157894735,0.4999999999999998,0.4000000000000001,0.6666666666666667
0.9230769230769232,1.0,0.42105263157894735,0.4999999999999998,0.4000000000000001,0.6666666666666667
0.9615384615384616,1.0,0.42105263157894735,0.4999999999999998,0.4000000000000001,0.6666666666666667
1.0,1.0,0.42105263157894735,0.4999999999999998,0.4000000000000001,0.6666666666666667
0.7692307692307693,0.7142857142857142,0.5263157894736843,0.6666666666666667,0.2,0.3333333333333333
0.8076923076923077,0.7142857142857142,0.5263157894736843,0.6666666666666667,0.2,0.3333333333333333
0.8461538461538461,0.7142857142857142,0.5263157894736843,0.6666666666666667,0.2,0.3333333333333333
0.8846153846153847,0.7142857142857142,0.5263157894736843,0.6666666666666667,0.2,0.3333333333333333
0.9230769230769232,0.7142857142857142,0.5263157894736843,0.6666666666666667,0.2,0.3333333333333333
0.9615384615384616,0.7142857142857142,0.5263157894736843,0.6666666666666667,0.2,0.3333333333333333
1.0,0.7142857142857142,0.5263157894736843,0.6666666666666667,0.2,0.3333333333333333
0.7692307692307693,0.7857142857142856,0.5789473684210527,0.16666666666666674,0.3,0.5
0.8076923076923077,0.7857142857142856,0.5789473684210527,0.16666666666666674,0.3,0.5
0.8461538461538461,0.7857142857142856,0.5789473684210527,0.16666666666666674,0.3,0.5
0.8846153846153847,0.7857142857142856,0.5789473684210527,0.16666666666666674,0.3,0.5
0.9230769230769232,0.7857142857142856,0.5789473684210527,0.16666666666666674,0.3,0.5
0.9615384615384616,0.7857142857142856,0.5789473684210527,0.16666666666666674,0.3,0.5
1.0,0.7857142857142856,0.5789473684210527,0.16666666666666674,0.3,0.5
0.7692307692307693,0.8571428571428572,0.3684210526315789,0.33333333333333326,0.4000000000000001,0.6666666666666667
0.8076923076923077,0.8571428571428572,0.3684210526315789,0.33333333333333326,0.4000000000000001,0.6666666666666667
0.8461538461538461,0.8571428571428572,0.3684210526315789,0.33333333333333326,0.4000000000000001,0.6666666666666667
0.8846153846153847,0.8571428571428572,0.3684210526315789,0.33333333333333326,0.4000000000000001,0.6666666666666667
0.9230769230769232,0.8571428571428572,0.3684210526315789,0.33333333333333326,0.4000000000000001,0.6666666666666667
0.9615384615384616,0.8571428571428572,0.3684210526315789,0.33333333333333326,0.4000000000000001,0.6666666666666667
1.0,0.8571428571428572,0.3684210526315789,0.33333333333333326,0.4000000000000001,0.6666666666666667
0.7692307692307693,0.9285714285714286,0.42105263157894735,0.4999999999999998,0.2,0.3333333333333333
0.8076923076923077,0.9285714285714286,0.42105263157894735,0.4999999999999998,0.2,0.3333333333333333
0.8461538461538461,0.9285714285714286,0.42105263157894735,0.4999999999999998,0.2,0.3333333333333333
0.8846153846153847,0.9285714285714286,0.42105263157894735,0.4999999999999998,0.2,0.3333333333333333
0.9230769230769232,0.9285714285714286,0.42105263157894735,0.4999999999999998,0.2,0.3333333333333333
0.9615384615384616,0.9285714285714286,0.42105263157894735,0.4999999999999998,0.2,0.3333333333333333
1.0,0.9285714285714286,0.42105263157894735,0.4999999999999998,0.2,0.3333333333333333
0.7692307692307693,1.0,0.47368421052631576,0.6666666666666667,0.3,0.5
0.8076923076923077,1.0,0.47368421052631576,0.6666666666666667,0.3,0.5
0.8461538461538461,1.0,0.47368421052631576,0.6666666666666667,0.3,0.5
0.8846153846153847,1.0,0.47368421052631576,0.6666666666666667,0.3,0.5
0.9230769230769232,1.0,0.47368421052631576,0.6666666666666667,0.3,0.5
0.9615384615384616,1.0,0.47368421052631576,0.6666666666666667,0.3,0.5
1.0,1.0,0.47368421052631576,0.6666666666666667,0.3,0.5
0.7692307692307693,0.7142857142857142,0.5789473684210527,0.16666666666666674,0.4000000000000001,0.6666666666666667
0.8076923076923077,0.7142857142857142,0.5789473684210527,0.16666666666666674,0.4000000000000001,0.6666666666666667
0.8461538461538461,0.7142857142857142,0.5789473684210527,0.16666666666666674,0.4000000000000001,0.6666666666666667
0.8846153846153847,0.7142857142857142,0.5789473684210527,0.16666666666666674,0.4000000000000001,0.6666666666666667
0.9230769230769232,0.7142857142857142,0.5789473684210527,0.16666666666666674,0.4000000000000001,0.6666666666666667
0.9615384615384616,0.7142857142857142,0.5789473684210527,0.16666666666666674,0.4000000000000001,0.6666666666666667
1.0,0.7142857142857142,0.5789473684210527,0.16666666666666674,0.4000000000000001,0.6666666666666667
0.7692307692307693,0.7857142857142856,0.3684210526315789,0.33333333333333326,0.2,0.3333333333333333
0.8076923076923077,0.7857142857142856,0.3684210526315789,0.33333333333333326,0.2,0.3333333333333333
0.8461538461538461,0.7857142857142856,0.3684210526315789,0.33333333333333326,0.2,0.3333333333333333
0.8846153846153847,0.7857142857142856,0.3684210526315789,0.33333333333333326,0.2,0.3333333333333333
0.9230769230769232,0.7857142857142856,0.3684210526315789,0.33333333333333326,0.2,0.3333333333333333
0.9615384615384616,0.7857142857142856,0.3684210526315789,0.33333333333333326,0.2,0.3333333333333333
1.0,0.7857142857142856,0.3684210526315789,0.33333333333333326,0.2,0.3333333333333333
0.7692307692307693,0.8571428571428572,0.42105263157894735,0.4999999999999998,0.3,0.5
0.8076923076923077,0.8571428571428572,0.42105263157894735,0.4999999999999998,0.3,0.5
0.8461538461538461,0.8571428571428572,0.42105263157894735,0.4999999999999998,0.3,0.5
0.8846153846153847,0.8571428571428572,0.42105263157894735,0.4999999999999998,0.3,0.5
0.9230769230769232,0.8571428571428572,0.42105263157894735,0.4999999999999998,0.3,0.5
0.9615384615384616,0.8571428571428572,0.42105263157894735,0.4999999999999998,0.3,0.5
1.0,0.8571428571428572,0.42105263157894735,0.4999999999999998,0.3,0.5
0.7692307692307693,0.9285714285714286,0.47368421052631576,0.6666666666666667,0.4000000000000001,0.6666666666666667
0.8076923076923077,0.9285714285714286,0.47368421052631576,0.6666666666666667,0.4000000000000001,0.6666666666666667
0.8461538461538461,0.9285714285714286,0.47368421052631576,0.6666666666666667,0.4000000000000001,0.6666666666666667
0.8846153846153847,0.9285714285714286,0.47368421052631576,0.6666666666666667,0.4000000000000001,0.6666666666666667
0.9230769230769232,0.9285714285714286,0.47368421052631576,0.6666666666666667,0.4000000000000001,0.6666666666666667
0.9615384615384616,0.9285714285714286,0.47368421052631576,0.6666666666666667,0.4000000000000001,0.6666666666666667
1.0,0.9285714285714286,0.47368421052631576,0.6666666666666667,0.4000000000000001,0.6666666666666667
0.7692307692307693,1.0,0.5263157894736843,0.16666666666666674,0.2,0.3333333333333333
0.8076923076923077,1.0,0.5263157894736843,0.16666666666666674,0.2,0.3333333333333333
0.8461538461538461,1.0,0.5263157894736843,0.16666666666666674,0.2,0.3333333333333333
0.8846153846153847,1.0,0.5263157894736843,0.16666666666666674,0.2,0.3333333333333333
0.9230769230769232,1.0,0.5263157894736843,0.16666666666666674,0.2,0.3333333333333333
0.9615384615384616,1.0,0.5263157894736843,0.16666666666666674,0.2,0.3333333333333333
1.0,1.0,0.5263157894736843,0.16666666666666674,0.2,0.3333333333333333
0.15384615384615385,0.14285714285714285,0.15789473684210525,0.0,0.0,0.3333333333333333
0.1923076923076923,0.14285714285714285,0.15789473684210525,0.0,0.0,0.3333333333333333
0.23076923076923078,0.14285714285714285,0.15789473684210525,0.0,0.0,0.3333333333333333
0.15384615384615385,0.2142857142857143,0.21052631578947367,0.16666666666666674,0.10000000000000003,0.5
0.1923076923076923,0.2142857142857143,0.21052631578947367,0.16666666666666674,0.10000000000000003,0.5
0.23076923076923078,0.2142857142857143,0.21052631578947367,0.16666666666666674,0.10000000000000003,0.5
0.15384615384615385,0.2857142857142857,0.2631578947368421,0.33333333333333326,0.0,0.6666666666666667
0.1923076923076923,0.2857142857142857,0.2631578947368421,0.33333333333333326,0.0,0.6666666666666667
0.23076923076923078,0.2857142857142857,0.2631578947368421,0.33333333333333326,0.0,0.6666666666666667
0.15384615384615385,0.14285714285714285,0.21052631578947367,0.0,0.10000000000000003,0.3333333333333333
0.1923076923076923,0.14285714285714285,0.21052631578947367,0.0,0.10000000000000003,0.3333333333333333
0.23076923076923078,0.14285714285714285,0.21052631578947367,0.0,0.10000000000000003,0.3333333333333333
0.15384615384615385,0.2142857142857143,0.2631578947368421,0.16666666666666674,0.0,0.5
0.1923076923076923,0.2142857142857143,0.2631578947368421,0.16666666666666674,0.0,0.5
0.23076923076923078,0.2142857142857143,0.2631578947368421,0.16666666666666674,0.0,0.5
0.15384615384615385,0.2857142857142857,0.15789473684210525,0.33333333333333326,0.10000000000000003,0.6666666666666667
0.1923076923076923,0.2857142857142857,0.15789473684210525,0.33333333333333326,0.10000000000000003,0.6666666666666667
0.23076923076923078,0.2857142857142857,0.15789473684210525,0.33333333333333326,0.10000000000000003,0.6666666666666667
0.15384615384615385,0.14285714285714285,0.2631578947368421,0.0,0.0,0.3333333333333333
0.1923076923076923,0.14285714285714285,0.2631578947368421,0.0,0.0,0.3333333333333333
0.23076923076923078,0.14285714285714285,0.2631578947368421,0.0,0.0,0.3333333333333333
0.15384615384615385,0.2142857142857143,0.15789473684210525,0.16666666666666674,0.10000000000000003,0.5
0.1923076923076923,0.2142857142857143,0.15789473684210525,0.16666666666666674,0.10000000000000003,0.5
0.23076923076923078,0.2142857142857143,0.15789473684210525,0.16666666666666674,0.10000000000000003,0.5
0.15384615384615385,0.2857142857142857,0.21052631578947367,0.33333333333333326,0.0,0.6666666666666667
0.1923076923076923,0.2857142857142857,0.21052631578947367,0.33333333333333326,0.0,0.6666666666666667
0.23076923076923078,0.2857142857142857,0.21052631578947367,0.33333333333333326,0.0,0.6666666666666667
0.0,0.2857142857142857,0.15789473684210525,0.16666666666666674,0.5,0.3333333333333333
0.038461538461538464,0.2857142857142857,0.15789473684210525,0.16666666666666674,0.5,0.3333333333333333
0.07692307692307693,0.2857142857142857,0.15789473684210525,0.16666666666666674,0.5,0.3333333333333333
0.0,0.35714285714285715,0.21052631578947367,0.33333333333333326,0.6000000000000001,0.5
0.038461538461538464,0.35714285714285715,0.21052631578947367,0.33333333333333326,0.6000000000000001,0.5
0.07692307692307693,0.35714285714285715,0.21052631578947367,0.33333333333333326,0.6000000000000001,0.5
0.0,0.42857142857142855,0.2631578947368421,0.4999999999999998,0.7,0.3333333333333333
0.038461538461538464,0.42857142857142855,0.2631578947368421,0.4999999999999998,0.7,0.3333333333333333
0.07692307692307693,0.42857142857142855,0.2631578947368421,0.4999999999999998,0.7,0.3333333333333333
0.0,0.2857142857142857,0.21052631578947367,0.16666666666666674,0.5,0.5
0.038461538461538464,0.2857142857142857,0.21052631578947367,0.16666666666666674,0.5,0.5
0.07692307692307693,0.2857142857142857,0.21052631578947367,0.16666666666666674,0.5,0.5
0.0,0.35714285714285715,0.2631578947368421,0.33333333333333326,0.6000000000000001,0.3333333333333333
0.038461538461538464,0.35714285714285715,0.2631578947368421,0.33333333333333326,0.6000000000000001,0.3333333333333333
0.07692307692307693,0.35714285714285715,0.2631578947368421,0.33333333333333326,0.6000000000000001,0.3333333333333333
0.0,0.42857142857142855,0.15789473684210525,0.4999999999999998,0.7,0.5
0.038461538461538464,0.42857142857142855,0.15789473684210525,0.4999999999999998,0.7,0.5
0.07692307692307693,0.42857142857142855,0.15789473684210525,0.4999999999999998,0.7,0.5
0.0,0.2857142857142857,0.2631578947368421,0.16666666666666674,0.5,0.3333333333333333
0.038461538461538464,0.2857142857142857,0.2631578947368421,0.16666666666666674,0.5,0.3333333333333333
0.07692307692307693,0.2857142857142857,0.2631578947368421,0.16666666666666674,0.5,0.3333333333333333
0.0,0.35714285714285715,0.15789473684210525,0.33333333333333326,0.6000000000000001,0.5
0.038461538461538464,0.35714285714285715,0.15789473684210525,0.33333333333333326,0.6000000000000001,0.5
0.07692307692307693,0.35714285714285715,0.15789473684210525,0.33333333333333326,0.6000000000000001,0.5
0.0,0.42857142857142855,0.21052631578947367,0.4999999999999998,0.7,0.3333333333333333
0.038461538461538464,0.42857142857142855,0.21052631578947367,0.4999999999999998,0.7,0.3333333333333333
0.07692307692307693,0.42857142857142855,0.21052631578947367,0.4999999999999998,0.7,0.3333333333333333
0.0,0.0,0.0,0.16666666666666674,0.3,0.5
0.038461538461538464,0.0,0.0,0.16666666666666674,0.3,0.5
0.07692307692307693,0.0,0.0,0.16666666666666674,0.3,0.5
0.0,0.07142857142857142,0.05263157894736842,0.33333333333333326,0.4000000000000001,0.6666666666666667
0.038461538461538464,0.07142857142857142,0.05263157894736842,0.33333333333333326,0.4000000000000001,0.6666666666666667
0.07692307692307693,0.07142857142857142,0.05263157894736842,0.33333333333333326,0.4000000000000001,0.6666666666666667
0.0,0.14285714285714285,0.10526315789473684,0.4999999999999998,0.5,0.8333333333333335
0.038461538461538464,0.14285714285714285,0.10526315789473684,0.4999999999999998,0.5,0.8333333333333335
0.07692307692307693,0.14285714285714285,0.10526315789473684,0.4999999999999998,0.5,0.8333333333333335
0.0,0.0,0.05263157894736842,0.16666666666666674,0.3,0.5
0.038461538461538464,0.0,0.05263157894736842,0.16666666666666674,0.3,0.5
0.07692307692307693,0.0,0.05263157894736842,0.16666666666666674,0.3,0.5
0.0,0.07142857142857142,0.10526315789473684,0.33333333333333326,0.4000000000000001,0.6666666666666667
0.038461538461538464,0.07142857142857142,0.10526315789473684,0.33333333333333326,0.4000000000000001,0.6666666666666667
0.07692307692307693,0.07142857142857142,0.10526315789473684,0.33333333333333326,0.4000000000000001,0.6666666666666667
0.0,0.14285714285714285,0.0,0.4999999999999998,0.5,0.8333333333333335
0.038461538461538464,0.14285714285714285,0.0,0.4999999999999998,0.5,0.8333333333333335
0.07692307692307693,0.14285714285714285,0.0,0.4999999999999998,0.5,0.8333333333333335
0.0,0.0,0.10526315789473684,0.16666666666666674,0.3,0.5
0.038461538461538464,0.0,0.10526315789473684,0.16666666666666674,0.3,0.5
0.07692307692307693,0.0,0.10526315789473684,0.16666666666666674,0.3,0.5
0.0,0.07142857142857142,0.0,0.33333333333333326,0.4000000000000001,0.6666666666666667
0.038461538461538464,0.07142857142857142,0.0,0.33333333333333326,0.4000000000000001,0.6666666666666667
0.07692307692307693,0.07142857142857142,0.0,0.33333333333333326,0.4000000000000001,0.6666666666666667
0.0,0.14285714285714285,0.05263157894736842,0.4999999999999998,0.5,0.8333333333333335
0.038461538461538464,0.14285714285714285,0.05263157894736842,0.4999999999999998,0.5,0.8333333333333335
0.07692307692307693,0.14285714285714285,0.05263157894736842,0.4999999999999998,0.5,0.8333333333333335
0.15384615384615385,0.2142857142857143,0.05263157894736842,0.16666666666666674,0.3,0.3333333333333333
0.1923076923076923,0.2142857142857143,0.05263157894736842,0.16666666666666674,0.3,0.3333333333333333
0.23076923076923078,0.2142857142857143,0.05263157894736842,0.16666666666666674,0.3,0.3333333333333333
0.15384615384615385,0.2857142857142857,0.10526315789473684,0.33333333333333326,0.4000000000000001,0.5
0.1923076923076923,0.2857142857142857,0.10526315789473684,0.33333333333333326,0.4000000000000001,0.5
0.23076923076923078,0.2857142857142857,0.10526315789473684,0.33333333333333326,0.4000000000000001,0.5
0.15384615384615385,0.2142857142857143,0.10526315789473684,0.16666666666666674,0.3,0.3333333333333333
0.1923076923076923,0.2142857142857143,0.10526315789473684,0.16666666666666674,0.3,0.3333333333333333
0.23076923076923078,0.2142857142857143,0.10526315789473684,0.16666666666666674,0.3,0.3333333333333333
0.15384615384615385,0.2857142857142857,0.05263157894736842,0.33333333333333326,0.4000000000000001,0.5
0.1923076923076923,0.2857142857142857,0.05263157894736842,0.33333333333333326,0.4000000000000001,0.5
0.23076923076923078,0.2857142857142857,0.05263157894736842,0.33333333333333326,0.4000000000000001,0.5
0.15384615384615385,0.14285714285714285,0.15789473684210525,0.16666666666666674,0.3,0.3333333333333333
0.1923076923076923,0.14285714285714285,0.15789473684210525,0.16666666666666674,0.3,0.3333333333333333
0.23076923076923078,0.14285714285714285,0.15789473684210525,0.16666666666666674,0.3,0.3333333333333333
0.15384615384615385,0.2142857142857143,0.21052631578947367,0.33333333333333326,0.4000000000000001,0.5
0.1923076923076923,0.2142857142857143,0.21052631578947367,0.33333333333333326,0.4000000000000001,0.5
0.23076923076923078,0.2142857142857143,0.21052631578947367,0.33333333333333326,0.4000000000000001,0.5
0.15384615384615385,0.14285714285714285,0.21052631578947367,0.16666666666666674,0.3,0.3333333333333333
0.1923076923076923,0.14285714285714285,0.21052631578947367,0.16666666666666674,0.3,0.3333333333333333
0.23076923076923078,0.14285714285714285,0.21052631578947367,0.16666666666666674,0.3,0.3333333333333333
0.15384615384615385,0.2142857142857143,0.15789473684210525,0.33333333333333326,0.4000000000000001,0.5
0.1923076923076923,0.2142857142857143,0.15789473684210525,0.33333333333333326,0.4000000000000001,0.5
0.23076923076923078,0.2142857142857143,0.15789473684210525,0.33333333333333326,0.4000000000000001,0.5
0.6153846153846154,0.7142857142857142,0.5789473684210527,0.6666666666666667,0.2,0.0
0.6538461538461539,0.7142857142857142,0.5789473684210527,0.6666666666666667,0.2,0.0
0.6923076923076924,0.7142857142857142,0.5789473684210527,0.6666666666666667,0.2,0.0
0.7307692307692308,0.7142857142857142,0.5789473684210527,0.6666666666666667,0.2,0.0
0.7692307692307693,0.7142857142857142,0.5789473684210527,0.6666666666666667,0.2,0.0
0.6153846153846154,0.7857142857142856,0.631578947368421,0.8333333333333333,0.3,0.16666666666666669
0.6538461538461539,0.7857142857142856,0.631578947368421,0.8333333333333333,0.3,0.16666666666666669
0.6923076923076924,0.7857142857142856,0.631578947368421,0.8333333333333333,0.3,0.16666666666666669
0.7307692307692308,0.7857142857142856,0.631578947368421,0.8333333333333333,0.3,0.16666666666666669
0.7692307692307693,0.7857142857142856,0.631578947368421,0.8333333333333333,0.3,0.16666666666666669
0.6153846153846154,0.8571428571428572,0.6842105263157894,0.9999999999999998,0.2,0.3333333333333333
0.6538461538461539,0.8571428571428572,0.6842105263157894,0.9999999999999998,0.2,0.3333333333333333
0.6923076923076924,0.8571428571428572,0.6842105263157894,0.9999999999999998,0.2,0.3333333333333333
0.7307692307692308,0.8571428571428572,0.6842105263157894,0.9999999999999998,0.2,0.3333333333333333
0.7692307692307693,0.8571428571428572,0.6842105263157894,0.9999999999999998,0.2,0.3333333333333333
0.6153846153846154,0.9285714285714286,0.736842105263158,0.6666666666666667,0.3,0.5
0.6538461538461539,0.9285714285714286,0.736842105263158,0.6666666666666667,0.3,0.5
0.6923076923076924,0.9285714285714286,0.736842105263158,0.6666666666666667,0.3,0.5
0.7307692307692308,0.9285714285714286,0.736842105263158,0.6666666666666667,0.3,0.5
0.7692307692307693,0.9285714285714286,0.736842105263158,0.6666666666666667,0.3,0.5
0.6153846153846154,1.0,0.7894736842105263,0.8333333333333333,0.2,0.6666666666666667
0.6538461538461539,1.0,0.7894736842105263,0.8333333333333333,0.2,0.6666666666666667
0.6923076923076924,1.0,0.7894736842105263,0.8333333333333333,0.2,0.6666666666666667
0.7307692307692308,1.0,0.7894736842105263,0.8333333333333333,0.2,0.6666666666666667
0.7692307692307693,1.0,0.7894736842105263,0.8333333333333333,0.2,0.6666666666666667
0.6153846153846154,0.7142857142857142,0.631578947368421,0.9999999999999998,0.3,0.0
0.6538461538461539,0.7142857142857142,0.631578947368421,0.9999999999999998,0.3,0.0
0.6923076923076924,0.7142857142857142,0.631578947368421,0.9999999999999998,0.3,0.0
0.7307692307692308,0.7142857142857142,0.631578947368421,0.9999999999999998,0.3,0.0
0.7692307692307693,0.7142857142857142,0.631578947368421,0.9999999999999998,0.3,0.0
0.6153846153846154,0.7857142857142856,0.6842105263157894,0.6666666666666667,0.2,0.16666666666666669
0.6538461538461539,0.7857142857142856,0.6842105263157894,0.6666666666666667,0.2,0.16666666666666669
0.6923076923076924,0.7857142857142856,0.6842105263157894,0.6666666666666667,0.2,0.16666666666666669
0.7307692307692308,0.7857142857142856,0.6842105263157894,0.6666666666666667,0.2,0.16666666666666669
0.7692307692307693,0.7857142857142856,0.6842105263157894,0.6666666666666667,0.2,0.16666666666666669
0.6153846153846154,0.8571428571428572,0.736842105263158,0.8333333333333333,0.3,0.3333333333333333
0.6538461538461539,0.8571428571428572,0.736842105263158,0.8333333333333333,0.3,0.3333333333333333
0.6923076923076924,0.8571428571428572,0.736842105263158,0.8333333333333333,0.3,0.3333333333333333
0.7307692307692308,0.8571428571428572,0.736842105263158,0.8333333333333333,0.3,0.3333333333333333
0.7692307692307693,0.8571428571428572,0.736842105263158,0.8333333333333333,0.3,0.3333333333333333
0.6153846153846154,0.9285714285714286,0.7894736842105263,0.9999999999999998,0.2,0.5
0.6538461538461539,0.9285714285714286,0.7894736842105263,0.9999999999999998,0.2,0.5
0.6923076923076924,0.9285714285714286,0.7894736842105263,0.9999999999999998,0.2,0.5
0.7307692307692308,0.9285714285714286,0.7894736842105263,0.9999999999999998,0.2,0.5
0.7692307692307693,0.9285714285714286,0.7894736842105263,0.9999999999999998,0.2,0.5
0.6153846153846154,1.0,0.5789473684210527,0.6666666666666667,0.3,0.6666666666666667
0.6538461538461539,1.0,0.5789473684210527,0.6666666666666667,0.3,0.6666666666666667
0.6923076923076924,1.0,0.5789473684210527,0.6666666666666667,0.3,0.6666666666666667
0.7307692307692308,1.0,0.5789473684210527,0.6666666666666667,0.3,0.6666666666666667
0.7692307692307693,1.0,0.5789473684210527,0.6666666666666667,0.3,0.6666666666666667
0.6153846153846154,0.7142857142857142,0.6842105263157894,0.8333333333333333,0.2,0.0
0.6538461538461539,0.7142857142857142,0.6842105263157894,0.8333333333333333,0.2,0.0
0.6923076923076924,0.7142857142857142,0.6842105263157894,0.8333333333333333,0.2,0.0
0.7307692307692308,0.7142857142857142,0.6842105263157894,0.8333333333333333,0.2,0.0
0.7692307692307693,0.7142857142857142,0.6842105263157894,0.8333333333333333,0.2,0.0
0.6153846153846154,0.7857142857142856,0.736842105263158,0.9999999999999998,0.3,0.16666666666666669
0.6538461538461539,0.7857142857142856,0.736842105263158,0.9999999999999998,0.3,0.16666666666666669
0.6923076923076924,0.7857142857142856,0.736842105263158,0.9999999999999998,0.3,0.16666666666666669
0.7307692307692308,0.7857142857142856,0.736842105263158,0.9999999999999998,0.3,0.16666666666666669
0.7692307692307693,0.7857142857142856,0.736842105263158,0.9999999999999998,0.3,0.16666666666666669
0.6153846153846154,0.8571428571428572,0.7894736842105263,0.6666666666666667,0.2,0.3333333333333333
0.6538461538461539,0.8571428571428572,0.7894736842105263,0.6666666666666667,0.2,0.3333333333333333
0.6923076923076924,0.8571428571428572,0.7894736842105263,0.6666666666666667,0.2,0.3333333333333333
0.7307692307692308,0.8571428571428572,0.7894736842105263,0.6666666666666667,0.2,0.3333333333333333
0.7692307692307693,0.8571428571428572,0.7894736842105263,0.6666666666666667,0.2,0.3333333333333333
0.6153846153846154,0.9285714285714286,0.5789473684210527,0.8333333333333333,0.3,0.5
0.6538461538461539,0.9285714285714286,0.5789473684210527,0.8333333333333333,0.3,0.5
0.6923076923076924,0.9285714285714286,0.5789473684210527,0.8333333333333333,0.3,0.5
0.7307692307692308,0.9285714285714286,0.5789473684210527,0.8333333333333333,0.3,0.5
0.7692307692307693,0.9285714285714286,0.5789473684210527,0.8333333333333333,0.3,0.5
0.6153846153846154,1.0,0.631578947368421,0.9999999999999998,0.2,0.6666666666666667
0.6538461538461539,1.0,0.631578947368421,0.9999999999999998,0.2,0.6666666666666667
0.6923076923076924,1.0,0.631578947368421,0.9999999999999998,0.2,0.6666666666666667
0.7307692307692308,1.0,0.631578947368421,0.9999999999999998,0.2,0.6666666666666667
0.7692307692307693,1.0,0.631578947368421,0.9999999999999998,0.2,0.6666666666666667
0.6153846153846154,0.7142857142857142,0.736842105263158,0.6666666666666667,0.3,0.0
0.6538461538461539,0.7142857142857142,0.736842105263158,0.6666666666666667,0.3,0.0
0.6923076923076924,0.7142857142857142,0.736842105263158,0.6666666666666667,0.3,0.0
0.7307692307692308,0.7142857142857142,0.736842105263158,0.6666666666666667,0.3,0.0
0.7692307692307693,0.7142857142857142,0.736842105263158,0.6666666666666667,0.3,0.0
0.6153846153846154,0.7857142857142856,0.7894736842105263,0.8333333333333333,0.2,0.16666666666666669
0.6538461538461539,0.7857142857142856,0.7894736842105263,0.8333333333333333,0.2,0.16666666666666669
0.6923076923076924,0.7857142857142856,0.7894736842105263,0.8333333333333333,0.2,0.16666666666666669
0.7307692307692308,0.7857142857142856,0.7894736842105263,0.8333333333333333,0.2,0.16666666666666669
0.7692307692307693,0.7857142857142856,0.7894736842105263,0.8333333333333333,0.2,0.16666666666666669
0.6153846153846154,0.8571428571428572,0.5789473684210527,0.9999999999999998,0.3,0.3333333333333333
0.6538461538461539,0.8571428571428572,0.5789473684210527,0.9999999999999998,0.3,0.3333333333333333
0.6923076923076924,0.8571428571428572,0.5789473684210527,0.9999999999999998,0.3,0.3333333333333333
0.7307692307692308,0.8571428571428572,0.5789473684210527,0.9999999999999998,0.3,0.3333333333333333
0.7692307692307693,0.8571428571428572,0.5789473684210527,0.9999999999999998,0.3,0.3333333333333333
0.6153846153846154,0.9285714285714286,0.631578947368421,0.6666666666666667,0.2,0.5
0.6538461538461539,0.9285714285714286,0.631578947368421,0.6666666666666667,0.2,0.5
0.6923076923076924,0.9285714285714286,0.631578947368421,0.6666666666666667,0.2,0.5
0.7307692307692308,0.9285714285714286,0.631578947368421,0.6666666666666667,0.2,0.5
0.7692307692307693,0.9285714285714286,0.631578947368421,0.6666666666666667,0.2,0.5
0.6153846153846154,1.0,0.6842105263157894,0.8333333333333333,0.3,0.6666666666666667
0.6538461538461539,1.0,0.6842105263157894,0.8333333333333333,0.3,0.6666666666666667
0.6923076923076924,1.0,0.6842105263157894,0.8333333333333333,0.3,0.6666666666666667
0.7307692307692308,1.0,0.6842105263157894,0.8333333333333333,0.3,0.6666666666666667
0.7692307692307693,1.0,0.6842105263157894,0.8333333333333333,0.3,0.6666666666666667
0.6153846153846154,0.7142857142857142,0.7894736842105263,0.9999999999999998,0.2,0.0
0.6538461538461539,0.7142857142857142,0.7894736842105263,0.9999999999999998,0.2,0.0
0.6923076923076924,0.7142857142857142,0.7894736842105263,0.9999999999999998,0.2,0.0
0.7307692307692308,0.7142857142857142,0.7894736842105263,0.9999999999999998,0.2,0.0
0.7692307692307693,0.7142857142857142,0.7894736842105263,0.9999999999999998,0.2,0.0
0.6153846153846154,0.7857142857142856,0.5789473684210527,0.6666666666666667,0.3,0.16666666666666669
0.6538461538461539,0.7857142857142856,0.5789473684210527,0.6666666666666667,0.3,0.16666666666666669
0.6923076923076924,0.7857142857142856,0.5789473684210527,0.6666666666666667,0.3,0.16666666666666669
0.7307692307692308,0.7857142857142856,0.5789473684210527,0.6666666666666667,0.3,0.16666666666666669
0.7692307692307693,0.7857142857142856,0.5789473684210527,0.6666666666666667,0.3,0.16666666666666669
0.6153846153846154,0.8571428571428572,0.631578947368421,0.8333333333333333,0.2,0.3333333333333333
0.6538461538461539,0.8571428571428572,0.631578947368421,0.8333333333333333,0.2,0.3333333333333333
0.6923076923076924,0.8571428571428572,0.631578947368421,0.8333333333333333,0.2,0.3333333333333333
0.7307692307692308,0.8571428571428572,0.631578947368421,0.8333333333333333,0.2,0.3333333333333333
0.7692307692307693,0.8571428571428572,0.631578947368421,0.8333333333333333,0.2,0.3333333333333333
0.6153846153846154,0.9285714285714286,0.6842105263157894,0.9999999999999998,0.3,0.5
0.6538461538461539,0.9285714285714286,0.6842105263157894,0.9999999999999998,0.3,0.5
0.6923076923076924,0.9285714285714286,0.6842105263157894,0.9999999999999998,0.3,0.5
0.7307692307692308,0.9285714285714286,0.6842105263157894,0.9999999999999998,0.3,0.5
0.7692307692307693,0.9285714285714286,0.6842105263157894,0.9999999999999998,0.3,0.5
0.6153846153846154,1.0,0.736842105263158,0.6666666666666667,0.2,0.6666666666666667
0.6538461538461539,1.0,0.736842105263158,0.6666666666666667,0.2,0.6666666666666667
0.6923076923076924,1.0,0.736842105263158,0.6666666666666667,0.2,0.6666666666666667
0.7307692307692308,1.0,0.736842105263158,0.6666666666666667,0.2,0.6666666666666667
0.7692307692307693,1.0,0.736842105263158,0.6666666666666667,0.2,0.6666666666666667
0.23076923076923078,0.2857142857142857,0.15789473684210525,0.33333333333333326,0.3,0.3333333333333333
0.2692307692307693,0.2857142857142857,0.15789473684210525,0.33333333333333326,0.3,0.3333333333333333
0.3076923076923077,0.2857142857142857,0.15789473684210525,0.33333333333333326,0.3,0.3333333333333333
0.23076923076923078,0.35714285714285715,0.21052631578947367,0.4999999999999998,0.4000000000000001,0.5
0.2692307692307693,0.35714285714285715,0.21052631578947367,0.4999999999999998,0.4000000000000001,0.5
0.3076923076923077,0.35714285714285715,0.21052631578947367,0.4999999999999998,0.4000000000000001,0.5
0.23076923076923078,0.42857142857142855,0.2631578947368421,0.6666666666666667,0.3,0.6666666666666667
0.2692307692307693,0.42857142857142855,0.2631578947368421,0.6666666666666667,0.3,0.6666666666666667
0.3076923076923077,0.42857142857142855,0.2631578947368421,0.6666666666666667,0.3,0.6666666666666667
0.23076923076923078,0.2857142857142857,0.21052631578947367,0.33333333333333326,0.4000000000000001,0.3333333333333333
0.2692307692307693,0.2857142857142857,0.21052631578947367,0.33333333333333326,0.4000000000000001,0.3333333333333333
0.3076923076923077,0.2857142857142857,0.21052631578947367,0.33333333333333326,0.4000000000000001,0.3333333333333333
0.23076923076923078,0.35714285714285715,0.2631578947368421,0.4999999999999998,0.3,0.5
0.2692307692307693,0.35714285714285715,0.2631578947368421,0.4999999999999998,0.3,0.5
0.3076923076923077,0.35714285714285715,0.2631578947368421,0.4999999999999998,0.3,0.5
0.23076923076923078,0.42857142857142855,0.15789473684210525,0.6666666666666667,0.4000000000000001,0.6666666666666667
0.2692307692307693,0.42857142857142855,0.15789473684210525,0.6666666666666667,0.4000000000000001,0.6666666666666667
0.3076923076923077,0.42857142857142855,0.15789473684210525,0.6666666666666667,0.4000000000000001,0.6666666666666667
0.23076923076923078,0.2857142857142857,0.2631578947368421,0.33333333333333326,0.3,0.3333333333333333
0.2692307692307693,0.2857142857142857,0.2631578947368421,0.33333333333333326,0.3,0.3333333333333333
0.3076923076923077,0.2857142857142857,0.2631578947368421,0.33333333333333326,0.3,0.3333333333333333
0.23076923076923078,0.35714285714285715,0.15789473684210525,0.4999999999999998,0.4000000000000001,0.5
0.2692307692307693,0.35714285714285715,0.15789473684210525,0.4999999999999998,0.4000000000000001,0.5
0.3076923076923077,0.35714285714285715,0.15789473684210525,0.4999999999999998,0.4000000000000001,0.5
0.23076923076923078,0.42857142857142855,0.21052631578947367,0.6666666666666667,0.3,0.6666666666666667
0.2692307692307693,0.42857142857142855,0.21052631578947367,0.6666666666666667,0.3,0.6666666666666667
0.3076923076923077,0.42857142857142855,0.21052631578947367,0.6666666666666667,0.3,0.6666666666666667
0.3076923076923077,0.5714285714285714,0.47368421052631576,0.4999999999999998,0.2,0.5
0.34615384615384615,0.5714285714285714,0.47368421052631576,0.4999999999999998,0.2,0.5
0.3846153846153847,0.5714285714285714,0.47368421052631576,0.4999999999999998,0.2,0.5
0.42307692307692313,0.5714285714285714,0.47368421052631576,0.4999999999999998,0.2,0.5
0.46153846153846156,0.5714285714285714,0.47368421052631576,0.4999999999999998,0.2,0.5
0.3076923076923077,0.6428571428571428,0.5263157894736843,0.6666666666666667,0.3,0.6666666666666667
0.34615384615384615,0.6428571428571428,0.5263157894736843,0.6666666666666667,0.3,0.6666666666666667
0.3846153846153847,0.6428571428571428,0.5263157894736843,0.6666666666666667,0.3,0.6666666666666667
0.42307692307692313,0.6428571428571428,0.5263157894736843,0.6666666666666667,0.3,0.6666666666666667
0.46153846153846156,0.6428571428571428,0.5263157894736843,0.6666666666666667,0.3,0.6666666666666667
0.3076923076923077,0.7142857142857142,0.5789473684210527,0.16666666666666674,0.2,0.16666666666666669
0.34615384615384615,0.7142857142857142,0.5789473684210527,0.16666666666666674,0.2,0.16666666666666669
0.3846153846153847,0.7142857142857142,0.5789473684210527,0.16666666666666674,0.2,0.16666666666666669
0.42307692307692313,0.7142857142857142,0.5789473684210527,0.16666666666666674,0.2,0.16666666666666669
0.46153846153846156,0.7142857142857142,0.5789473684210527,0.16666666666666674,0.2,0.16666666666666669
0.3076923076923077,0.42857142857142855,0.42105263157894735,0.33333333333333326,0.3,0.3333333333333333
0.34615384615384615,0.42857142857142855,0.42105263157894735,0.33333333333333326,0.3,0.3333333333333333
0.3846153846153847,0.42857142857142855,0.42105263157894735,0.33333333333333326,0.3,0.3333333333333333
0.42307692307692313,0.42857142857142855,0.42105263157894735,0.33333333333333326,0.3,0.3333333333333333
0.46153846153846156,0.42857142857142855,0.42105263157894735,0.33333333333333326,0.3,0.3333333333333333
0.3076923076923077,0.49999999999999994,0.47368421052631576,0.4999999999999998,0.2,0.5
0.34615384615384615,0.49999999999999994,0.47368421052631576,0.4999999999999998,0.2,0.5
0.3846153846153847,0.49999999999999994,0.47368421052631576,0.4999999999999998,0.2,0.5
0.42307692307692313,0.49999999999999994,0.47368421052631576,0.4999999999999998,0.2,0.5
0.46153846153846156,0.49999999999999994,0.47368421052631576,0.4999999999999998,0.2,0.5
0.3076923076923077,0.5714285714285714,0.5263157894736843,0.6666666666666667,0.3,0.6666666666666667
0.34615384615384615,0.5714285714285714,0.5263157894736843,0.6666666666666667,0.3,0.6666666666666667
0.3846153846153847,0.5714285714285714,0.5263157894736843,0.6666666666666667,0.3,0.6666666666666667
0.42307692307692313,0.5714285714285714,0.5263157894736843,0.6666666666666667,0.3,0.6666666666666667
0.46153846153846156,0.5714285714285714,0.5263157894736843,0.6666666666666667,0.3,0.6666666666666667
0.3076923076923077,0.6428571428571428,0.5789473684210527,0.16666666666666674,0.2,0.16666666666666669
0.34615384615384615,0.6428571428571428,0.5789473684210527,0.16666666666666674,0.2,0.16666666666666669
0.3846153846153847,0.6428571428571428,0.5789473684210527,0.16666666666666674,0.2,0.16666666666666669
0.42307692307692313,0.6428571428571428,0.5789473684210527,0.16666666666666674,0.2,0.16666666666666669
0.46153846153846156,0.6428571428571428,0.5789473684210527,0.16666666666666674,0.2,0.16666666666666669
0.3076923076923077,0.7142857142857142,0.3684210526315789,0.33333333333333326,0.3,0.3333333333333333
0.34615384615384615,0.7142857142857142,0.3684210526315789,0.33333333333333326,0.3,0.3333333333333333
0.3846153846153847,0.7142857142857142,0.3684210526315789,0.33333333333333326,0.3,0.3333333333333333
0.42307692307692313,0.7142857142857142,0.3684210526315789,0.33333333333333326,0.3,0.3333333333333333
0.46153846153846156,0.7142857142857142,0.3684210526315789,0.33333333333333326,0.3,0.3333333333333333
0.3076923076923077,0.42857142857142855,0.47368421052631576,0.4999999999999998,0.2,0.5
0.34615384615384615,0.42857142857142855,0.47368421052631576,0.4999999999999998,0.2,0.5
0.3846153846153847,0.42857142857142855,0.47368421052631576,0.4999999999999998,0.2,0.5
0.42307692307692313,0.42857142857142855,0.47368421052631576,0.4999999999999998,0.2,0.5
0.46153846153846156,0.42857142857142855,0.47368421052631576,0.4999999999999998,0.2,0.5
0.3076923076923077,0.49999999999999994,0.5263157894736843,0.6666666666666667,0.3,0.6666666666666667
0.34615384615384615,0.49999999999999994,0.5263157894736843,0.6666666666666667,0.3,0.6666666666666667
0.3846153846153847,0.49999999999999994,0.5263157894736843,0.6666666666666667,0.3,0.6666666666666667
0.42307692307692313,0.49999999999999994,0.5263157894736843,0.6666666666666667,0.3,0.6666666666666667
0.46153846153846156,0.49999999999999994,0.5263157894736843,0.6666666666666667,0.3,0.6666666666666667
0.3076923076923077,0.5714285714285714,0.5789473684210527,0.16666666666666674,0.2,0.16666666666666669
0.34615384615384615,0.5714285714285714,0.5789473684210527,0.16666666666666674,0.2,0.16666666666666669
0.3846153846153847,0.5714285714285714,0.5789473684210527,0.16666666666666674,0.2,0.16666666666666669
0.42307692307692313,0.5714285714285714,0.5789473684210527,0.16666666666666674,0.2,0.16666666666666669
0.46153846153846156,0.5714285714285714,0.5789473684210527,0.16666666666666674,0.2,0.16666666666666669
0.3076923076923077,0.6428571428571428,0.3684210526315789,0.33333333333333326,0.3,0.3333333333333333
0.34615384615384615,0.6428571428571428,0.3684210526315789,0.33333333333333326,0.3,0.3333333333333333
0.3846153846153847,0.6428571428571428,0.3684210526315789,0.33333333333333326,0.3,0.3333333333333333
0.42307692307692313,0.6428571428571428,0.3684210526315789,0.33333333333333326,0.3,0.3333333333333333
0.46153846153846156,0.6428571428571428,0.3684210526315789,0.33333333333333326,0.3,0.3333333333333333
0.3076923076923077,0.7142857142857142,0.42105263157894735,0.4999999999999998,0.2,0.5
0.34615384615384615,0.7142857142857142,0.42105263157894735,0.4999999999999998,0.2,0.5
0.3846153846153847,0.7142857142857142,0.42105263157894735,0.4999999999999998,0.2,0.5
0.42307692307692313,0.7142857142857142,0.42105263157894735,0.4999999999999998,0.2,0.5
0.46153846153846156,0.7142857142857142,0.42105263157894735,0.4999999999999998,0.2,0.5
0.3076923076923077,0.42857142857142855,0.5263157894736843,0.6666666666666667,0.3,0.6666666666666667
0.34615384615384615,0.42857142857142855,0.5263157894736843,0.6666666666666667,0.3,0.6666666666666667
0.3846153846153847,0.42857142857142855,0.5263157894736843,0.6666666666666667,0.3,0.6666666666666667
0.42307692307692313,0.42857142857142855,0.5263157894736843,0.6666666666666667,0.3,0.6666666666666667
0.46153846153846156,0.42857142857142855,0.5263157894736843,0.6666666666666667,0.3,0.6666666666666667
0.3076923076923077,0.6428571428571428,0.42105263157894735,0.4999999999999998,0.2,0.5
0.34615384615384615,0.6428571428571428,0.42105263157894735,0.4999999999999998,0.2,0.5
0.3846153846153847,0.6428571428571428,0.42105263157894735,0.4999999999999998,0.2,0.5
0.42307692307692313,0.6428571428571428,0.42105263157894735,0.4999999999999998,0.2,0.5
0.46153846153846156,0.6428571428571428,0.42105263157894735,0.4999999999999998,0.2,0.5
0.3076923076923077,0.7142857142857142,0.47368421052631576,0.6666666666666667,0.3,0.6666666666666667
0.34615384615384615,0.7142857142857142,0.47368421052631576,0.6666666666666667,0.3,0.6666666666666667
0.3846153846153847,0.7142857142857142,0.47368421052631576,0.6666666666666667,0.3,0.6666666666666667
0.42307692307692313,0.7142857142857142,0.47368421052631576,0.6666666666666667,0.3,0.6666666666666667
0.46153846153846156,0.7142857142857142,0.47368421052631576,0.6666666666666667,0.3,0.6666666666666667
0.3076923076923077,0.42857142857142855,0.5789473684210527,0.16666666666666674,0.2,0.16666666666666669
0.34615384615384615,0.42857142857142855,0.5789473684210527,0.16666666666666674,0.2,0.16666666666666669
0.3846153846153847,0.42857142857142855,0.5789473684210527,0.16666666666666674,0.2,0.16666666666666669
0.42307692307692313,0.42857142857142855,0.5789473684210527,0.16666666666666674,0.2,0.16666666666666669
0.46153846153846156,0.42857142857142855,0.5789473684210527,0.16666666666666674,0.2,0.16666666666666669
0.3076923076923077,0.49999999999999994,0.3684210526315789,0.33333333333333326,0.3,0.3333333333333333
0.34615384615384615,0.49999999999999994,0.3684210526315789,0.33333333333333326,0.3,0.3333333333333333
0.3846153846153847,0.49999999999999994,0.3684210526315789,0.33333333333333326,0.3,0.3333333333333333
0.42307692307692313,0.49999999999999994,0.3684210526315789,0.33333333333333326,0.3,0.3333333333333333
0.46153846153846156,0.49999999999999994,0.3684210526315789,0.33333333333333326,0.3,0.3333333333333333
0.3076923076923077,0.5714285714285714,0.42105263157894735,0.4999999999999998,0.2,0.5
0.34615384615384615,0.5714285714285714,0.42105263157894735,0.4999999999999998,0.2,0.5
0.3846153846153847,0.5714285714285714,0.42105263157894735,0.4999999999999998,0.2,0.5
0.42307692307692313,0.5714285714285714,0.42105263157894735,0.4999999999999998,0.2,0.5
0.46153846153846156,0.5714285714285714,0.42105263157894735,0.4999999999999998,0.2,0.5
0.3076923076923077,0.6428571428571428,0.47368421052631576,0.6666666666666667,0.3,0.6666666666666667
0.34615384615384615,0.6428571428571428,0.47368421052631576,0.6666666666666667,0.3,0.6666666666666667
0.3846153846153847,0.6428571428571428,0.47368421052631576,0.6666666666666667,0.3,0.6666666666666667
0.42307692307692313,0.6428571428571428,0.47368421052631576,0.6666666666666667,0.3,0.6666666666666667
0.46153846153846156,0.6428571428571428,0.47368421052631576,0.6666666666666667,0.3,0.6666666666666667
0.3076923076923077,0.7142857142857142,0.5263157894736843,0.16666666666666674,0.2,0.16666666666666669
0.34615384615384615,0.7142857142857142,0.5263157894736843,0.16666666666666674,0.2,0.16666666666666669
0.3846153846153847,0.7142857142857142,0.5263157894736843,0.16666666666666674,0.2,0.16666666666666669
0.42307692307692313,0.7142857142857142,0.5263157894736843,0.16666666666666674,0.2,0.16666666666666669
0.46153846153846156,0.7142857142857142,0.5263157894736843,0.16666666666666674,0.2,0.16666666666666669
0.7692307692307693,0.7142857142857142,0.5789473684210527,0.33333333333333326,0.7,0.3333333333333333
0.8076923076923077,0.7142857142857142,0.5789473684210527,0.33333333333333326,0.7,0.3333333333333333
0.8461538461538461,0.7142857142857142,0.5789473684210527,0.33333333333333326,0.7,0.3333333333333333
0.8846153846153847,0.7142857142857142,0.5789473684210527,0.33333333333333326,0.7,0.3333333333333333
0.9230769230769232,0.7142857142857142,0.5789473684210527,0.33333333333333326,0.7,0.3333333333333333
0.9615384615384616,0.7142857142857142,0.5789473684210527,0.33333333333333326,0.7,0.3333333333333333
1.0,0.7142857142857142,0.5789473684210527,0.33333333333333326,0.7,0.3333333333333333
0.7692307692307693,0.7857142857142856,0.631578947368421,0.4999999999999998,0.8,0.5
0.8076923076923077,0.7857142857142856,0.631578947368421,0.4999999999999998,0.8,0.5
0.8461538461538461,0.7857142857142856,0.631578947368421,0.4999999999999998,0.8,0.5
0.8846153846153847,0.7857142857142856,0.631578947368421,0.4999999999999998,0.8,0.5
0.9230769230769232,0.7857142857142856,0.631578947368421,0.4999999999999998,0.8,0.5
0.9615384615384616,0.7857142857142856,0.631578947368421,0.4999999999999998,0.8,0.5
1.0,0.7857142857142856,0.631578947368421,0.4999999999999998,0.8,0.5
0.7692307692307693,0.8571428571428572,0.6842105263157894,0.6666666666666667,0.8999999999999999,0.6666666666666667
0.8076923076923077,0.8571428571428572,0.6842105263157894,0.6666666666666667,0.8999999999999999,0.6666666666666667
0.8461538461538461,0.8571428571428572,0.6842105263157894,0.6666666666666667,0.8999999999999999,0.6666666666666667
0.8846153846153847,0.8571428571428572,0.6842105263157894,0.6666666666666667,0.8999999999999999,0.6666666666666667
0.9230769230769232,0.8571428571428572,0.6842105263157894,0.6666666666666667,0.8999999999999999,0.6666666666666667
0.9615384615384616,0.8571428571428572,0.6842105263157894,0.6666666666666667,0.8999999999999999,0.6666666666666667
1.0,0.8571428571428572,0.6842105263157894,0.6666666666666667,0.8999999999999999,0.6666666666666667
0.7692307692307693,0.9285714285714286,0.736842105263158,0.8333333333333333,0.7,0.8333333333333335
0.8076923076923077,0.9285714285714286,0.736842105263158,0.8333333333333333,0.7,0.8333333333333335
0.8461538461538461,0.9285714285714286,0.736842105263158,0.8333333333333333,0.7,0.8333333333333335
0.8846153846153847,0.9285714285714286,0.736842105263158,0.8333333333333333,0.7,0.8333333333333335
0.9230769230769232,0.9285714285714286,0.736842105263158,0.8333333333333333,0.7,0.8333333333333335
0.9615384615384616,0.9285714285714286,0.736842105263158,0.8333333333333333,0.7,0.8333333333333335
1.0,0.9285714285714286,0.736842105263158,0.8333333333333333,0.7,0.8333333333333335
0.7692307692307693,1.0,0.7894736842105263,0.9999999999999998,0.8,0.3333333333333333
0.8076923076923077,1.0,0.7894736842105263,0.9999999999999998,0.8,0.3333333333333333
0.8461538461538461,1.0,0.7894736842105263,0.9999999999999998,0.8,0.3333333333333333
0.8846153846153847,1.0,0.7894736842105263,0.9999999999999998,0.8,0.3333333333333333
0.9230769230769232,1.0,0.7894736842105263,0.9999999999999998,0.8,0.3333333333333333
0.9615384615384616,1.0,0.7894736842105263,0.9999999999999998,0.8,0.3333333333333333
1.0,1.0,0.7894736842105263,0.9999999999999998,0.8,0.3333333333333333
0.7692307692307693,0.7142857142857142,0.631578947368421,0.33333333333333326,0.8999999999999999,0.5
0.8076923076923077,0.7142857142857142,0.631578947368421,0.33333333333333326,0.8999999999999999,0.5
0.8461538461538461,0.7142857142857142,0.631578947368421,0.33333333333333326,0.8999999999999999,0.5
0.8846153846153847,0.7142857142857142,0.631578947368421,0.33333333333333326,0.8999999999999999,0.5
0.9230769230769232,0.7142857142857142,0.631578947368421,0.33333333333333326,0.8999999999999999,0.5
0.9615384615384616,0.7142857142857142,0.631578947368421,0.33333333333333326,0.8999999999999999,0.5
1.0,0.7142857142857142,0.631578947368421,0.33333333333333326,0.8999999999999999,0.5
0.7692307692307693,0.7857142857142856,0.6842105263157894,0.4999999999999998,0.7,0.6666666666666667
0.8076923076923077,0.7857142857142856,0.6842105263157894,0.4999999999999998,0.7,0.6666666666666667
0.8461538461538461,0.7857142857142856,0.6842105263157894,0.4999999999999998,0.7,0.6666666666666667
0.8846153846153847,0.7857142857142856,0.6842105263157894,0.4999999999999998,0.7,0.6666666666666667
0.9230769230769232,0.7857142857142856,0.6842105263157894,0.4999999999999998,0.7,0.6666666666666667
0.9615384615384616,0.7857142857142856,0.6842105263157894,0.4999999999999998,0.7,0.6666666666666667
1.0,0.7857142857142856,0.6842105263157894,0.4999999999999998,0.7,0.6666666666666667
0.7692307692307693,0.8571428571428572,0.736842105263158,0.6666666666666667,0.8,0.8333333333333335
0.8076923076923077,0.8571428571428572,0.736842105263158,0.6666666666666667,0.8,0.8333333333333335
0.8461538461538461,0.8571428571428572,0.736842105263158,0.6666666666666667,0.8,0.8333333333333335
0.8846153846153847,0.8571428571428572,0.736842105263158,0.6666666666666667,0.8,0.8333333333333335
0.9230769230769232,0.8571428571428572,0.736842105263158,0.6666666666666667,0.8,0.8333333333333335
0.9615384615384616,0.8571428571428572,0.736842105263158,0.6666666666666667,0.8,0.8333333333333335
1.0,0.8571428571428572,0.736842105263158,0.6666666666666667,0.8,0.8333333333333335
0.7692307692307693,0.9285714285714286,0.7894736842105263,0.8333333333333333,0.8999999999999999,0.3333333333333333
0.8076923076923077,0.9285714285714286,0.7894736842105263,0.8333333333333333,0.8999999999999999,0.3333333333333333
0.8461538461538461,0.9285714285714286,0.7894736842105263,0.8333333333333333,0.8999999999999999,0.3333333333333333
0.8846153846153847,0.9285714285714286,0.7894736842105263,0.8333333333333333,0.8999999999999999,0.3333333333333333
0.9230769230769232,0.9285714285714286,0.7894736842105263,0.8333333333333333,0.8999999999999999,0.3333333333333333
0.9615384615384616,0.9285714285714286,0.7894736842105263,0.8333333333333333,0.8999999999999999,0.3333333333333333
1.0,0.9285714285714286,0.7894736842105263,0.8333333333333333,0.8999999999999999,0.3333333333333333
0.7692307692307693,1.0,0.5789473684210527,0.9999999999999998,0.7,0.5
0.8076923076923077,1.0,0.5789473684210527,0.9999999999999998,0.7,0.5
0.8461538461538461,1.0,0.5789473684210527,0.9999999999999998,0.7,0.5
0.8846153846153847,1.0,0.5789473684210527,0.9999999999999998,0.7,0.5
0.9230769230769232,1.0,0.5789473684210527,0.9999999999999998,0.7,0.5
0.9615384615384616,1.0,0.5789473684210527,0.9999999999999998,0.7,0.5
1.0,1.0,0.5789473684210527,0.9999999999999998,0.7,0.5
0.7692307692307693,0.7142857142857142,0.6842105263157894,0.33333333333333326,0.8,0.6666666666666667
0.8076923076923077,0.7142857142857142,0.6842105263157894,0.33333333333333326,0.8,0.6666666666666667
0.8461538461538461,0.7142857142857142,0.6842105263157894,0.33333333333333326,0.8,0.6666666666666667
0.8846153846153847,0.7142857142857142,0.6842105263157894,0.33333333333333326,0.8,0.6666666666666667
0.9230769230769232,0.7142857142857142,0.6842105263157894,0.33333333333333326,0.8,0.6666666666666667
0.9615384615384616,0.7142857142857142,0.6842105263157894,0.33333333333333326,0.8,0.6666666666666667
1.0,0.7142857142857142,0.6842105263157894,0.33333333333333326,0.8,0.6666666666666667
0.7692307692307693,0.7857142857142856,0.736842105263158,0.4999999999999998,0.8999999999999999,0.8333333333333335
0.8076923076923077,0.7857142857142856,0.736842105263158,0.4999999999999998,0.8999999999999999,0.8333333333333335
0.8461538461538461,0.7857142857142856,0.736842105263158,0.4999999999999998,0.8999999999999999,0.8333333333333335
0.8846153846153847,0.7857142857142856,0.736842105263158,0.4999999999999998,0.8999999999999999,0.8333333333333335
0.9230769230769232,0.7857142857142856,0.736842105263158,0.4999999999999998,0.8999999999999999,0.8333333333333335
0.9615384615384616,0.7857142857142856,0.736842105263158,0.4999999999999998,0.8999999999999999,0.8333333333333335
1.0,0.7857142857142856,0.736842105263158,0.4999999999999998,0.8999999999999999,0.8333333333333335
0.7692307692307693,0.8571428571428572,0.7894736842105263,0.6666666666666667,0.7,0.3333333333333333
0.8076923076923077,0.8571428571428572,0.7894736842105263,0.6666666666666667,0.7,0.3333333333333333
0.8461538461538461,0.8571428571428572,0.7894736842105263,0.6666666666666667,0.7,0.3333333333333333
0.8846153846153847,0.8571428571428572,0.7894736842105263,0.6666666666666667,0.7,0.3333333333333333
0.9230769230769232,0.8571428571428572,0.7894736842105263,0.6666666666666667,0.7,0.3333333333333333
0.9615384615384616,0.8571428571428572,0.7894736842105263,0.6666666666666667,0.7,0.3333333333333333
1.0,0.8571428571428572,0.7894736842105263,0.6666666666666667,0.7,0.3333333333333333
0.7692307692307693,0.9285714285714286,0.5789473684210527,0.8333333333333333,0.8,0.5
0.8076923076923077,0.9285714285714286,0.5789473684210527,0.8333333333333333,0.8,0.5
0.8461538461538461,0.9285714285714286,0.5789473684210527,0.8333333333333333,0.8,0.5
0.8846153846153847,0.9285714285714286,0.5789473684210527,0.8333333333333333,0.8,0.5
0.9230769230769232,0.9285714285714286,0.5789473684210527,0.8333333333333333,0.8,0.5
0.9615384615384616,0.9285714285714286,0.5789473684210527,0.8333333333333333,0.8,0.5
1.0,0.9285714285714286,0.5789473684210527,0.8333333333333333,0.8,0.5
0.7692307692307693,1.0,0.631578947368421,0.9999999999999998,0.8999999999999999,0.6666666666666667
0.8076923076923077,1.0,0.631578947368421,0.9999999999999998,0.8999999999999999,0.6666666666666667
0.8461538461538461,1.0,0.631578947368421,0.9999999999999998,0.8999999999999999,0.6666666666666667
0.8846153846153847,1.0,0.631578947368421,0.9999999999999998,0.8999999999999999,0.6666666666666667
0.9230769230769232,1.0,0.631578947368421,0.9999999999999998,0.8999999999999999,0.6666666666666667
0.9615384615384616,1.0,0.631578947368421,0.9999999999999998,0.8999999999999999,0.6666666666666667
1.0,1.0,0.631578947368421,0.9999999999999998,0.8999999999999999,0.6666666666666667
0.7692307692307693,0.7142857142857142,0.736842105263158,0.33333333333333326,0.7,0.8333333333333335
0.8076923076923077,0.7142857142857142,0.736842105263158,0.33333333333333326,0.7,0.8333333333333335
0.8461538461538461,0.7142857142857142,0.736842105263158,0.33333333333333326,0.7,0.8333333333333335
0.8846153846153847,0.7142857142857142,0.736842105263158,0.33333333333333326,0.7,0.8333333333333335
0.9230769230769232,0.7142857142857142,0.736842105263158,0.33333333333333326,0.7,0.8333333333333335
0.9615384615384616,0.7142857142857142,0.736842105263158,0.33333333333333326,0.7,0.8333333333333335
1.0,0.7142857142857142,0.736842105263158,0.33333333333333326,0.7,0.8333333333333335
0.7692307692307693,0.7857142857142856,0.7894736842105263,0.4999999999999998,0.8,0.3333333333333333
0.8076923076923077,0.7857142857142856,0.7894736842105263,0.4999999999999998,0.8,0.3333333333333333
0.8461538461538461,0.7857142857142856,0.7894736842105263,0.4999999999999998,0.8,0.3333333333333333
0.8846153846153847,0.7857142857142856,0.7894736842105263,0.4999999999999998,0.8,0.3333333333333333
0.9230769230769232,0.7857142857142856,0.7894736842105263,0.4999999999999998,0.8,0.3333333333333333
0.9615384615384616,0.7857142857142856,0.7894736842105263,0.4999999999999998,0.8,0.3333333333333333
1.0,0.7857142857142856,0.7894736842105263,0.4999999999999998,0.8,0.3333333333333333
0.7692307692307693,0.8571428571428572,0.5789473684210527,0.6666666666666667,0.8999999999999999,0.5
0.8076923076923077,0.8571428571428572,0.5789473684210527,0.6666666666666667,0.8999999999999999,0.5
0.8461538461538461,0.8571428571428572,0.5789473684210527,0.6666666666666667,0.8999999999999999,0.5
0.8846153846153847,0.8571428571428572,0.5789473684210527,0.6666666666666667,0.8999999999999999,0.5
0.9230769230769232,0.8571428571428572,0.5789473684210527,0.6666666666666667,0.8999999999999999,0.5
0.9615384615384616,0.8571428571428572,0.5789473684210527,0.6666666666666667,0.8999999999999999,0.5
1.0,0.8571428571428572,0.5789473684210527,0.6666666666666667,0.8999999999999999,0.5
0.7692307692307693,0.9285714285714286,0.631578947368421,0.8333333333333333,0.7,0.6666666666666667
0.8076923076923077,0.9285714285714286,0.631578947368421,0.8333333333333333,0.7,0.6666666666666667
0.8461538461538461,0.9285714285714286,0.631578947368421,0.8333333333333333,0.7,0.6666666666666667
0.8846153846153847,0.9285714285714286,0.631578947368421,0.8333333333333333,0.7,0.6666666666666667
0.9230769230769232,0.9285714285714286,0.631578947368421,0.8333333333333333,0.7,0.6666666666666667
0.9615384615384616,0.9285714285714286,0.631578947368421,0.8333333333333333,0.7,0.6666666666666667
1.0,0.9285714285714286,0.631578947368421,0.8333333333333333,0.7,0.6666666666666667
0.7692307692307693,1.0,0.6842105263157894,0.9999999999999998,0.8,0.8333333333333335
0.8076923076923077,1.0,0.6842105263157894,0.9999999999999998,0.8,0.8333333333333335
0.8461538461538461,1.0,0.6842105263157894,0.9999999999999998,0.8,0.8333333333333335
0.8846153846153847,1.0,0.6842105263157894,0.9999999999999998,0.8,0.8333333333333335
0.9230769230769232,1.0,0.6842105263157894,0.9999999999999998,0.8,0.8333333333333335
0.9615384615384616,1.0,0.6842105263157894,0.9999999999999998,0.8,0.8333333333333335
1.0,1.0,0.6842105263157894,0.9999999999999998,0.8,0.8333333333333335
0.7692307692307693,0.7142857142857142,0.7894736842105263,0.33333333333333326,0.8999999999999999,0.3333333333333333
0.8076923076923077,0.7142857142857142,0.7894736842105263,0.33333333333333326,0.8999999999999999,0.3333333333333333
0.8461538461538461,0.7142857142857142,0.7894736842105263,0.33333333333333326,0.8999999999999999,0.3333333333333333
0.8846153846153847,0.7142857142857142,0.7894736842105263,0.33333333333333326,0.8999999999999999,0.3333333333333333
0.9230769230769232,0.7142857142857142,0.7894736842105263,0.33333333333333326,0.8999999999999999,0.3333333333333333
0.9615384615384616,0.7142857142857142,0.7894736842105263,0.33333333333333326,0.8999999999999999,0.3333333333333333
1.0,0.7142857142857142,0.7894736842105263,0.33333333333333326,0.8999999999999999,0.3333333333333333
0.7692307692307693,0.7857142857142856,0.5789473684210527,0.4999999999999998,0.7,0.5
0.8076923076923077,0.7857142857142856,0.5789473684210527,0.4999999999999998,0.7,0.5
0.8461538461538461,0.7857142857142856,0.5789473684210527,0.4999999999999998,0.7,0.5
0.8846153846153847,0.7857142857142856,0.5789473684210527,0.4999999999999998,0.7,0.5
0.9230769230769232,0.7857142857142856,0.5789473684210527,0.4999999999999998,0.7,0.5
0.9615384615384616,0.7857142857142856,0.5789473684210527,0.4999999999999998,0.7,0.5
1.0,0.7857142857142856,0.5789473684210527,0.4999999999999998,0.7,0.5
0.7692307692307693,0.8571428571428572,0.631578947368421,0.6666666666666667,0.8,0.6666666666666667
0.8076923076923077,0.8571428571428572,0.631578947368421,0.6666666666666667,0.8,0.6666666666666667
0.8461538461538461,0.8571428571428572,0.631578947368421,0.6666666666666667,0.8,0.6666666666666667
0.8846153846153847,0.8571428571428572,0.631578947368421,0.6666666666666667,0.8,0.6666666666666667
0.9230769230769232,0.8571428571428572,0.631578947368421,0.6666666666666667,0.8,0.6666666666666667
0.9615384615384616,0.8571428571428572,0.631578947368421,0.6666666666666667,0.8,0.6666666666666667
1.0,0.8571428571428572,0.631578947368421,0.6666666666666667,0.8,0.6666666666666667
0.7692307692307693,0.9285714285714286,0.6842105263157894,0.8333333333333333,0.8999999999999999,0.8333333333333335
0.8076923076923077,0.9285714285714286,0.6842105263157894,0.8333333333333333,0.8999999999999999,0.8333333333333335
0.8461538461538461,0.9285714285714286,0.6842105263157894,0.8333333333333333,0.8999999999999999,0.8333333333333335
0.8846153846153847,0.9285714285714286,0.6842105263157894,0.8333333333333333,0.8999999999999999,0.8333333333333335
0.9230769230769232,0.9285714285714286,0.6842105263157894,0.8333333333333333,0.8999999999999999,0.8333333333333335
0.9615384615384616,0.9285714285714286,0.6842105263157894,0.8333333333333333,0.8999999999999999,0.8333333333333335
1.0,0.9285714285714286,0.6842105263157894,0.8333333333333333,0.8999999999999999,0.8333333333333335
0.7692307692307693,1.0,0.736842105263158,0.9999999999999998,0.7,0.3333333333333333
0.8076923076923077,1.0,0.736842105263158,0.9999999999999998,0.7,0.3333333333333333
0.8461538461538461,1.0,0.736842105263158,0.9999999999999998,0.7,0.3333333333333333
0.8846153846153847,1.0,0.736842105263158,0.9999999999999998,0.7,0.3333333333333333
0.9230769230769232,1.0,0.736842105263158,0.9999999999999998,0.7,0.3333333333333333
0.9615384615384616,1.0,0.736842105263158,0.9999999999999998,0.7,0.3333333333333333
1.0,1.0,0.736842105263158,0.9999999999999998,0.7,0.3333333333333333
0.0,0.42857142857142855,0.15789473684210525,0.16666666666666674,0.3,0.5
0.038461538461538464,0.42857142857142855,0.15789473684210525,0.16666666666666674,0.3,0.5
0.07692307692307693,0.42857142857142855,0.15789473684210525,0.16666666666666674,0.3,0.5
0.0,0.49999999999999994,0.21052631578947367,0.33333333333333326,0.4000000000000001,0.6666666666666667
0.038461538461538464,0.49999999999999994,0.21052631578947367,0.33333333333333326,0.4000000000000001,0.6666666666666667
0.07692307692307693,0.49999999999999994,0.21052631578947367,0.33333333333333326,0.4000000000000001,0.6666666666666667
0.0,0.5714285714285714,0.2631578947368421,0.4999999999999998,0.5,0.5
0.038461538461538464,0.5714285714285714,0.2631578947368421,0.4999999999999998,0.5,0.5
0.07692307692307693,0.5714285714285714,0.2631578947368421,0.4999999999999998,0.5,0.5
0.0,0.6428571428571428,0.3157894736842105,0.6666666666666667,0.3,0.6666666666666667
0.038461538461538464,0.6428571428571428,0.3157894736842105,0.6666666666666667,0.3,0.6666666666666667
0.07692307692307693,0.6428571428571428,0.3157894736842105,0.6666666666666667,0.3,0.6666666666666667
0.0,0.7142857142857142,0.3684210526315789,0.16666666666666674,0.4000000000000001,0.5
0.038461538461538464,0.7142857142857142,0.3684210526315789,0.16666666666666674,0.4000000000000001,0.5
0.07692307692307693,0.7142857142857142,0.3684210526315789,0.16666666666666674,0.4000000000000001,0.5
0.0,0.42857142857142855,0.21052631578947367,0.33333333333333326,0.5,0.6666666666666667
0.038461538461538464,0.42857142857142855,0.21052631578947367,0.33333333333333326,0.5,0.6666666666666667
0.07692307692307693,0.42857142857142855,0.21052631578947367,0.33333333333333326,0.5,0.6666666666666667
0.0,0.49999999999999994,0.2631578947368421,0.4999999999999998,0.3,0.5
0.038461538461538464,0.49999999999999994,0.2631578947368421,0.4999999999999998,0.3,0.5
0.07692307692307693,0.49999999999999994,0.2631578947368421,0.4999999999999998,0.3,0.5
0.0,0.5714285714285714,0.3157894736842105,0.6666666666666667,0.4000000000000001,0.6666666666666667
0.038461538461538464,0.5714285714285714,0.3157894736842105,0.6666666666666667,0.4000000000000001,0.6666666666666667
0.07692307692307693,0.5714285714285714,0.3157894736842105,0.6666666666666667,0.4000000000000001,0.6666666666666667
0.0,0.6428571428571428,0.3684210526315789,0.33333333333333326,0.5,0.5
0.038461538461538464,0.6428571428571428,0.3684210526315789,0.33333333333333326,0.5,0.5
0.07692307692307693,0.6428571428571428,0.3684210526315789,0.33333333333333326,0.5,0.5
0.0,0.7142857142857142,0.15789473684210525,0.4999999999999998,0.3,0.6666666666666667
0.038461538461538464,0.7142857142857142,0.15789473684210525,0.4999999999999998,0.3,0.6666666666666667
0.07692307692307693,0.7142857142857142,0.15789473684210525,0.4999999999999998,0.3,0.6666666666666667
0.0,0.42857142857142855,0.2631578947368421,0.6666666666666667,0.4000000000000001,0.5
0.038461538461538464,0.42857142857142855,0.2631578947368421,0.6666666666666667,0.4000000000000001,0.5
0.07692307692307693,0.42857142857142855,0.2631578947368421,0.6666666666666667,0.4000000000000001,0.5
0.0,0.49999999999999994,0.3157894736842105,0.16666666666666674,0.5,0.6666666666666667
0.038461538461538464,0.49999999999999994,0.3157894736842105,0.16666666666666674,0.5,0.6666666666666667
0.07692307692307693,0.49999999999999994,0.3157894736842105,0.16666666666666674,0.5,0.6666666666666667
0.0,0.5714285714285714,0.3684210526315789,0.4999999999999998,0.3,0.5
0.038461538461538464,0.5714285714285714,0.3684210526315789,0.4999999999999998,0.3,0.5
0.07692307692307693,0.5714285714285714,0.3684210526315789,0.4999999999999998,0.3,0.5
0.0,0.6428571428571428,0.15789473684210525,0.6666666666666667,0.4000000000000001,0.6666666666666667
0.038461538461538464,0.6428571428571428,0.15789473684210525,0.6666666666666667,0.4000000000000001,0.6666666666666667
0.07692307692307693,0.6428571428571428,0.15789473684210525,0.6666666666666667,0.4000000000000001,0.6666666666666667
0.0,0.7142857142857142,0.21052631578947367,0.16666666666666674,0.5,0.5
0.038461538461538464,0.7142857142857142,0.21052631578947367,0.16666666666666674,0.5,0.5
0.07692307692307693,0.7142857142857142,0.21052631578947367,0.16666666666666674,0.5,0.5
0.0,0.42857142857142855,0.3157894736842105,0.33333333333333326,0.3,0.6666666666666667
0.038461538461538464,0.42857142857142855,0.3157894736842105,0.33333333333333326,0.3,0.6666666666666667
0.07692307692307693,0.42857142857142855,0.3157894736842105,0.33333333333333326,0.3,0.6666666666666667
0.0,0.49999999999999994,0.3684210526315789,0.6666666666666667,0.4000000000000001,0.5
0.038461538461538464,0.49999999999999994,0.3684210526315789,0.6666666666666667,0.4000000000000001,0.5
0.07692307692307693,0.49999999999999994,0.3684210526315789,0.6666666666666667,0.4000000000000001,0.5
0.0,0.5714285714285714,0.15789473684210525,0.16666666666666674,0.5,0.6666666666666667
0.038461538461538464,0.5714285714285714,0.15789473684210525,0.16666666666666674,0.5,0.6666666666666667
0.07692307692307693,0.5714285714285714,0.15789473684210525,0.16666666666666674,0.5,0.6666666666666667
0.0,0.6428571428571428,0.21052631578947367,0.33333333333333326,0.3,0.5
0.038461538461538464,0.6428571428571428,0.21052631578947367,0.33333333333333326,0.3,0.5
0.07692307692307693,0.6428571428571428,0.21052631578947367,0.33333333333333326,0.3,0.5
0.0,0.7142857142857142,0.2631578947368421,0.4999999999999998,0.4000000000000001,0.6666666666666667
0.038461538461538464,0.7142857142857142,0.2631578947368421,0.4999999999999998,0.4000000000000001,0.6666666666666667
0.07692307692307693,0.7142857142857142,0.2631578947368421,0.4999999999999998,0.4000000000000001,0.6666666666666667
0.0,0.42857142857142855,0.3684210526315789,0.16666666666666674,0.5,0.5
0.038461538461538464,0.42857142857142855,0.3684210526315789,0.16666666666666674,0.5,0.5
0.07692307692307693,0.42857142857142855,0.3684210526315789,0.16666666666666674,0.5,0.5
0.0,0.49999999999999994,0.15789473684210525,0.33333333333333326,0.3,0.6666666666666667
0.038461538461538464,0.49999999999999994,0.15789473684210525,0.33333333333333326,0.3,0.6666666666666667
0.07692307692307693,0.49999999999999994,0.15789473684210525,0.33333333333333326,0.3,0.6666666666666667
0.0,0.5714285714285714,0.21052631578947367,0.6666666666666667,0.4000000000000001,0.5
0.038461538461538464,0.5714285714285714,0.21052631578947367,0.6666666666666667,0.4000000000000001,0.5
0.07692307692307693,0.5714285714285714,0.21052631578947367,0.6666666666666667,0.4000000000000001,0.5
0.0,0.6428571428571428,0.2631578947368421,0.16666666666666674,0.5,0.6666666666666667
0.038461538461538464,0.6428571428571428,0.2631578947368421,0.16666666666666674,0.5,0.6666666666666667
0.07692307692307693,0.6428571428571428,0.2631578947368421,0.16666666666666674,0.5,0.6666666666666667
0.0,0.7142857142857142,0.3157894736842105,0.33333333333333326,0.3,0.3333333333333333
0.038461538461538464,0.7142857142857142,0.3157894736842105,0.33333333333333326,0.3,0.3333333333333333
0.07692307692307693,0.7142857142857142,0.3157894736842105,0.33333333333333326,0.3,0.3333333333333333
0.15384615384615385,0.2857142857142857,0.15789473684210525,0.16666666666666674,0.0,0.3333333333333333
0.1923076923076923,0.2857142857142857,0.15789473684210525,0.16666666666666674,0.0,0.3333333333333333
0.23076923076923078,0.2857142857142857,0.15789473684210525,0.16666666666666674,0.0,0.3333333333333333
0.2692307692307693,0.2857142857142857,0.15789473684210525,0.16666666666666674,0.0,0.3333333333333333
0.3076923076923077,0.2857142857142857,0.15789473684210525,0.16666666666666674,0.0,0.3333333333333333
0.15384615384615385,0.35714285714285715,0.21052631578947367,0.33333333333333326,0.10000000000000003,0.5
0.1923076923076923,0.35714285714285715,0.21052631578947367,0.33333333333333326,0.10000000000000003,0.5
0.23076923076923078,0.35714285714285715,0.21052631578947367,0.33333333333333326,0.10000000000000003,0.5
0.2692307692307693,0.35714285714285715,0.21052631578947367,0.33333333333333326,0.10000000000000003,0.5
0.3076923076923077,0.35714285714285715,0.21052631578947367,0.33333333333333326,0.10000000000000003,0.5
0.15384615384615385,0.42857142857142855,0.2631578947368421,0.4999999999999998,0.0,0.6666666666666667
0.1923076923076923,0.42857142857142855,0.2631578947368421,0.4999999999999998,0.0,0.6666666666666667
0.23076923076923078,0.42857142857142855,0.2631578947368421,0.4999999999999998,0.0,0.6666666666666667
0.2692307692307693,0.42857142857142855,0.2631578947368421,0.4999999999999998,0.0,0.6666666666666667
0.3076923076923077,0.42857142857142855,0.2631578947368421,0.4999999999999998,0.0,0.6666666666666667
0.15384615384615385,0.2857142857142857,0.21052631578947367,0.16666666666666674,0.10000000000000003,0.3333333333333333
0.1923076923076923,0.2857142857142857,0.21052631578947367,0.16666666666666674,0.10000000000000003,0.3333333333333333
0.23076923076923078,0.2857142857142857,0.21052631578947367,0.16666666666666674,0.10000000000000003,0.3333333333333333
0.2692307692307693,0.2857142857142857,0.21052631578947367,0.16666666666666674,0.10000000000000003,0.3333333333333333
0.3076923076923077,0.2857142857142857,0.21052631578947367,0.16666666666666674,0.10000000000000003,0.3333333333333333
0.15384615384615385,0.35714285714285715,0.2631578947368421,0.33333333333333326,0.0,0.5
0.1923076923076923,0.35714285714285715,0.2631578947368421,0.33333333333333326,0.0,0.5
0.23076923076923078,0.35714285714285715,0.2631578947368421,0.33333333333333326,0.0,0.5
0.2692307692307693,0.35714285714285715,0.2631578947368421,0.33333333333333326,0.0,0.5
0.3076923076923077,0.35714285714285715,0.2631578947368421,0.33333333333333326,0.0,0.5
0.15384615384615385,0.42857142857142855,0.15789473684210525,0.4999999999999998,0.10000000000000003,0.6666666666666667
0.1923076923076923,0.42857142857142855,0.15789473684210525,0.4999999999999998,0.10000000000000003,0.6666666666666667
0.23076923076923078,0.42857142857142855,0.15789473684210525,0.4999999999999998,0.10000000000000003,0.6666666666666667
0.2692307692307693,0.42857142857142855,0.15789473684210525,0.4999999999999998,0.10000000000000003,0.6666666666666667
0.3076923076923077,0.42857142857142855,0.15789473684210525,0.4999999999999998,0.10000000000000003,0.6666666666666667
0.15384615384615385,0.2857142857142857,0.2631578947368421,0.16666666666666674,0.0,0.3333333333333333
0.1923076923076923,0.2857142857142857,0.2631578947368421,0.16666666666666674,0.0,0.3333333333333333
0.23076923076923078,0.2857142857142857,0.2631578947368421,0.16666666666666674,0.0,0.3333333333333333
0.2692307692307693,0.2857142857142857,0.2631578947368421,0.16666666666666674,0.0,0.3333333333333333
0.3076923076923077,0.2857142857142857,0.2631578947368421,0.16666666666666674,0.0,0.3333333333333333
0.15384615384615385,0.35714285714285715,0.15789473684210525,0.33333333333333326,0.10000000000000003,0.5
0.1923076923076923,0.35714285714285715,0.15789473684210525,0.33333333333333326,0.10000000000000003,0.5
0.23076923076923078,0.35714285714285715,0.15789473684210525,0.33333333333333326,0.10000000000000003,0.5
0.2692307692307693,0.35714285714285715,0.15789473684210525,0.33333333333333326,0.10000000000000003,0.5
0.3076923076923077,0.35714285714285715,0.15789473684210525,0.33333333333333326,0.10000000000000003,0.5
0.15384615384615385,0.42857142857142855,0.21052631578947367,0.4999999999999998,0.0,0.6666666666666667
0.1923076923076923,0.42857142857142855,0.21052631578947367,0.4999999999999998,0.0,0.6666666666666667
0.23076923076923078,0.42857142857142855,0.21052631578947367,0.4999999999999998,0.0,0.6666666666666667
0.2692307692307693,0.42857142857142855,0.21052631578947367,0.4999999999999998,0.0,0.6666666666666667
0.3076923076923077,0.42857142857142855,0.21052631578947367,0.4999999999999998,0.0,0.6666666666666667
0.0,0.42857142857142855,0.15789473684210525,0.16666666666666674,0.4000000000000001,0.5
0.038461538461538464,0.42857142857142855,0.15789473684210525,0.16666666666666674,0.4000000000000001,0.5
0.07692307692307693,0.42857142857142855,0.15789473684210525,0.16666666666666674,0.4000000000000001,0.5
0.0,0.49999999999999994,0.21052631578947367,0.33333333333333326,0.5,0.6666666666666667
0.038461538461538464,0.49999999999999994,0.21052631578947367,0.33333333333333326,0.5,0.6666666666666667
0.07692307692307693,0.49999999999999994,0.21052631578947367,0.33333333333333326,0.5,0.6666666666666667
0.0,0.5714285714285714,0.2631578947368421,0.4999999999999998,0.4000000000000001,0.8333333333333335
0.038461538461538464,0.5714285714285714,0.2631578947368421,0.4999999999999998,0.4000000000000001,0.8333333333333335
0.07692307692307693,0.5714285714285714,0.2631578947368421,0.4999999999999998,0.4000000000000001,0.8333333333333335
0.0,0.42857142857142855,0.21052631578947367,0.16666666666666674,0.5,0.5
0.038461538461538464,0.42857142857142855,0.21052631578947367,0.16666666666666674,0.5,0.5
0.07692307692307693,0.42857142857142855,0.21052631578947367,0.16666666666666674,0.5,0.5
0.0,0.49999999999999994,0.2631578947368421,0.33333333333333326,0.4000000000000001,0.6666666666666667
0.038461538461538464,0.49999999999999994,0.2631578947368421,0.33333333333333326,0.4000000000000001,0.6666666666666667
0.07692307692307693,0.49999999999999994,0.2631578947368421,0.33333333333333326,0.4000000000000001,0.6666666666666667
0.0,0.5714285714285714,0.15789473684210525,0.4999999999999998,0.5,0.8333333333333335
0.038461538461538464,0.5714285714285714,0.15789473684210525,0.4999999999999998,0.5,0.8333333333333335
0.07692307692307693,0.5714285714285714,0.15789473684210525,0.4999999999999998,0.5,0.8333333333333335
0.0,0.42857142857142855,0.2631578947368421,0.16666666666666674,0.4000000000000001,0.5
0.038461538461538464,0.42857142857142855,0.2631578947368421,0.16666666666666674,0.4000000000000001,0.5
0.07692307692307693,0.42857142857142855,0.2631578947368421,0.16666666666666674,0.4000000000000001,0.5
0.0,0.49999999999999994,0.15789473684210525,0.33333333333333326,0.5,0.6666666666666667
0.038461538461538464,0.49999999999999994,0.15789473684210525,0.33333333333333326,0.5,0.6666666666666667
0.07692307692307693,0.49999999999999994,0.15789473684210525,0.33333333333333326,0.5,0.6666666666666667
0.0,0.5714285714285714,0.21052631578947367,0.4999999999999998,0.4000000000000001,0.8333333333333335
0.038461538461538464,0.5714285714285714,0.21052631578947367,0.4999999999999998,0.4000000000000001,0.8333333333333335
0.07692307692307693,0.5714285714285714,0.21052631578947367,0.4999999999999998,0.4000000000000001,0.8333333333333335
0.07692307692307693,0.14285714285714285,0.15789473684210525,0.16666666666666674,0.2,0.5
0.11538461538461542,0.14285714285714285,0.15789473684210525,0.16666666666666674,0.2,0.5
0.15384615384615385,0.14285714285714285,0.15789473684210525,0.16666666666666674,0.2,0.5
0.07692307692307693,0.2142857142857143,0.21052631578947367,0.33333333333333326,0.3,0.6666666666666667
0.11538461538461542,0.2142857142857143,0.21052631578947367,0.33333333333333326,0.3,0.6666666666666667
0.15384615384615385,0.2142857142857143,0.21052631578947367,0.33333333333333326,0.3,0.6666666666666667
0.07692307692307693,0.2857142857142857,0.15789473684210525,0.4999999999999998,0.2,0.8333333333333335
0.11538461538461542,0.2857142857142857,0.15789473684210525,0.4999999999999998,0.2,0.8333333333333335
0.15384615384615385,0.2857142857142857,0.15789473684210525,0.4999999999999998,0.2,0.8333333333333335
0.07692307692307693,0.14285714285714285,0.21052631578947367,0.16666666666666674,0.3,0.5
0.11538461538461542,0.14285714285714285,0.21052631578947367,0.16666666666666674,0.3,0.5
0.15384615384615385,0.14285714285714285,0.21052631578947367,0.16666666666666674,0.3,0.5
0.07692307692307693,0.2142857142857143,0.15789473684210525,0.33333333333333326,0.2,0.6666666666666667
0.11538461538461542,0.2142857142857143,0.15789473684210525,0.33333333333333326,0.2,0.6666666666666667
0.15384615384615385,0.2142857142857143,0.15789473684210525,0.33333333333333326,0.2,0.6666666666666667
0.07692307692307693,0.2857142857142857,0.21052631578947367,0.4999999999999998,0.3,0.8333333333333335
0.11538461538461542,0.2857142857142857,0.21052631578947367,0.4999999999999998,0.3,0.8333333333333335
0.15384615384615385,0.2857142857142857,0.21052631578947367,0.4999999999999998,0.3,0.8333333333333335
0.3076923076923077,0.2857142857142857,0.15789473684210525,0.33333333333333326,0.10000000000000003,0.5
0.34615384615384615,0.2857142857142857,0.15789473684210525,0.33333333333333326,0.10000000000000003,0.5
0.3846153846153847,0.2857142857142857,0.15789473684210525,0.33333333333333326,0.10000000000000003,0.5
0.42307692307692313,0.2857142857142857,0.15789473684210525,0.33333333333333326,0.10000000000000003,0.5
0.46153846153846156,0.2857142857142857,0.15789473684210525,0.33333333333333326,0.10000000000000003,0.5
0.3076923076923077,0.35714285714285715,0.21052631578947367,0.4999999999999998,0.2,0.6666666666666667
0.34615384615384615,0.35714285714285715,0.21052631578947367,0.4999999999999998,0.2,0.6666666666666667
0.3846153846153847,0.35714285714285715,0.21052631578947367,0.4999999999999998,0.2,0.6666666666666667
0.42307692307692313,0.35714285714285715,0.21052631578947367,0.4999999999999998,0.2,0.6666666666666667
0.46153846153846156,0.35714285714285715,0.21052631578947367,0.4999999999999998,0.2,0.6666666666666667
0.3076923076923077,0.42857142857142855,0.2631578947368421,0.6666666666666667,0.3,0.5
0.34615384615384615,0.42857142857142855,0.2631578947368421,0.6666666666666667,0.3,0.5
0.3846153846153847,0.42857142857142855,0.2631578947368421,0.6666666666666667,0.3,0.5
0.42307692307692313,0.42857142857142855,0.2631578947368421,0.6666666666666667,0.3,0.5
0.46153846153846156,0.42857142857142855,0.2631578947368421,0.6666666666666667,0.3,0.5
0.3076923076923077,0.2857142857142857,0.21052631578947367,0.33333333333333326,0.10000000000000003,0.6666666666666667
0.34615384615384615,0.2857142857142857,0.21052631578947367,0.33333333333333326,0.10000000000000003,0.6666666666666667
0.3846153846153847,0.2857142857142857,0.21052631578947367,0.33333333333333326,0.10000000000000003,0.6666666666666667
0.42307692307692313,0.2857142857142857,0.21052631578947367,0.33333333333333326,0.10000000000000003,0.6666666666666667
0.46153846153846156,0.2857142857142857,0.21052631578947367,0.33333333333333326,0.10000000000000003,0.6666666666666667
0.3076923076923077,0.35714285714285715,0.2631578947368421,0.4999999999999998,0.2,0.5
0.34615384615384615,0.35714285714285715,0.2631578947368421,0.4999999999999998,0.2,0.5
0.3846153846153847,0.35714285714285715,0.2631578947368421,0.4999999999999998,0.2,0.5
0.42307692307692313,0.35714285714285715,0.2631578947368421,0.4999999999999998,0.2,0.5
0.46153846153846156,0.35714285714285715,0.2631578947368421,0.4999999999999998,0.2,0.5
0.3076923076923077,0.42857142857142855,0.15789473684210525,0.6666666666666667,0.3,0.6666666666666667
0.34615384615384615,0.42857142857142855,0.15789473684210525,0.6666666666666667,0.3,0.6666666666666667
0.3846153846153847,0.42857142857142855,0.15789473684210525,0.6666666666666667,0.3,0.6666666666666667
0.42307692307692313,0.42857142857142855,0.15789473684210525,0.6666666666666667,0.3,0.6666666666666667
0.46153846153846156,0.42857142857142855,0.15789473684210525,0.6666666666666667,0.3,0.6666666666666667
0.3076923076923077,0.2857142857142857,0.2631578947368421,0.33333333333333326,0.10000000000000003,0.5
0.34615384615384615,0.2857142857142857,0.2631578947368421,0.33333333333333326,0.10000000000000003,0.5
0.3846153846153847,0.2857142857142857,0.2631578947368421,0.33333333333333326,0.10000000000000003,0.5
0.42307692307692313,0.2857142857142857,0.2631578947368421,0.33333333333333326,0.10000000000000003,0.5
0.46153846153846156,0.2857142857142857,0.2631578947368421,0.33333333333333326,0.10000000000000003,0.5
0.3076923076923077,0.35714285714285715,0.15789473684210525,0.4999999999999998,0.2,0.6666666666666667
0.34615384615384615,0.35714285714285715,0.15789473684210525,0.4999999999999998,0.2,0.6666666666666667
0.3846153846153847,0.35714285714285715,0.15789473684210525,0.4999999999999998,0.2,0.6666666666666667
0.42307692307692313,0.35714285714285715,0.15789473684210525,0.4999999999999998,0.2,0.6666666666666667
0.46153846153846156,0.35714285714285715,0.15789473684210525,0.4999999999999998,0.2,0.6666666666666667
0.3076923076923077,0.42857142857142855,0.21052631578947367,0.6666666666666667,0.3,0.5
0.34615384615384615,0.42857142857142855,0.21052631578947367,0.6666666666666667,0.3,0.5
0.3846153846153847,0.42857142857142855,0.21052631578947367,0.6666666666666667,0.3,0.5
0.42307692307692313,0.42857142857142855,0.21052631578947367,0.6666666666666667,0.3,0.5
0.46153846153846156,0.42857142857142855,0.21052631578947367,0.6666666666666667,0.3,0.5
0.3076923076923077,0.2857142857142857,0.15789473684210525,0.16666666666666674,0.2,0.5
0.34615384615384615,0.2857142857142857,0.15789473684210525,0.16666666666666674,0.2,0.5
0.3846153846153847,0.2857142857142857,0.15789473684210525,0.16666666666666674,0.2,0.5
0.42307692307692313,0.2857142857142857,0.15789473684210525,0.16666666666666674,0.2,0.5
0.46153846153846156,0.2857142857142857,0.15789473684210525,0.16666666666666674,0.2,0.5
0.3076923076923077,0.35714285714285715,0.21052631578947367,0.33333333333333326,0.3,0.6666666666666667
0.34615384615384615,0.35714285714285715,0.21052631578947367,0.33333333333333326,0.3,0.6666666666666667
0.3846153846153847,0.35714285714285715,0.21052631578947367,0.33333333333333326,0.3,0.6666666666666667
0.42307692307692313,0.35714285714285715,0.21052631578947367,0.33333333333333326,0.3,0.6666666666666667
0.46153846153846156,0.35714285714285715,0.21052631578947367,0.33333333333333326,0.3,0.6666666666666667
0.3076923076923077,0.42857142857142855,0.2631578947368421,0.4999999999999998,0.4000000000000001,0.8333333333333335
0.34615384615384615,0.42857142857142855,0.2631578947368421,0.4999999999999998,0.4000000000000001,0.8333333333333335
0.3846153846153847,0.42857142857142855,0.2631578947368421,0.4999999999999998,0.4000000000000001,0.8333333333333335
0.42307692307692313,0.42857142857142855,0.2631578947368421,0.4999999999999998,0.4000000000000001,0.8333333333333335
0.46153846153846156,0.42857142857142855,0.2631578947368421,0.4999999999999998,0.4000000000000001,0.8333333333333335
0.3076923076923077,0.2857142857142857,0.21052631578947367,0.16666666666666674,0.2,0.5
0.34615384615384615,0.2857142857142857,0.21052631578947367,0.16666666666666674,0.2,0.5
0.3846153846153847,0.2857142857142857,0.21052631578947367,0.16666666666666674,0.2,0.5
0.42307692307692313,0.2857142857142857,0.21052631578947367,0.16666666666666674,0.2,0.5
0.46153846153846156,0.2857142857142857,0.21052631578947367,0.16666666666666674,0.2,0.5
0.3076923076923077,0.35714285714285715,0.2631578947368421,0.33333333333333326,0.3,0.6666666666666667
0.34615384615384615,0.35714285714285715,0.2631578947368421,0.33333333333333326,0.3,0.6666666666666667
0.3846153846153847,0.35714285714285715,0.2631578947368421,0.33333333333333326,0.3,0.6666666666666667
0.42307692307692313,0.35714285714285715,0.2631578947368421,0.33333333333333326,0.3,0.6666666666666667
0.46153846153846156,0.35714285714285715,0.2631578947368421,0.33333333333333326,0.3,0.6666666666666667
0.3076923076923077,0.42857142857142855,0.15789473684210525,0.4999999999999998,0.4000000000000001,0.8333333333333335
0.34615384615384615,0.42857142857142855,0.15789473684210525,0.4999999999999998,0.4000000000000001,0.8333333333333335
0.3846153846153847,0.42857142857142855,0.15789473684210525,0.4999999999999998,0.4000000000000001,0.8333333333333335
0.42307692307692313,0.42857142857142855,0.15789473684210525,0.4999999999999998,0.4000000000000001,0.8333333333333335
0.46153846153846156,0.42857142857142855,0.15789473684210525,0.4999999999999998,0.4000000000000001,0.8333333333333335
0.3076923076923077,0.2857142857142857,0.2631578947368421,0.16666666666666674,0.2,0.5
0.34615384615384615,0.2857142857142857,0.2631578947368421,0.16666666666666674,0.2,0.5
0.3846153846153847,0.2857142857142857,0.2631578947368421,0.16666666666666674,0.2,0.5
0.42307692307692313,0.2857142857142857,0.2631578947368421,0.16666666666666674,0.2,0.5
0.46153846153846156,0.2857142857142857,0.2631578947368421,0.16666666666666674,0.2,0.5
0.3076923076923077,0.35714285714285715,0.15789473684210525,0.33333333333333326,0.3,0.6666666666666667
0.34615384615384615,0.35714285714285715,0.15789473684210525,0.33333333333333326,0.3,0.6666666666666667
0.3846153846153847,0.35714285714285715,0.15789473684210525,0.33333333333333326,0.3,0.6666666666666667
0.42307692307692313,0.35714285714285715,0.15789473684210525,0.33333333333333326,0.3,0.6666666666666667
0.46153846153846156,0.35714285714285715,0.15789473684210525,0.33333333333333326,0.3,0.6666666666666667
0.3076923076923077,0.42857142857142855,0.21052631578947367,0.4999999999999998,0.4000000000000001,0.8333333333333335
0.34615384615384615,0.42857142857142855,0.21052631578947367,0.4999999999999998,0.4000000000000001,0.8333333333333335
0.3846153846153847,0.42857142857142855,0.21052631578947367,0.4999999999999998,0.4000000000000001,0.8333333333333335
0.42307692307692313,0.42857142857142855,0.21052631578947367,0.4999999999999998,0.4000000000000001,0.8333333333333335
0.46153846153846156,0.42857142857142855,0.21052631578947367,0.4999999999999998,0.4000000000000001,0.8333333333333335
0.23076923076923078,0.2857142857142857,0.15789473684210525,0.16666666666666674,0.3,0.5
0.2692307692307693,0.2857142857142857,0.15789473684210525,0.16666666666666674,0.3,0.5
0.3076923076923077,0.2857142857142857,0.15789473684210525,0.16666666666666674,0.3,0.5
0.23076923076923078,0.35714285714285715,0.21052631578947367,0.33333333333333326,0.4000000000000001,0.6666666666666667
0.2692307692307693,0.35714285714285715,0.21052631578947367,0.33333333333333326,0.4000000000000001,0.6666666666666667
0.3076923076923077,0.35714285714285715,0.21052631578947367,0.33333333333333326,0.4000000000000001,0.6666666666666667
0.23076923076923078,0.42857142857142855,0.15789473684210525,0.16666666666666674,0.3,0.8333333333333335
0.2692307692307693,0.42857142857142855,0.15789473684210525,0.16666666666666674,0.3,0.8333333333333335
0.3076923076923077,0.42857142857142855,0.15789473684210525,0.16666666666666674,0.3,0.8333333333333335
0.23076923076923078,0.2857142857142857,0.21052631578947367,0.33333333333333326,0.4000000000000001,0.5
0.2692307692307693,0.2857142857142857,0.21052631578947367,0.33333333333333326,0.4000000000000001,0.5
0.3076923076923077,0.2857142857142857,0.21052631578947367,0.33333333333333326,0.4000000000000001,0.5
0.23076923076923078,0.35714285714285715,0.15789473684210525,0.16666666666666674,0.3,0.6666666666666667
0.2692307692307693,0.35714285714285715,0.15789473684210525,0.16666666666666674,0.3,0.6666666666666667
0.3076923076923077,0.35714285714285715,0.15789473684210525,0.16666666666666674,0.3,0.6666666666666667
0.23076923076923078,0.42857142857142855,0.21052631578947367,0.33333333333333326,0.4000000000000001,0.8333333333333335
0.2692307692307693,0.42857142857142855,0.21052631578947367,0.33333333333333326,0.4000000000000001,0.8333333333333335
0.3076923076923077,0.42857142857142855,0.21052631578947367,0.33333333333333326,0.4000000000000001,0.8333333333333335
0.15384615384615385,0.2142857142857143,0.05263157894736842,0.16666666666666674,0.2,0.3333333333333333
0.1923076923076923,0.2142857142857143,0.05263157894736842,0.16666666666666674,0.2,0.3333333333333333
0.23076923076923078,0.2142857142857143,0.05263157894736842,0.16666666666666674,0.2,0.3333333333333333
0.15384615384615385,0.2857142857142857,0.10526315789473684,0.33333333333333326,0.3,0.5
0.1923076923076923,0.2857142857142857,0.10526315789473684,0.33333333333333326,0.3,0.5
0.23076923076923078,0.2857142857142857,0.10526315789473684,0.33333333333333326,0.3,0.5
0.15384615384615385,0.2142857142857143,0.10526315789473684,0.16666666666666674,0.2,0.3333333333333333
0.1923076923076923,0.2142857142857143,0.10526315789473684,0.16666666666666674,0.2,0.3333333333333333
0.23076923076923078,0.2142857142857143,0.10526315789473684,0.16666666666666674,0.2,0.3333333333333333
0.15384615384615385,0.2857142857142857,0.05263157894736842,0.33333333333333326,0.3,0.5
0.1923076923076923,0.2857142857142857,0.05263157894736842,0.33333333333333326,0.3,0.5
0.23076923076923078,0.2857142857142857,0.05263157894736842,0.33333333333333326,0.3,0.5
0.46153846153846156,0.42857142857142855,0.3684210526315789,0.16666666666666674,0.7,0.5
0.5,0.42857142857142855,0.3684210526315789,0.16666666666666674,0.7,0.5
0.5384615384615384,0.42857142857142855,0.3684210526315789,0.16666666666666674,0.7,0.5
0.576923076923077,0.42857142857142855,0.3684210526315789,0.16666666666666674,0.7,0.5
0.6153846153846154,0.42857142857142855,0.3684210526315789,0.16666666666666674,0.7,0.5
0.6538461538461539,0.42857142857142855,0.3684210526315789,0.16666666666666674,0.7,0.5
0.6923076923076924,0.42857142857142855,0.3684210526315789,0.16666666666666674,0.7,0.5
0.7307692307692308,0.42857142857142855,0.3684210526315789,0.16666666666666674,0.7,0.5
0.7692307692307693,0.42857142857142855,0.3684210526315789,0.16666666666666674,0.7,0.5
0.46153846153846156,0.49999999999999994,0.42105263157894735,0.33333333333333326,0.8,0.6666666666666667
0.5,0.49999999999999994,0.42105263157894735,0.33333333333333326,0.8,0.6666666666666667
0.5384615384615384,0.49999999999999994,0.42105263157894735,0.33333333333333326,0.8,0.6666666666666667
0.576923076923077,0.49999999999999994,0.42105263157894735,0.33333333333333326,0.8,0.6666666666666667
0.6153846153846154,0.49999999999999994,0.42105263157894735,0.33333333333333326,0.8,0.6666666666666667
0.6538461538461539,0.49999999999999994,0.42105263157894735,0.33333333333333326,0.8,0.6666666666666667
0.6923076923076924,0.49999999999999994,0.42105263157894735,0.33333333333333326,0.8,0.6666666666666667
0.7307692307692308,0.49999999999999994,0.42105263157894735,0.33333333333333326,0.8,0.6666666666666667
0.7692307692307693,0.49999999999999994,0.42105263157894735,0.33333333333333326,0.8,0.6666666666666667
0.46153846153846156,0.5714285714285714,0.47368421052631576,0.4999999999999998,0.8999999999999999,0.8333333333333335
0.5,0.5714285714285714,0.47368421052631576,0.4999999999999998,0.8999999999999999,0.8333333333333335
0.5384615384615384,0.5714285714285714,0.47368421052631576,0.4999999999999998,0.8999999999999999,0.8333333333333335
0.576923076923077,0.5714285714285714,0.47368421052631576,0.4999999999999998,0.8999999999999999,0.8333333333333335
0.6153846153846154,0.5714285714285714,0.47368421052631576,0.4999999999999998,0.8999999999999999,0.8333333333333335
0.6538461538461539,0.5714285714285714,0.47368421052631576,0.4999999999999998,0.8999999999999999,0.8333333333333335
0.6923076923076924,0.5714285714285714,0.47368421052631576,0.4999999999999998,0.8999999999999999,0.8333333333333335
0.7307692307692308,0.5714285714285714,0.47368421052631576,0.4999999999999998,0.8999999999999999,0.8333333333333335
0.7692307692307693,0.5714285714285714,0.47368421052631576,0.4999999999999998,0.8999999999999999,0.8333333333333335
0.46153846153846156,0.6428571428571428,0.5263157894736843,0.6666666666666667,1.0,0.5
0.5,0.6428571428571428,0.5263157894736843,0.6666666666666667,1.0,0.5
0.5384615384615384,0.6428571428571428,0.5263157894736843,0.6666666666666667,1.0,0.5
0.576923076923077,0.6428571428571428,0.5263157894736843,0.6666666666666667,1.0,0.5
0.6153846153846154,0.6428571428571428,0.5263157894736843,0.6666666666666667,1.0,0.5
0.6538461538461539,0.6428571428571428,0.5263157894736843,0.6666666666666667,1.0,0.5
0.6923076923076924,0.6428571428571428,0.5263157894736843,0.6666666666666667,1.0,0.5
0.7307692307692308,0.6428571428571428,0.5263157894736843,0.6666666666666667,1.0,0.5
0.7692307692307693,0.6428571428571428,0.5263157894736843,0.6666666666666667,1.0,0.5
0.46153846153846156,0.49999999999999994,0.47368421052631576,0.4999999999999998,0.7,0.5
0.5,0.49999999999999994,0.47368421052631576,0.4999999999999998,0.7,0.5
0.5384615384615384,0.49999999999999994,0.47368421052631576,0.4999999999999998,0.7,0.5
0.576923076923077,0.49999999999999994,0.47368421052631576,0.4999999999999998,0.7,0.5
0.6153846153846154,0.49999999999999994,0.47368421052631576,0.4999999999999998,0.7,0.5
0.6538461538461539,0.49999999999999994,0.47368421052631576,0.4999999999999998,0.7,0.5
0.6923076923076924,0.49999999999999994,0.47368421052631576,0.4999999999999998,0.7,0.5
0.7307692307692308,0.49999999999999994,0.47368421052631576,0.4999999999999998,0.7,0.5
0.7692307692307693,0.49999999999999994,0.47368421052631576,0.4999999999999998,0.7,0.5
0.46153846153846156,0.5714285714285714,0.5263157894736843,0.6666666666666667,0.8,0.6666666666666667
0.5,0.5714285714285714,0.5263157894736843,0.6666666666666667,0.8,0.6666666666666667
0.5384615384615384,0.5714285714285714,0.5263157894736843,0.6666666666666667,0.8,0.6666666666666667
0.576923076923077,0.5714285714285714,0.5263157894736843,0.6666666666666667,0.8,0.6666666666666667
0.6153846153846154,0.5714285714285714,0.5263157894736843,0.6666666666666667,0.8,0.6666666666666667
0.6538461538461539,0.5714285714285714,0.5263157894736843,0.6666666666666667,0.8,0.6666666666666667
0.6923076923076924,0.5714285714285714,0.5263157894736843,0.6666666666666667,0.8,0.6666666666666667
0.7307692307692308,0.5714285714285714,0.5263157894736843,0.6666666666666667,0.8,0.6666666666666667
0.7692307692307693,0.5714285714285714,0.5263157894736843,0.6666666666666667,0.8,0.6666666666666667
0.46153846153846156,0.6428571428571428,0.5789473684210527,0.16666666666666674,0.8999999999999999,0.8333333333333335
0.5,0.6428571428571428,0.5789473684210527,0.16666666666666674,0.8999999999999999,0.8333333333333335
0.5384615384615384,0.6428571428571428,0.5789473684210527,0.16666666666666674,0.8999999999999999,0.8333333333333335
0.576923076923077,0.6428571428571428,0.5789473684210527,0.16666666666666674,0.8999999999999999,0.8333333333333335
0.6153846153846154,0.6428571428571428,0.5789473684210527,0.16666666666666674,0.8999999999999999,0.8333333333333335
0.6538461538461539,0.6428571428571428,0.5789473684210527,0.16666666666666674,0.8999999999999999,0.8333333333333335
0.6923076923076924,0.6428571428571428,0.5789473684210527,0.16666666666666674,0.8999999999999999,0.8333333333333335
0.7307692307692308,0.6428571428571428,0.5789473684210527,0.16666666666666674,0.8999999999999999,0.8333333333333335
0.7692307692307693,0.6428571428571428,0.5789473684210527,0.16666666666666674,0.8999999999999999,0.8333333333333335
0.46153846153846156,0.7142857142857142,0.3684210526315789,0.33333333333333326,1.0,0.5
0.5,0.7142857142857142,0.3684210526315789,0.33333333333333326,1.0,0.5
0.5384615384615384,0.7142857142857142,0.3684210526315789,0.33333333333333326,1.0,0.5
0.576923076923077,0.7142857142857142,0.3684210526315789,0.33333333333333326,1.0,0.5
0.6153846153846154,0.7142857142857142,0.3684210526315789,0.33333333333333326,1.0,0.5
0.6538461538461539,0.7142857142857142,0.3684210526315789,0.33333333333333326,1.0,0.5
0.6923076923076924,0.7142857142857142,0.3684210526315789,0.33333333333333326,1.0,0.5
0.7307692307692308,0.7142857142857142,0.3684210526315789,0.33333333333333326,1.0,0.5
0.7692307692307693,0.7142857142857142,0.3684210526315789,0.33333333333333326,1.0,0.5
0.46153846153846156,0.5714285714285714,0.5789473684210527,0.16666666666666674,0.7,0.5
0.5,0.5714285714285714,0.5789473684210527,0.16666666666666674,0.7,0.5
0.5384615384615384,0.5714285714285714,0.5789473684210527,0.16666666666666674,0.7,0.5
0.576923076923077,0.5714285714285714,0.5789473684210527,0.16666666666666674,0.7,0.5
0.6153846153846154,0.5714285714285714,0.5789473684210527,0.16666666666666674,0.7,0.5
0.6538461538461539,0.5714285714285714,0.5789473684210527,0.16666666666666674,0.7,0.5
0.6923076923076924,0.5714285714285714,0.5789473684210527,0.16666666666666674,0.7,0.5
0.7307692307692308,0.5714285714285714,0.5789473684210527,0.16666666666666674,0.7,0.5
0.7692307692307693,0.5714285714285714,0.5789473684210527,0.16666666666666674,0.7,0.5
0.46153846153846156,0.6428571428571428,0.3684210526315789,0.33333333333333326,0.8,0.6666666666666667
0.5,0.6428571428571428,0.3684210526315789,0.33333333333333326,0.8,0.6666666666666667
0.5384615384615384,0.6428571428571428,0.3684210526315789,0.33333333333333326,0.8,0.6666666666666667
0.576923076923077,0.6428571428571428,0.3684210526315789,0.33333333333333326,0.8,0.6666666666666667
0.6153846153846154,0.6428571428571428,0.3684210526315789,0.33333333333333326,0.8,0.6666666666666667
0.6538461538461539,0.6428571428571428,0.3684210526315789,0.33333333333333326,0.8,0.6666666666666667
0.6923076923076924,0.6428571428571428,0.3684210526315789,0.33333333333333326,0.8,0.6666666666666667
0.7307692307692308,0.6428571428571428,0.3684210526315789,0.33333333333333326,0.8,0.6666666666666667
0.7692307692307693,0.6428571428571428,0.3684210526315789,0.33333333333333326,0.8,0.6666666666666667
0.46153846153846156,0.7142857142857142,0.42105263157894735,0.4999999999999998,0.8999999999999999,0.8333333333333335
0.5,0.7142857142857142,0.42105263157894735,0.4999999999999998,0.8999999999999999,0.8333333333333335
0.5384615384615384,0.7142857142857142,0.42105263157894735,0.4999999999999998,0.8999999999999999,0.8333333333333335
0.576923076923077,0.7142857142857142,0.42105263157894735,0.4999999999999998,0.8999999999999999,0.8333333333333335
0.6153846153846154,0.7142857142857142,0.42105263157894735,0.4999999999999998,0.8999999999999999,0.8333333333333335
0.6538461538461539,0.7142857142857142,0.42105263157894735,0.4999999999999998,0.8999999999999999,0.8333333333333335
0.6923076923076924,0.7142857142857142,0.42105263157894735,0.4999999999999998,0.8999999999999999,0.8333333333333335
0.7307692307692308,0.7142857142857142,0.42105263157894735,0.4999999999999998,0.8999999999999999,0.8333333333333335
0.7692307692307693,0.7142857142857142,0.42105263157894735,0.4999999999999998,0.8999999999999999,0.8333333333333335
0.46153846153846156,0.42857142857142855,0.5263157894736843,0.6666666666666667,1.0,0.5
0.5,0.42857142857142855,0.5263157894736843,0.6666666666666667,1.0,0.5
0.5384615384615384,0.42857142857142855,0.5263157894736843,0.6666666666666667,1.0,0.5
0.576923076923077,0.42857142857142855,0.5263157894736843,0.6666666666666667,1.0,0.5
0.6153846153846154,0.42857142857142855,0.5263157894736843,0.6666666666666667,1.0,0.5
0.6538461538461539,0.42857142857142855,0.5263157894736843,0.6666666666666667,1.0,0.5
0.6923076923076924,0.42857142857142855,0.5263157894736843,0.6666666666666667,1.0,0.5
0.7307692307692308,0.42857142857142855,0.5263157894736843,0.6666666666666667,1.0,0.5
0.7692307692307693,0.42857142857142855,0.5263157894736843,0.6666666666666667,1.0,0.5
0.46153846153846156,0.6428571428571428,0.42105263157894735,0.4999999999999998,0.7,0.5
0.5,0.6428571428571428,0.42105263157894735,0.4999999999999998,0.7,0.5
0.5384615384615384,0.6428571428571428,0.42105263157894735,0.4999999999999998,0.7,0.5
0.576923076923077,0.6428571428571428,0.42105263157894735,0.4999999999999998,0.7,0.5
0.6153846153846154,0.6428571428571428,0.42105263157894735,0.4999999999999998,0.7,0.5
0.6538461538461539,0.6428571428571428,0.42105263157894735,0.4999999999999998,0.7,0.5
0.6923076923076924,0.6428571428571428,0.42105263157894735,0.4999999999999998,0.7,0.5
0.7307692307692308,0.6428571428571428,0.42105263157894735,0.4999999999999998,0.7,0.5
0.7692307692307693,0.6428571428571428,0.42105263157894735,0.4999999999999998,0.7,0.5
0.46153846153846156,0.7142857142857142,0.47368421052631576,0.6666666666666667,0.8,0.6666666666666667
0.5,0.7142857142857142,0.47368421052631576,0.6666666666666667,0.8,0.6666666666666667
0.5384615384615384,0.7142857142857142,0.47368421052631576,0.6666666666666667,0.8,0.6666666666666667
0.576923076923077,0.7142857142857142,0.47368421052631576,0.6666666666666667,0.8,0.6666666666666667
0.6153846153846154,0.7142857142857142,0.47368421052631576,0.6666666666666667,0.8,0.6666666666666667
0.6538461538461539,0.7142857142857142,0.47368421052631576,0.6666666666666667,0.8,0.6666666666666667
0.6923076923076924,0.7142857142857142,0.47368421052631576,0.6666666666666667,0.8,0.6666666666666667
0.7307692307692308,0.7142857142857142,0.47368421052631576,0.6666666666666667,0.8,0.6666666666666667
0.7692307692307693,0.7142857142857142,0.47368421052631576,0.6666666666666667,0.8,0.6666666666666667
0.46153846153846156,0.42857142857142855,0.5789473684210527,0.16666666666666674,0.8999999999999999,0.8333333333333335
0.5,0.42857142857142855,0.5789473684210527,0.16666666666666674,0.8999999999999999,0.8333333333333335
0.5384615384615384,0.42857142857142855,0.5789473684210527,0.16666666666666674,0.8999999999999999,0.8333333333333335
0.576923076923077,0.42857142857142855,0.5789473684210527,0.16666666666666674,0.8999999999999999,0.8333333333333335
0.6153846153846154,0.42857142857142855,0.5789473684210527,0.16666666666666674,0.8999999999999999,0.8333333333333335
0.6538461538461539,0.42857142857142855,0.5789473684210527,0.16666666666666674,0.8999999999999999,0.8333333333333335
0.6923076923076924,0.42857142857142855,0.5789473684210527,0.16666666666666674,0.8999999999999999,0.8333333333333335
0.7307692307692308,0.42857142857142855,0.5789473684210527,0.16666666666666674,0.8999999999999999,0.8333333333333335
0.7692307692307693,0.42857142857142855,0.5789473684210527,0.16666666666666674,0.8999999999999999,0.8333333333333335
0.46153846153846156,0.49999999999999994,0.3684210526315789,0.33333333333333326,1.0,0.5
0.5,0.49999999999999994,0.3684210526315789,0.33333333333333326,1.0,0.5
0.5384615384615384,0.49999999999999994,0.3684210526315789,0.33333333333333326,1.0,0.5
0.576923076923077,0.49999999999999994,0.3684210526315789,0.33333333333333326,1.0,0.5
0.6153846153846154,0.49999999999999994,0.3684210526315789,0.33333333333333326,1.0,0.5
0.6538461538461539,0.49999999999999994,0.3684210526315789,0.33333333333333326,1.0,0.5
0.6923076923076924,0.49999999999999994,0.3684210526315789,0.33333333333333326,1.0,0.5
0.7307692307692308,0.49999999999999994,0.3684210526315789,0.33333333333333326,1.0,0.5
0.7692307692307693,0.49999999999999994,0.3684210526315789,0.33333333333333326,1.0,0.5
0.46153846153846156,0.7142857142857142,0.5263157894736843,0.16666666666666674,0.7,0.3333333333333333
0.5,0.7142857142857142,0.5263157894736843,0.16666666666666674,0.7,0.3333333333333333
0.5384615384615384,0.7142857142857142,0.5263157894736843,0.16666666666666674,0.7,0.3333333333333333
0.576923076923077,0.7142857142857142,0.5263157894736843,0.16666666666666674,0.7,0.3333333333333333
0.6153846153846154,0.7142857142857142,0.5263157894736843,0.16666666666666674,0.7,0.3333333333333333
0.6538461538461539,0.7142857142857142,0.5263157894736843,0.16666666666666674,0.7,0.3333333333333333
0.6923076923076924,0.7142857142857142,0.5263157894736843,0.16666666666666674,0.7,0.3333333333333333
0.7307692307692308,0.7142857142857142,0.5263157894736843,0.16666666666666674,0.7,0.3333333333333333
0.7692307692307693,0.7142857142857142,0.5263157894736843,0.16666666666666674,0.7,0.3333333333333333
0.15384615384615385,0.14285714285714285,0.15789473684210525,0.16666666666666674,0.10000000000000003,0.5
0.1923076923076923,0.14285714285714285,0.15789473684210525,0.16666666666666674,0.10000000000000003,0.5
0.23076923076923078,0.14285714285714285,0.15789473684210525,0.16666666666666674,0.10000000000000003,0.5
0.2692307692307693,0.14285714285714285,0.15789473684210525,0.16666666666666674,0.10000000000000003,0.5
0.3076923076923077,0.14285714285714285,0.15789473684210525,0.16666666666666674,0.10000000000000003,0.5
0.15384615384615385,0.2142857142857143,0.21052631578947367,0.33333333333333326,0.2,0.6666666666666667
0.1923076923076923,0.2142857142857143,0.21052631578947367,0.33333333333333326,0.2,0.6666666666666667
0.23076923076923078,0.2142857142857143,0.21052631578947367,0.33333333333333326,0.2,0.6666666666666667
0.2692307692307693,0.2142857142857143,0.21052631578947367,0.33333333333333326,0.2,0.6666666666666667
0.3076923076923077,0.2142857142857143,0.21052631578947367,0.33333333333333326,0.2,0.6666666666666667
0.15384615384615385,0.2857142857142857,0.2631578947368421,0.4999999999999998,0.3,0.8333333333333335
0.1923076923076923,0.2857142857142857,0.2631578947368421,0.4999999999999998,0.3,0.8333333333333335
0.23076923076923078,0.2857142857142857,0.2631578947368421,0.4999999999999998,0.3,0.8333333333333335
0.2692307692307693,0.2857142857142857,0.2631578947368421,0.4999999999999998,0.3,0.8333333333333335
0.3076923076923077,0.2857142857142857,0.2631578947368421,0.4999999999999998,0.3,0.8333333333333335
0.15384615384615385,0.35714285714285715,0.3157894736842105,0.6666666666666667,0.10000000000000003,0.5
0.1923076923076923,0.35714285714285715,0.3157894736842105,0.6666666666666667,0.10000000000000003,0.5
0.23076923076923078,0.35714285714285715,0.3157894736842105,0.6666666666666667,0.10000000000000003,0.5
0.2692307692307693,0.35714285714285715,0.3157894736842105,0.6666666666666667,0.10000000000000003,0.5
0.3076923076923077,0.35714285714285715,0.3157894736842105,0.6666666666666667,0.10000000000000003,0.5
0.15384615384615385,0.42857142857142855,0.3684210526315789,0.16666666666666674,0.2,0.6666666666666667
0.1923076923076923,0.42857142857142855,0.3684210526315789,0.16666666666666674,0.2,0.6666666666666667
0.23076923076923078,0.42857142857142855,0.3684210526315789,0.16666666666666674,0.2,0.6666666666666667
0.2692307692307693,0.42857142857142855,0.3684210526315789,0.16666666666666674,0.2,0.6666666666666667
0.3076923076923077,0.42857142857142855,0.3684210526315789,0.16666666666666674,0.2,0.6666666666666667
0.15384615384615385,0.14285714285714285,0.21052631578947367,0.33333333333333326,0.3,0.8333333333333335
0.1923076923076923,0.14285714285714285,0.21052631578947367,0.33333333333333326,0.3,0.8333333333333335
0.23076923076923078,0.14285714285714285,0.21052631578947367,0.33333333333333326,0.3,0.8333333333333335
0.2692307692307693,0.14285714285714285,0.21052631578947367,0.33333333333333326,0.3,0.8333333333333335
0.3076923076923077,0.14285714285714285,0.21052631578947367,0.33333333333333326,0.3,0.8333333333333335
0.15384615384615385,0.2142857142857143,0.2631578947368421,0.4999999999999998,0.10000000000000003,0.5
0.1923076923076923,0.2142857142857143,0.2631578947368421,0.4999999999999998,0.10000000000000003,0.5
0.23076923076923078,0.2142857142857143,0.2631578947368421,0.4999999999999998,0.10000000000000003,0.5
0.2692307692307693,0.2142857142857143,0.2631578947368421,0.4999999999999998,0.10000000000000003,0.5
0.3076923076923077,0.2142857142857143,0.2631578947368421,0.4999999999999998,0.10000000000000003,0.5
0.15384615384615385,0.2857142857142857,0.3157894736842105,0.6666666666666667,0.2,0.6666666666666667
0.1923076923076923,0.2857142857142857,0.3157894736842105,0.6666666666666667,0.2,0.6666666666666667
0.23076923076923078,0.2857142857142857,0.3157894736842105,0.6666666666666667,0.2,0.6666666666666667
0.2692307692307693,0.2857142857142857,0.3157894736842105,0.6666666666666667,0.2,0.6666666666666667
0.3076923076923077,0.2857142857142857,0.3157894736842105,0.6666666666666667,0.2,0.6666666666666667
0.15384615384615385,0.35714285714285715,0.3684210526315789,0.16666666666666674,0.3,0.8333333333333335
0.1923076923076923,0.35714285714285715,0.3684210526315789,0.16666666666666674,0.3,0.8333333333333335
0.23076923076923078,0.35714285714285715,0.3684210526315789,0.16666666666666674,0.3,0.8333333333333335
0.2692307692307693,0.35714285714285715,0.3684210526315789,0.16666666666666674,0.3,0.8333333333333335
0.3076923076923077,0.35714285714285715,0.3684210526315789,0.16666666666666674,0.3,0.8333333333333335
0.15384615384615385,0.42857142857142855,0.15789473684210525,0.33333333333333326,0.10000000000000003,0.5
0.1923076923076923,0.42857142857142855,0.15789473684210525,0.33333333333333326,0.10000000000000003,0.5
0.23076923076923078,0.42857142857142855,0.15789473684210525,0.33333333333333326,0.10000000000000003,0.5
0.2692307692307693,0.42857142857142855,0.15789473684210525,0.33333333333333326,0.10000000000000003,0.5
0.3076923076923077,0.42857142857142855,0.15789473684210525,0.33333333333333326,0.10000000000000003,0.5
0.15384615384615385,0.14285714285714285,0.2631578947368421,0.4999999999999998,0.2,0.6666666666666667
0.1923076923076923,0.14285714285714285,0.2631578947368421,0.4999999999999998,0.2,0.6666666666666667
0.23076923076923078,0.14285714285714285,0.2631578947368421,0.4999999999999998,0.2,0.6666666666666667
0.2692307692307693,0.14285714285714285,0.2631578947368421,0.4999999999999998,0.2,0.6666666666666667
0.3076923076923077,0.14285714285714285,0.2631578947368421,0.4999999999999998,0.2,0.6666666666666667
0.15384615384615385,0.2142857142857143,0.3157894736842105,0.6666666666666667,0.3,0.8333333333333335
0.1923076923076923,0.2142857142857143,0.3157894736842105,0.6666666666666667,0.3,0.8333333333333335
0.23076923076923078,0.2142857142857143,0.3157894736842105,0.6666666666666667,0.3,0.8333333333333335
0.2692307692307693,0.2142857142857143,0.3157894736842105,0.6666666666666667,0.3,0.8333333333333335
0.3076923076923077,0.2142857142857143,0.3157894736842105,0.6666666666666667,0.3,0.8333333333333335
0.15384615384615385,0.2857142857142857,0.3684210526315789,0.16666666666666674,0.10000000000000003,0.5
0.1923076923076923,0.2857142857142857,0.3684210526315789,0.16666666666666674,0.10000000000000003,0.5
0.23076923076923078,0.2857142857142857,0.3684210526315789,0.16666666666666674,0.10000000000000003,0.5
0.2692307692307693,0.2857142857142857,0.3684210526315789,0.16666666666666674,0.10000000000000003,0.5
0.3076923076923077,0.2857142857142857,0.3684210526315789,0.16666666666666674,0.10000000000000003,0.5
0.15384615384615385,0.35714285714285715,0.15789473684210525,0.33333333333333326,0.2,0.6666666666666667
0.1923076923076923,0.35714285714285715,0.15789473684210525,0.33333333333333326,0.2,0.6666666666666667
0.23076923076923078,0.35714285714285715,0.15789473684210525,0.33333333333333326,0.2,0.6666666666666667
0.2692307692307693,0.35714285714285715,0.15789473684210525,0.33333333333333326,0.2,0.6666666666666667
0.3076923076923077,0.35714285714285715,0.15789473684210525,0.33333333333333326,0.2,0.6666666666666667
0.15384615384615385,0.42857142857142855,0.21052631578947367,0.4999999999999998,0.3,0.8333333333333335
0.1923076923076923,0.42857142857142855,0.21052631578947367,0.4999999999999998,0.3,0.8333333333333335
0.23076923076923078,0.42857142857142855,0.21052631578947367,0.4999999999999998,0.3,0.8333333333333335
0.2692307692307693,0.42857142857142855,0.21052631578947367,0.4999999999999998,0.3,0.8333333333333335
0.3076923076923077,0.42857142857142855,0.21052631578947367,0.4999999999999998,0.3,0.8333333333333335
0.15384615384615385,0.14285714285714285,0.3157894736842105,0.6666666666666667,0.10000000000000003,0.5
0.1923076923076923,0.14285714285714285,0.3157894736842105,0.6666666666666667,0.10000000000000003,0.5
0.23076923076923078,0.14285714285714285,0.3157894736842105,0.6666666666666667,0.10000000000000003,0.5
0.2692307692307693,0.14285714285714285,0.3157894736842105,0.6666666666666667,0.10000000000000003,0.5
0.3076923076923077,0.14285714285714285,0.3157894736842105,0.6666666666666667,0.10000000000000003,0.5
0.15384615384615385,0.2142857142857143,0.3684210526315789,0.16666666666666674,0.2,0.6666666666666667
0.1923076923076923,0.2142857142857143,0.3684210526315789,0.16666666666666674,0.2,0.6666666666666667
0.23076923076923078,0.2142857142857143,0.3684210526315789,0.16666666666666674,0.2,0.6666666666666667
0.2692307692307693,0.2142857142857143,0.3684210526315789,0.16666666666666674,0.2,0.6666666666666667
0.3076923076923077,0.2142857142857143,0.3684210526315789,0.16666666666666674,0.2,0.6666666666666667
0.15384615384615385,0.2857142857142857,0.15789473684210525,0.33333333333333326,0.3,0.8333333333333335
0.1923076923076923,0.2857142857142857,0.15789473684210525,0.33333333333333326,0.3,0.8333333333333335
0.23076923076923078,0.2857142857142857,0.15789473684210525,0.33333333333333326,0.3,0.8333333333333335
0.2692307692307693,0.2857142857142857,0.15789473684210525,0.33333333333333326,0.3,0.8333333333333335
0.3076923076923077,0.2857142857142857,0.15789473684210525,0.33333333333333326,0.3,0.8333333333333335
0.15384615384615385,0.35714285714285715,0.21052631578947367,0.4999999999999998,0.10000000000000003,0.5
0.1923076923076923,0.35714285714285715,0.21052631578947367,0.4999999999999998,0.10000000000000003,0.5
0.23076923076923078,0.35714285714285715,0.21052631578947367,0.4999999999999998,0.10000000000000003,0.5
0.2692307692307693,0.35714285714285715,0.21052631578947367,0.4999999999999998,0.10000000000000003,0.5
0.3076923076923077,0.35714285714285715,0.21052631578947367,0.4999999999999998,0.10000000000000003,0.5
0.15384615384615385,0.42857142857142855,0.2631578947368421,0.6666666666666667,0.2,0.6666666666666667
0.1923076923076923,0.42857142857142855,0.2631578947368421,0.6666666666666667,0.2,0.6666666666666667
0.23076923076923078,0.42857142857142855,0.2631578947368421,0.6666666666666667,0.2,0.6666666666666667
0.2692307692307693,0.42857142857142855,0.2631578947368421,0.6666666666666667,0.2,0.6666666666666667
0.3076923076923077,0.42857142857142855,0.2631578947368421,0.6666666666666667,0.2,0.6666666666666667
0.15384615384615385,0.14285714285714285,0.3684210526315789,0.16666666666666674,0.3,0.8333333333333335
0.1923076923076923,0.14285714285714285,0.3684210526315789,0.16666666666666674,0.3,0.8333333333333335
0.23076923076923078,0.14285714285714285,0.3684210526315789,0.16666666666666674,0.3,0.8333333333333335
0.2692307692307693,0.14285714285714285,0.3684210526315789,0.16666666666666674,0.3,0.8333333333333335
0.3076923076923077,0.14285714285714285,0.3684210526315789,0.16666666666666674,0.3,0.8333333333333335
0.15384615384615385,0.2142857142857143,0.15789473684210525,0.33333333333333326,0.10000000000000003,0.5
0.1923076923076923,0.2142857142857143,0.15789473684210525,0.33333333333333326,0.10000000000000003,0.5
0.23076923076923078,0.2142857142857143,0.15789473684210525,0.33333333333333326,0.10000000000000003,0.5
0.2692307692307693,0.2142857142857143,0.15789473684210525,0.33333333333333326,0.10000000000000003,0.5
0.3076923076923077,0.2142857142857143,0.15789473684210525,0.33333333333333326,0.10000000000000003,0.5
0.15384615384615385,0.2857142857142857,0.21052631578947367,0.4999999999999998,0.2,0.6666666666666667
0.1923076923076923,0.2857142857142857,0.21052631578947367,0.4999999999999998,0.2,0.6666666666666667
0.23076923076923078,0.2857142857142857,0.21052631578947367,0.4999999999999998,0.2,0.6666666666666667
0.2692307692307693,0.2857142857142857,0.21052631578947367,0.4999999999999998,0.2,0.6666666666666667
0.3076923076923077,0.2857142857142857,0.21052631578947367,0.4999999999999998,0.2,0.6666666666666667
0.15384615384615385,0.35714285714285715,0.2631578947368421,0.6666666666666667,0.3,0.8333333333333335
0.1923076923076923,0.35714285714285715,0.2631578947368421,0.6666666666666667,0.3,0.8333333333333335
0.23076923076923078,0.35714285714285715,0.2631578947368421,0.6666666666666667,0.3,0.8333333333333335
0.2692307692307693,0.35714285714285715,0.2631578947368421,0.6666666666666667,0.3,0.8333333333333335
0.3076923076923077,0.35714285714285715,0.2631578947368421,0.6666666666666667,0.3,0.8333333333333335
0.15384615384615385,0.42857142857142855,0.3157894736842105,0.16666666666666674,0.10000000000000003,0.5
0.1923076923076923,0.42857142857142855,0.3157894736842105,0.16666666666666674,0.10000000000000003,0.5
0.23076923076923078,0.42857142857142855,0.3157894736842105,0.16666666666666674,0.10000000000000003,0.5
0.2692307692307693,0.42857142857142855,0.3157894736842105,0.16666666666666674,0.10000000000000003,0.5
0.3076923076923077,0.42857142857142855,0.3157894736842105,0.16666666666666674,0.10000000000000003,0.5
0.15384615384615385,0.42857142857142855,0.5789473684210527,0.0,0.6000000000000001,0.3333333333333333
0.1923076923076923,0.42857142857142855,0.5789473684210527,0.0,0.6000000000000001,0.3333333333333333
0.23076923076923078,0.42857142857142855,0.5789473684210527,0.0,0.6000000000000001,0.3333333333333333
0.2692307692307693,0.42857142857142855,0.5789473684210527,0.0,0.6000000000000001,0.3333333333333333
0.3076923076923077,0.42857142857142855,0.5789473684210527,0.0,0.6000000000000001,0.3333333333333333
0.15384615384615385,0.49999999999999994,0.631578947368421,0.16666666666666674,0.7,0.5
0.1923076923076923,0.49999999999999994,0.631578947368421,0.16666666666666674,0.7,0.5
0.23076923076923078,0.49999999999999994,0.631578947368421,0.16666666666666674,0.7,0.5
0.2692307692307693,0.49999999999999994,0.631578947368421,0.16666666666666674,0.7,0.5
0.3076923076923077,0.49999999999999994,0.631578947368421,0.16666666666666674,0.7,0.5
0.15384615384615385,0.5714285714285714,0.6842105263157894,0.33333333333333326,0.6000000000000001,0.6666666666666667
0.1923076923076923,0.5714285714285714,0.6842105263157894,0.33333333333333326,0.6000000000000001,0.6666666666666667
0.23076923076923078,0.5714285714285714,0.6842105263157894,0.33333333333333326,0.6000000000000001,0.6666666666666667
0.2692307692307693,0.5714285714285714,0.6842105263157894,0.33333333333333326,0.6000000000000001,0.6666666666666667
0.3076923076923077,0.5714285714285714,0.6842105263157894,0.33333333333333326,0.6000000000000001,0.6666666666666667
0.15384615384615385,0.6428571428571428,0.736842105263158,0.0,0.7,0.8333333333333335
0.1923076923076923,0.6428571428571428,0.736842105263158,0.0,0.7,0.8333333333333335
0.23076923076923078,0.6428571428571428,0.736842105263158,0.0,0.7,0.8333333333333335
0.2692307692307693,0.6428571428571428,0.736842105263158,0.0,0.7,0.8333333333333335
0.3076923076923077,0.6428571428571428,0.736842105263158,0.0,0.7,0.8333333333333335
0.15384615384615385,0.7142857142857142,0.7894736842105263,0.16666666666666674,0.6000000000000001,0.3333333333333333
0.1923076923076923,0.7142857142857142,0.7894736842105263,0.16666666666666674,0.6000000000000001,0.3333333333333333
0.23076923076923078,0.7142857142857142,0.7894736842105263,0.16666666666666674,0.6000000000000001,0.3333333333333333
0.2692307692307693,0.7142857142857142,0.7894736842105263,0.16666666666666674,0.6000000000000001,0.3333333333333333
0.3076923076923077,0.7142857142857142,0.7894736842105263,0.16666666666666674,0.6000000000000001,0.3333333333333333
0.15384615384615385,0.42857142857142855,0.631578947368421,0.33333333333333326,0.7,0.5
0.1923076923076923,0.42857142857142855,0.631578947368421,0.33333333333333326,0.7,0.5
0.23076923076923078,0.42857142857142855,0.631578947368421,0.33333333333333326,0.7,0.5
0.2692307692307693,0.42857142857142855,0.631578947368421,0.33333333333333326,0.7,0.5
0.3076923076923077,0.42857142857142855,0.631578947368421,0.33333333333333326,0.7,0.5
0.15384615384615385,0.49999999999999994,0.6842105263157894,0.0,0.6000000000000001,0.6666666666666667
0.1923076923076923,0.49999999999999994,0.6842105263157894,0.0,0.6000000000000001,0.6666666666666667
0.23076923076923078,0.49999999999999994,0.6842105263157894,0.0,0.6000000000000001,0.6666666666666667
0.2692307692307693,0.49999999999999994,0.6842105263157894,0.0,0.6000000000000001,0.6666666666666667
0.3076923076923077,0.49999999999999994,0.6842105263157894,0.0,0.6000000000000001,0.6666666666666667
0.15384615384615385,0.5714285714285714,0.736842105263158,0.16666666666666674,0.7,0.8333333333333335
0.1923076923076923,0.5714285714285714,0.736842105263158,0.16666666666666674,0.7,0.8333333333333335
0.23076923076923078,0.5714285714285714,0.736842105263158,0.16666666666666674,0.7,0.8333333333333335
0.2692307692307693,0.5714285714285714,0.736842105263158,0.16666666666666674,0.7,0.8333333333333335
0.3076923076923077,0.5714285714285714,0.736842105263158,0.16666666666666674,0.7,0.8333333333333335
0.15384615384615385,0.6428571428571428,0.7894736842105263,0.33333333333333326,0.6000000000000001,0.3333333333333333
0.1923076923076923,0.6428571428571428,0.7894736842105263,0.33333333333333326,0.6000000000000001,0.3333333333333333
0.23076923076923078,0.6428571428571428,0.7894736842105263,0.33333333333333326,0.6000000000000001,0.3333333333333333
0.2692307692307693,0.6428571428571428,0.7894736842105263,0.33333333333333326,0.6000000000000001,0.3333333333333333
0.3076923076923077,0.6428571428571428,0.7894736842105263,0.33333333333333326,0.6000000000000001,0.3333333333333333
0.15384615384615385,0.7142857142857142,0.5789473684210527,0.0,0.7,0.5
0.1923076923076923,0.7142857142857142,0.5789473684210527,0.0,0.7,0.5
0.23076923076923078,0.7142857142857142,0.5789473684210527,0.0,0.7,0.5
0.2692307692307693,0.7142857142857142,0.5789473684210527,0.0,0.7,0.5
0.3076923076923077,0.7142857142857142,0.5789473684210527,0.0,0.7,0.5
0.15384615384615385,0.42857142857142855,0.6842105263157894,0.16666666666666674,0.6000000000000001,0.6666666666666667
0.1923076923076923,0.42857142857142855,0.6842105263157894,0.16666666666666674,0.6000000000000001,0.6666666666666667
0.23076923076923078,0.42857142857142855,0.6842105263157894,0.16666666666666674,0.6000000000000001,0.6666666666666667
0.2692307692307693,0.42857142857142855,0.6842105263157894,0.16666666666666674,0.6000000000000001,0.6666666666666667
0.3076923076923077,0.42857142857142855,0.6842105263157894,0.16666666666666674,0.6000000000000001,0.6666666666666667
0.15384615384615385,0.49999999999999994,0.736842105263158,0.33333333333333326,0.7,0.8333333333333335
0.1923076923076923,0.49999999999999994,0.736842105263158,0.33333333333333326,0.7,0.8333333333333335
0.23076923076923078,0.49999999999999994,0.736842105263158,0.33333333333333326,0.7,0.8333333333333335
0.2692307692307693,0.49999999999999994,0.736842105263158,0.33333333333333326,0.7,0.8333333333333335
0.3076923076923077,0.49999999999999994,0.736842105263158,0.33333333333333326,0.7,0.8333333333333335
0.15384615384615385,0.5714285714285714,0.7894736842105263,0.0,0.6000000000000001,0.3333333333333333
0.1923076923076923,0.5714285714285714,0.7894736842105263,0.0,0.6000000000000001,0.3333333333333333
0.23076923076923078,0.5714285714285714,0.7894736842105263,0.0,0.6000000000000001,0.3333333333333333
0.2692307692307693,0.5714285714285714,0.7894736842105263,0.0,0.6000000000000001,0.3333333333333333
0.3076923076923077,0.5714285714285714,0.7894736842105263,0.0,0.6000000000000001,0.3333333333333333
0.15384615384615385,0.6428571428571428,0.5789473684210527,0.16666666666666674,0.7,0.5
0.1923076923076923,0.6428571428571428,0.5789473684210527,0.16666666666666674,0.7,0.5
0.23076923076923078,0.6428571428571428,0.5789473684210527,0.16666666666666674,0.7,0.5
0.2692307692307693,0.6428571428571428,0.5789473684210527,0.16666666666666674,0.7,0.5
0.3076923076923077,0.6428571428571428,0.5789473684210527,0.16666666666666674,0.7,0.5
0.15384615384615385,0.7142857142857142,0.631578947368421,0.33333333333333326,0.6000000000000001,0.6666666666666667
0.1923076923076923,0.7142857142857142,0.631578947368421,0.33333333333333326,0.6000000000000001,0.6666666666666667
0.23076923076923078,0.7142857142857142,0.631578947368421,0.33333333333333326,0.6000000000000001,0.6666666666666667
0.2692307692307693,0.7142857142857142,0.631578947368421,0.33333333333333326,0.6000000000000001,0.6666666666666667
0.3076923076923077,0.7142857142857142,0.631578947368421,0.33333333333333326,0.6000000000000001,0.6666666666666667
0.15384615384615385,0.42857142857142855,0.736842105263158,0.0,0.7,0.8333333333333335
0.1923076923076923,0.42857142857142855,0.736842105263158,0.0,0.7,0.8333333333333335
0.23076923076923078,0.42857142857142855,0.736842105263158,0.0,0.7,0.8333333333333335
0.2692307692307693,0.42857142857142855,0.736842105263158,0.0,0.7,0.8333333333333335
0.3076923076923077,0.42857142857142855,0.736842105263158,0.0,0.7,0.8333333333333335
0.15384615384615385,0.49999999999999994,0.7894736842105263,0.16666666666666674,0.6000000000000001,0.3333333333333333
0.1923076923076923,0.49999999999999994,0.7894736842105263,0.16666666666666674,0.6000000000000001,0.3333333333333333
0.23076923076923078,0.49999999999999994,0.7894736842105263,0.16666666666666674,0.6000000000000001,0.3333333333333333
0.2692307692307693,0.49999999999999994,0.7894736842105263,0.16666666666666674,0.6000000000000001,0.3333333333333333
0.3076923076923077,0.49999999999999994,0.7894736842105263,0.16666666666666674,0.6000000000000001,0.3333333333333333
0.15384615384615385,0.5714285714285714,0.5789473684210527,0.33333333333333326,0.7,0.5
0.1923076923076923,0.5714285714285714,0.5789473684210527,0.33333333333333326,0.7,0.5
0.23076923076923078,0.5714285714285714,0.5789473684210527,0.33333333333333326,0.7,0.5
0.2692307692307693,0.5714285714285714,0.5789473684210527,0.33333333333333326,0.7,0.5
0.3076923076923077,0.5714285714285714,0.5789473684210527,0.33333333333333326,0.7,0.5
0.15384615384615385,0.6428571428571428,0.631578947368421,0.0,0.6000000000000001,0.6666666666666667
0.1923076923076923,0.6428571428571428,0.631578947368421,0.0,0.6000000000000001,0.6666666666666667
0.23076923076923078,0.6428571428571428,0.631578947368421,0.0,0.6000000000000001,0.6666666666666667
0.2692307692307693,0.6428571428571428,0.631578947368421,0.0,0.6000000000000001,0.6666666666666667
0.3076923076923077,0.6428571428571428,0.631578947368421,0.0,0.6000000000000001,0.6666666666666667
0.15384615384615385,0.7142857142857142,0.6842105263157894,0.16666666666666674,0.7,0.8333333333333335
0.1923076923076923,0.7142857142857142,0.6842105263157894,0.16666666666666674,0.7,0.8333333333333335
0.23076923076923078,0.7142857142857142,0.6842105263157894,0.16666666666666674,0.7,0.8333333333333335
0.2692307692307693,0.7142857142857142,0.6842105263157894,0.16666666666666674,0.7,0.8333333333333335
0.3076923076923077,0.7142857142857142,0.6842105263157894,0.16666666666666674,0.7,0.8333333333333335
0.15384615384615385,0.42857142857142855,0.7894736842105263,0.33333333333333326,0.6000000000000001,0.3333333333333333
0.1923076923076923,0.42857142857142855,0.7894736842105263,0.33333333333333326,0.6000000000000001,0.3333333333333333
0.23076923076923078,0.42857142857142855,0.7894736842105263,0.33333333333333326,0.6000000000000001,0.3333333333333333
0.2692307692307693,0.42857142857142855,0.7894736842105263,0.33333333333333326,0.6000000000000001,0.3333333333333333
0.3076923076923077,0.42857142857142855,0.7894736842105263,0.33333333333333326,0.6000000000000001,0.3333333333333333
0.15384615384615385,0.49999999999999994,0.5789473684210527,0.0,0.7,0.5
0.1923076923076923,0.49999999999999994,0.5789473684210527,0.0,0.7,0.5
0.23076923076923078,0.49999999999999994,0.5789473684210527,0.0,0.7,0.5
0.2692307692307693,0.49999999999999994,0.5789473684210527,0.0,0.7,0.5
0.3076923076923077,0.49999999999999994,0.5789473684210527,0.0,0.7,0.5
0.15384615384615385,0.5714285714285714,0.631578947368421,0.16666666666666674,0.6000000000000001,0.6666666666666667
0.1923076923076923,0.5714285714285714,0.631578947368421,0.16666666666666674,0.6000000000000001,0.6666666666666667
0.23076923076923078,0.5714285714285714,0.631578947368421,0.16666666666666674,0.6000000000000001,0.6666666666666667
0.2692307692307693,0.5714285714285714,0.631578947368421,0.16666666666666674,0.6000000000000001,0.6666666666666667
0.3076923076923077,0.5714285714285714,0.631578947368421,0.16666666666666674,0.6000000000000001,0.6666666666666667
0.15384615384615385,0.6428571428571428,0.6842105263157894,0.33333333333333326,0.7,0.8333333333333335
0.1923076923076923,0.6428571428571428,0.6842105263157894,0.33333333333333326,0.7,0.8333333333333335
0.23076923076923078,0.6428571428571428,0.6842105263157894,0.33333333333333326,0.7,0.8333333333333335
0.2692307692307693,0.6428571428571428,0.6842105263157894,0.33333333333333326,0.7,0.8333333333333335
0.3076923076923077,0.6428571428571428,0.6842105263157894,0.33333333333333326,0.7,0.8333333333333335
0.15384615384615385,0.7142857142857142,0.736842105263158,0.0,0.6000000000000001,0.3333333333333333
0.1923076923076923,0.7142857142857142,0.736842105263158,0.0,0.6000000000000001,0.3333333333333333
0.23076923076923078,0.7142857142857142,0.736842105263158,0.0,0.6000000000000001,0.3333333333333333
0.2692307692307693,0.7142857142857142,0.736842105263158,0.0,0.6000000000000001,0.3333333333333333
0.3076923076923077,0.7142857142857142,0.736842105263158,0.0,0.6000000000000001,0.3333333333333333
0.23076923076923078,0.5714285714285714,0.3684210526315789,0.0,0.6000000000000001,0.3333333333333333
0.2692307692307693,0.5714285714285714,0.3684210526315789,0.0,0.6000000000000001,0.3333333333333333
0.3076923076923077,0.5714285714285714,0.3684210526315789,0.0,0.6000000000000001,0.3333333333333333
0.23076923076923078,0.6428571428571428,0.42105263157894735,0.16666666666666674,0.7,0.5
0.2692307692307693,0.6428571428571428,0.42105263157894735,0.16666666666666674,0.7,0.5
0.3076923076923077,0.6428571428571428,0.42105263157894735,0.16666666666666674,0.7,0.5
0.23076923076923078,0.7142857142857142,0.47368421052631576,0.33333333333333326,0.6000000000000001,0.6666666666666667
0.2692307692307693,0.7142857142857142,0.47368421052631576,0.33333333333333326,0.6000000000000001,0.6666666666666667
0.3076923076923077,0.7142857142857142,0.47368421052631576,0.33333333333333326,0.6000000000000001,0.6666666666666667
0.23076923076923078,0.5714285714285714,0.42105263157894735,0.4999999999999998,0.7,0.3333333333333333
0.2692307692307693,0.5714285714285714,0.42105263157894735,0.4999999999999998,0.7,0.3333333333333333
0.3076923076923077,0.5714285714285714,0.42105263157894735,0.4999999999999998,0.7,0.3333333333333333
0.23076923076923078,0.6428571428571428,0.47368421052631576,0.6666666666666667,0.6000000000000001,0.5
0.2692307692307693,0.6428571428571428,0.47368421052631576,0.6666666666666667,0.6000000000000001,0.5
0.3076923076923077,0.6428571428571428,0.47368421052631576,0.6666666666666667,0.6000000000000001,0.5
0.23076923076923078,0.7142857142857142,0.3684210526315789,0.0,0.7,0.6666666666666667
0.2692307692307693,0.7142857142857142,0.3684210526315789,0.0,0.7,0.6666666666666667
0.3076923076923077,0.7142857142857142,0.3684210526315789,0.0,0.7,0.6666666666666667
0.23076923076923078,0.5714285714285714,0.47368421052631576,0.16666666666666674,0.6000000000000001,0.3333333333333333
0.2692307692307693,0.5714285714285714,0.47368421052631576,0.16666666666666674,0.6000000000000001,0.3333333333333333
0.3076923076923077,0.5714285714285714,0.47368421052631576,0.16666666666666674,0.6000000000000001,0.3333333333333333
0.23076923076923078,0.6428571428571428,0.3684210526315789,0.33333333333333326,0.7,0.5
0.2692307692307693,0.6428571428571428,0.3684210526315789,0.33333333333333326,0.7,0.5
0.3076923076923077,0.6428571428571428,0.3684210526315789,0.33333333333333326,0.7,0.5
0.23076923076923078,0.7142857142857142,0.42105263157894735,0.4999999999999998,0.6000000000000001,0.6666666666666667
0.2692307692307693,0.7142857142857142,0.42105263157894735,0.4999999999999998,0.6000000000000001,0.6666666666666667
0.3076923076923077,0.7142857142857142,0.42105263157894735,0.4999999999999998,0.6000000000000001,0.6666666666666667
0.3076923076923077,0.5714285714285714,0.47368421052631576,0.4999999999999998,0.4000000000000001,0.5
0.34615384615384615,0.5714285714285714,0.47368421052631576,0.4999999999999998,0.4000000000000001,0.5
0.3846153846153847,0.5714285714285714,0.47368421052631576,0.4999999999999998,0.4000000000000001,0.5
0.42307692307692313,0.5714285714285714,0.47368421052631576,0.4999999999999998,0.4000000000000001,0.5
0.46153846153846156,0.5714285714285714,0.47368421052631576,0.4999999999999998,0.4000000000000001,0.5
0.3076923076923077,0.6428571428571428,0.5263157894736843,0.6666666666666667,0.2,0.16666666666666669
0.34615384615384615,0.6428571428571428,0.5263157894736843,0.6666666666666667,0.2,0.16666666666666669
0.3846153846153847,0.6428571428571428,0.5263157894736843,0.6666666666666667,0.2,0.16666666666666669
0.42307692307692313,0.6428571428571428,0.5263157894736843,0.6666666666666667,0.2,0.16666666666666669
0.46153846153846156,0.6428571428571428,0.5263157894736843,0.6666666666666667,0.2,0.16666666666666669
0.3076923076923077,0.7142857142857142,0.5789473684210527,0.16666666666666674,0.3,0.3333333333333333
0.34615384615384615,0.7142857142857142,0.5789473684210527,0.16666666666666674,0.3,0.3333333333333333
0.3846153846153847,0.7142857142857142,0.5789473684210527,0.16666666666666674,0.3,0.3333333333333333
0.42307692307692313,0.7142857142857142,0.5789473684210527,0.16666666666666674,0.3,0.3333333333333333
0.46153846153846156,0.7142857142857142,0.5789473684210527,0.16666666666666674,0.3,0.3333333333333333
0.3076923076923077,0.42857142857142855,0.42105263157894735,0.33333333333333326,0.4000000000000001,0.5
0.34615384615384615,0.42857142857142855,0.42105263157894735,0.33333333333333326,0.4000000000000001,0.5
0.3846153846153847,0.42857142857142855,0.42105263157894735,0.33333333333333326,0.4000000000000001,0.5
0.42307692307692313,0.42857142857142855,0.42105263157894735,0.33333333333333326,0.4000000000000001,0.5
0.46153846153846156,0.42857142857142855,0.42105263157894735,0.33333333333333326,0.4000000000000001,0.5
0.3076923076923077,0.49999999999999994,0.47368421052631576,0.4999999999999998,0.2,0.16666666666666669
0.34615384615384615,0.49999999999999994,0.47368421052631576,0.4999999999999998,0.2,0.16666666666666669
0.3846153846153847,0.49999999999999994,0.47368421052631576,0.4999999999999998,0.2,0.16666666666666669
0.42307692307692313,0.49999999999999994,0.47368421052631576,0.4999999999999998,0.2,0.16666666666666669
0.46153846153846156,0.49999999999999994,0.47368421052631576,0.4999999999999998,0.2,0.16666666666666669
0.3076923076923077,0.5714285714285714,0.5263157894736843,0.6666666666666667,0.3,0.3333333333333333
0.34615384615384615,0.5714285714285714,0.5263157894736843,0.6666666666666667,0.3,0.3333333333333333
0.3846153846153847,0.5714285714285714,0.5263157894736843,0.6666666666666667,0.3,0.3333333333333333
0.42307692307692313,0.5714285714285714,0.5263157894736843,0.6666666666666667,0.3,0.3333333333333333
0.46153846153846156,0.5714285714285714,0.5263157894736843,0.6666666666666667,0.3,0.3333333333333333
0.3076923076923077,0.6428571428571428,0.5789473684210527,0.16666666666666674,0.4000000000000001,0.5
0.34615384615384615,0.6428571428571428,0.5789473684210527,0.16666666666666674,0.4000000000000001,0.5
0.3846153846153847,0.6428571428571428,0.5789473684210527,0.16666666666666674,0.4000000000000001,0.5
0.42307692307692313,0.6428571428571428,0.5789473684210527,0.16666666666666674,0.4000000000000001,0.5
0.46153846153846156,0.6428571428571428,0.5789473684210527,0.16666666666666674,0.4000000000000001,0.5
0.3076923076923077,0.7142857142857142,0.3684210526315789,0.33333333333333326,0.2,0.16666666666666669
0.34615384615384615,0.7142857142857142,0.3684210526315789,0.33333333333333326,0.2,0.16666666666666669
0.3846153846153847,0.7142857142857142,0.3684210526315789,0.33333333333333326,0.2,0.16666666666666669
0.42307692307692313,0.7142857142857142,0.3684210526315789,0.33333333333333326,0.2,0.16666666666666669
0.46153846153846156,0.7142857142857142,0.3684210526315789,0.33333333333333326,0.2,0.16666666666666669
0.3076923076923077,0.42857142857142855,0.47368421052631576,0.4999999999999998,0.3,0.3333333333333333
0.34615384615384615,0.42857142857142855,0.47368421052631576,0.4999999999999998,0.3,0.3333333333333333
0.3846153846153847,0.42857142857142855,0.47368421052631576,0.4999999999999998,0.3,0.3333333333333333
0.42307692307692313,0.42857142857142855,0.47368421052631576,0.4999999999999998,0.3,0.3333333333333333
0.46153846153846156,0.42857142857142855,0.47368421052631576,0.4999999999999998,0.3,0.3333333333333333
0.3076923076923077,0.49999999999999994,0.5263157894736843,0.6666666666666667,0.4000000000000001,0.5
0.34615384615384615,0.49999999999999994,0.5263157894736843,0.6666666666666667,0.4000000000000001,0.5
0.3846153846153847,0.49999999999999994,0.5263157894736843,0.6666666666666667,0.4000000000000001,0.5
0.42307692307692313,0.49999999999999994,0.5263157894736843,0.6666666666666667,0.4000000000000001,0.5
0.46153846153846156,0.49999999999999994,0.5263157894736843,0.6666666666666667,0.4000000000000001,0.5
0.3076923076923077,0.7142857142857142,0.42105263157894735,0.4999999999999998,0.4000000000000001,0.5
0.34615384615384615,0.7142857142857142,0.42105263157894735,0.4999999999999998,0.4000000000000001,0.5
0.3846153846153847,0.7142857142857142,0.42105263157894735,0.4999999999999998,0.4000000000000001,0.5
0.42307692307692313,0.7142857142857142,0.42105263157894735,0.4999999999999998,0.4000000000000001,0.5
0.46153846153846156,0.7142857142857142,0.42105263157894735,0.4999999999999998,0.4000000000000001,0.5
0.3076923076923077,0.42857142857142855,0.5263157894736843,0.6666666666666667,0.2,0.16666666666666669
0.34615384615384615,0.42857142857142855,0.5263157894736843,0.6666666666666667,0.2,0.16666666666666669
0.3846153846153847,0.42857142857142855,0.5263157894736843,0.6666666666666667,0.2,0.16666666666666669
0.42307692307692313,0.42857142857142855,0.5263157894736843,0.6666666666666667,0.2,0.16666666666666669
0.46153846153846156,0.42857142857142855,0.5263157894736843,0.6666666666666667,0.2,0.16666666666666669
0.3076923076923077,0.49999999999999994,0.5789473684210527,0.16666666666666674,0.3,0.3333333333333333
0.34615384615384615,0.49999999999999994,0.5789473684210527,0.16666666666666674,0.3,0.3333333333333333
0.3846153846153847,0.49999999999999994,0.5789473684210527,0.16666666666666674,0.3,0.3333333333333333
0.42307692307692313,0.49999999999999994,0.5789473684210527,0.16666666666666674,0.3,0.3333333333333333
0.46153846153846156,0.49999999999999994,0.5789473684210527,0.16666666666666674,0.3,0.3333333333333333
0.3076923076923077,0.5714285714285714,0.3684210526315789,0.33333333333333326,0.4000000000000001,0.5
0.34615384615384615,0.5714285714285714,0.3684210526315789,0.33333333333333326,0.4000000000000001,0.5
0.3846153846153847,0.5714285714285714,0.3684210526315789,0.33333333333333326,0.4000000000000001,0.5
0.42307692307692313,0.5714285714285714,0.3684210526315789,0.33333333333333326,0.4000000000000001,0.5
0.46153846153846156,0.5714285714285714,0.3684210526315789,0.33333333333333326,0.4000000000000001,0.5
0.3076923076923077,0.6428571428571428,0.42105263157894735,0.4999999999999998,0.2,0.16666666666666669
0.34615384615384615,0.6428571428571428,0.42105263157894735,0.4999999999999998,0.2,0.16666666666666669
0.3846153846153847,0.6428571428571428,0.42105263157894735,0.4999999999999998,0.2,0.16666666666666669
0.42307692307692313,0.6428571428571428,0.42105263157894735,0.4999999999999998,0.2,0.16666666666666669
0.46153846153846156,0.6428571428571428,0.42105263157894735,0.4999999999999998,0.2,0.16666666666666669
0.3076923076923077,0.7142857142857142,0.47368421052631576,0.6666666666666667,0.3,0.3333333333333333
0.34615384615384615,0.7142857142857142,0.47368421052631576,0.6666666666666667,0.3,0.3333333333333333
0.3846153846153847,0.7142857142857142,0.47368421052631576,0.6666666666666667,0.3,0.3333333333333333
0.42307692307692313,0.7142857142857142,0.47368421052631576,0.6666666666666667,0.3,0.3333333333333333
0.46153846153846156,0.7142857142857142,0.47368421052631576,0.6666666666666667,0.3,0.3333333333333333
0.3076923076923077,0.42857142857142855,0.5789473684210527,0.16666666666666674,0.4000000000000001,0.5
0.34615384615384615,0.42857142857142855,0.5789473684210527,0.16666666666666674,0.4000000000000001,0.5
0.3846153846153847,0.42857142857142855,0.5789473684210527,0.16666666666666674,0.4000000000000001,0.5
0.42307692307692313,0.42857142857142855,0.5789473684210527,0.16666666666666674,0.4000000000000001,0.5
0.46153846153846156,0.42857142857142855,0.5789473684210527,0.16666666666666674,0.4000000000000001,0.5
0.3076923076923077,0.49999999999999994,0.3684210526315789,0.33333333333333326,0.2,0.16666666666666669
0.34615384615384615,0.49999999999999994,0.3684210526315789,0.33333333333333326,0.2,0.16666666666666669
0.3846153846153847,0.49999999999999994,0.3684210526315789,0.33333333333333326,0.2,0.16666666666666669
0.42307692307692313,0.49999999999999994,0.3684210526315789,0.33333333333333326,0.2,0.16666666666666669
0.46153846153846156,0.49999999999999994,0.3684210526315789,0.33333333333333326,0.2,0.16666666666666669
0.3076923076923077,0.5714285714285714,0.42105263157894735,0.4999999999999998,0.3,0.3333333333333333
0.34615384615384615,0.5714285714285714,0.42105263157894735,0.4999999999999998,0.3,0.3333333333333333
0.3846153846153847,0.5714285714285714,0.42105263157894735,0.4999999999999998,0.3,0.3333333333333333
0.42307692307692313,0.5714285714285714,0.42105263157894735,0.4999999999999998,0.3,0.3333333333333333
0.46153846153846156,0.5714285714285714,0.42105263157894735,0.4999999999999998,0.3,0.3333333333333333
0.3076923076923077,0.6428571428571428,0.47368421052631576,0.6666666666666667,0.4000000000000001,0.5
0.34615384615384615,0.6428571428571428,0.47368421052631576,0.6666666666666667,0.4000000000000001,0.5
0.3846153846153847,0.6428571428571428,0.47368421052631576,0.6666666666666667,0.4000000000000001,0.5
0.42307692307692313,0.6428571428571428,0.47368421052631576,0.6666666666666667,0.4000000000000001,0.5
0.46153846153846156,0.6428571428571428,0.47368421052631576,0.6666666666666667,0.4000000000000001,0.5
0.7692307692307693,0.7142857142857142,0.7894736842105263,0.33333333333333326,0.4000000000000001,0.3333333333333333
0.8076923076923077,0.7142857142857142,0.7894736842105263,0.33333333333333326,0.4000000000000001,0.3333333333333333
0.8461538461538461,0.7142857142857142,0.7894736842105263,0.33333333333333326,0.4000000000000001,0.3333333333333333
0.8846153846153847,0.7142857142857142,0.7894736842105263,0.33333333333333326,0.4000000000000001,0.3333333333333333
0.9230769230769232,0.7142857142857142,0.7894736842105263,0.33333333333333326,0.4000000000000001,0.3333333333333333
0.9615384615384616,0.7142857142857142,0.7894736842105263,0.33333333333333326,0.4000000000000001,0.3333333333333333
1.0,0.7142857142857142,0.7894736842105263,0.33333333333333326,0.4000000000000001,0.3333333333333333
0.7692307692307693,0.7857142857142856,0.8421052631578947,0.4999999999999998,0.5,0.5
0.8076923076923077,0.7857142857142856,0.8421052631578947,0.4999999999999998,0.5,0.5
0.8461538461538461,0.7857142857142856,0.8421052631578947,0.4999999999999998,0.5,0.5
0.8846153846153847,0.7857142857142856,0.8421052631578947,0.4999999999999998,0.5,0.5
0.9230769230769232,0.7857142857142856,0.8421052631578947,0.4999999999999998,0.5,0.5
0.9615384615384616,0.7857142857142856,0.8421052631578947,0.4999999999999998,0.5,0.5
1.0,0.7857142857142856,0.8421052631578947,0.4999999999999998,0.5,0.5
0.7692307692307693,0.8571428571428572,0.894736842105263,0.33333333333333326,0.4000000000000001,0.6666666666666667
0.8076923076923077,0.8571428571428572,0.894736842105263,0.33333333333333326,0.4000000000000001,0.6666666666666667
0.8461538461538461,0.8571428571428572,0.894736842105263,0.33333333333333326,0.4000000000000001,0.6666666666666667
0.8846153846153847,0.8571428571428572,0.894736842105263,0.33333333333333326,0.4000000000000001,0.6666666666666667
0.9230769230769232,0.8571428571428572,0.894736842105263,0.33333333333333326,0.4000000000000001,0.6666666666666667
0.9615384615384616,0.8571428571428572,0.894736842105263,0.33333333333333326,0.4000000000000001,0.6666666666666667
1.0,0.8571428571428572,0.894736842105263,0.33333333333333326,0.4000000000000001,0.6666666666666667
0.7692307692307693,0.9285714285714286,0.9473684210526316,0.4999999999999998,0.5,0.3333333333333333
0.8076923076923077,0.9285714285714286,0.9473684210526316,0.4999999999999998,0.5,0.3333333333333333
0.8461538461538461,0.9285714285714286,0.9473684210526316,0.4999999999999998,0.5,0.3333333333333333
0.8846153846153847,0.9285714285714286,0.9473684210526316,0.4999999999999998,0.5,0.3333333333333333
0.9230769230769232,0.9285714285714286,0.9473684210526316,0.4999999999999998,0.5,0.3333333333333333
0.9615384615384616,0.9285714285714286,0.9473684210526316,0.4999999999999998,0.5,0.3333333333333333
1.0,0.9285714285714286,0.9473684210526316,0.4999999999999998,0.5,0.3333333333333333
0.7692307692307693,1.0,1.0,0.33333333333333326,0.4000000000000001,0.5
0.8076923076923077,1.0,1.0,0.33333333333333326,0.4000000000000001,0.5
0.8461538461538461,1.0,1.0,0.33333333333333326,0.4000000000000001,0.5
0.8846153846153847,1.0,1.0,0.33333333333333326,0.4000000000000001,0.5
0.9230769230769232,1.0,1.0,0.33333333333333326,0.4000000000000001,0.5
0.9615384615384616,1.0,1.0,0.33333333333333326,0.4000000000000001,0.5
1.0,1.0,1.0,0.33333333333333326,0.4000000000000001,0.5
0.7692307692307693,0.7142857142857142,0.8421052631578947,0.4999999999999998,0.5,0.6666666666666667
0.8076923076923077,0.7142857142857142,0.8421052631578947,0.4999999999999998,0.5,0.6666666666666667
0.8461538461538461,0.7142857142857142,0.8421052631578947,0.4999999999999998,0.5,0.6666666666666667
0.8846153846153847,0.7142857142857142,0.8421052631578947,0.4999999999999998,0.5,0.6666666666666667
0.9230769230769232,0.7142857142857142,0.8421052631578947,0.4999999999999998,0.5,0.6666666666666667
0.9615384615384616,0.7142857142857142,0.8421052631578947,0.4999999999999998,0.5,0.6666666666666667
1.0,0.7142857142857142,0.8421052631578947,0.4999999999999998,0.5,0.6666666666666667
0.7692307692307693,0.7857142857142856,0.894736842105263,0.33333333333333326,0.4000000000000001,0.3333333333333333
0.8076923076923077,0.7857142857142856,0.894736842105263,0.33333333333333326,0.4000000000000001,0.3333333333333333
0.8461538461538461,0.7857142857142856,0.894736842105263,0.33333333333333326,0.4000000000000001,0.3333333333333333
0.8846153846153847,0.7857142857142856,0.894736842105263,0.33333333333333326,0.4000000000000001,0.3333333333333333
0.9230769230769232,0.7857142857142856,0.894736842105263,0.33333333333333326,0.4000000000000001,0.3333333333333333
0.9615384615384616,0.7857142857142856,0.894736842105263,0.33333333333333326,0.4000000000000001,0.3333333333333333
1.0,0.7857142857142856,0.894736842105263,0.33333333333333326,0.4000000000000001,0.3333333333333333
0.7692307692307693,0.8571428571428572,0.9473684210526316,0.4999999999999998,0.5,0.5
0.8076923076923077,0.8571428571428572,0.9473684210526316,0.4999999999999998,0.5,0.5
0.8461538461538461,0.8571428571428572,0.9473684210526316,0.4999999999999998,0.5,0.5
0.8846153846153847,0.8571428571428572,0.9473684210526316,0.4999999999999998,0.5,0.5
0.9230769230769232,0.8571428571428572,0.9473684210526316,0.4999999999999998,0.5,0.5
0.9615384615384616,0.8571428571428572,0.9473684210526316,0.4999999999999998,0.5,0.5
1.0,0.8571428571428572,0.9473684210526316,0.4999999999999998,0.5,0.5
0.7692307692307693,0.9285714285714286,1.0,0.33333333333333326,0.4000000000000001,0.6666666666666667
0.8076923076923077,0.9285714285714286,1.0,0.33333333333333326,0.4000000000000001,0.6666666666666667
0.8461538461538461,0.9285714285714286,1.0,0.33333333333333326,0.4000000000000001,0.6666666666666667
0.8846153846153847,0.9285714285714286,1.0,0.33333333333333326,0.4000000000000001,0.6666666666666667
0.9230769230769232,0.9285714285714286,1.0,0.33333333333333326,0.4000000000000001,0.6666666666666667
0.9615384615384616,0.9285714285714286,1.0,0.33333333333333326,0.4000000000000001,0.6666666666666667
1.0,0.9285714285714286,1.0,0.33333333333333326,0.4000000000000001,0.6666666666666667
0.7692307692307693,1.0,0.7894736842105263,0.4999999999999998,0.5,0.3333333333333333
0.8076923076923077,1.0,0.7894736842105263,0.4999999999999998,0.5,0.3333333333333333
0.8461538461538461,1.0,0.7894736842105263,0.4999999999999998,0.5,0.3333333333333333
0.8846153846153847,1.0,0.7894736842105263,0.4999999999999998,0.5,0.3333333333333333
0.9230769230769232,1.0,0.7894736842105263,0.4999999999999998,0.5,0.3333333333333333
0.9615384615384616,1.0,0.7894736842105263,0.4999999999999998,0.5,0.3333333333333333
1.0,1.0,0.7894736842105263,0.4999999999999998,0.5,0.3333333333333333
0.7692307692307693,0.7142857142857142,0.894736842105263,0.33333333333333326,0.4000000000000001,0.5
0.8076923076923077,0.7142857142857142,0.894736842105263,0.33333333333333326,0.4000000000000001,0.5
0.8461538461538461,0.7142857142857142,0.894736842105263,0.33333333333333326,0.4000000000000001,0.5
0.8846153846153847,0.7142857142857142,0.894736842105263,0.33333333333333326,0.4000000000000001,0.5
0.9230769230769232,0.7142857142857142,0.894736842105263,0.33333333333333326,0.4000000000000001,0.5
0.9615384615384616,0.7142857142857142,0.894736842105263,0.33333333333333326,0.4000000000000001,0.5
1.0,0.7142857142857142,0.894736842105263,0.33333333333333326,0.4000000000000001,0.5
0.7692307692307693,0.7857142857142856,0.9473684210526316,0.4999999999999998,0.5,0.6666666666666667
0.8076923076923077,0.7857142857142856,0.9473684210526316,0.4999999999999998,0.5,0.6666666666666667
0.8461538461538461,0.7857142857142856,0.9473684210526316,0.4999999999999998,0.5,0.6666666666666667
0.8846153846153847,0.7857142857142856,0.9473684210526316,0.4999999999999998,0.5,0.6666666666666667
0.9230769230769232,0.7857142857142856,0.9473684210526316,0.4999999999999998,0.5,0.6666666666666667
0.9615384615384616,0.7857142857142856,0.9473684210526316,0.4999999999999998,0.5,0.6666666666666667
1.0,0.7857142857142856,0.9473684210526316,0.4999999999999998,0.5,0.6666666666666667
0.7692307692307693,0.8571428571428572,1.0,0.33333333333333326,0.4000000000000001,0.3333333333333333
0.8076923076923077,0.8571428571428572,1.0,0.33333333333333326,0.4000000000000001,0.3333333333333333
0.8461538461538461,0.8571428571428572,1.0,0.33333333333333326,0.4000000000000001,0.3333333333333333
0.8846153846153847,0.8571428571428572,1.0,0.33333333333333326,0.4000000000000001,0.3333333333333333
0.9230769230769232,0.8571428571428572,1.0,0.33333333333333326,0.4000000000000001,0.3333333333333333
0.9615384615384616,0.8571428571428572,1.0,0.33333333333333326,0.4000000000000001,0.3333333333333333
1.0,0.8571428571428572,1.0,0.33333333333333326,0.4000000000000001,0.3333333333333333
0.7692307692307693,0.9285714285714286,0.7894736842105263,0.4999999999999998,0.5,0.5
0.8076923076923077,0.9285714285714286,0.7894736842105263,0.4999999999999998,0.5,0.5
0.8461538461538461,0.9285714285714286,0.7894736842105263,0.4999999999999998,0.5,0.5
0.8846153846153847,0.9285714285714286,0.7894736842105263,0.4999999999999998,0.5,0.5
0.9230769230769232,0.9285714285714286,0.7894736842105263,0.4999999999999998,0.5,0.5
0.9615384615384616,0.9285714285714286,0.7894736842105263,0.4999999999999998,0.5,0.5
1.0,0.9285714285714286,0.7894736842105263,0.4999999999999998,0.5,0.5
0.7692307692307693,1.0,0.8421052631578947,0.33333333333333326,0.4000000000000001,0.6666666666666667
0.8076923076923077,1.0,0.8421052631578947,0.33333333333333326,0.4000000000000001,0.6666666666666667
0.8461538461538461,1.0,0.8421052631578947,0.33333333333333326,0.4000000000000001,0.6666666666666667
0.8846153846153847,1.0,0.8421052631578947,0.33333333333333326,0.4000000000000001,0.6666666666666667
0.9230769230769232,1.0,0.8421052631578947,0.33333333333333326,0.4000000000000001,0.6666666666666667
0.9615384615384616,1.0,0.8421052631578947,0.33333333333333326,0.4000000000000001,0.6666666666666667
1.0,1.0,0.8421052631578947,0.33333333333333326,0.4000000000000001,0.6666666666666667
0.7692307692307693,0.7142857142857142,0.9473684210526316,0.4999999999999998,0.5,0.3333333333333333
0.8076923076923077,0.7142857142857142,0.9473684210526316,0.4999999999999998,0.5,0.3333333333333333
0.8461538461538461,0.7142857142857142,0.9473684210526316,0.4999999999999998,0.5,0.3333333333333333
0.8846153846153847,0.7142857142857142,0.9473684210526316,0.4999999999999998,0.5,0.3333333333333333
0.9230769230769232,0.7142857142857142,0.9473684210526316,0.4999999999999998,0.5,0.3333333333333333
0.9615384615384616,0.7142857142857142,0.9473684210526316,0.4999999999999998,0.5,0.3333333333333333
1.0,0.7142857142857142,0.9473684210526316,0.4999999999999998,0.5,0.3333333333333333
0.7692307692307693,0.7857142857142856,1.0,0.33333333333333326,0.4000000000000001,0.5
0.8076923076923077,0.7857142857142856,1.0,0.33333333333333326,0.4000000000000001,0.5
0.8461538461538461,0.7857142857142856,1.0,0.33333333333333326,0.4000000000000001,0.5
0.8846153846153847,0.7857142857142856,1.0,0.33333333333333326,0.4000000000000001,0.5
0.9230769230769232,0.7857142857142856,1.0,0.33333333333333326,0.4000000000000001,0.5
0.9615384615384616,0.7857142857142856,1.0,0.33333333333333326,0.4000000000000001,0.5
1.0,0.7857142857142856,1.0,0.33333333333333326,0.4000000000000001,0.5
0.7692307692307693,0.8571428571428572,0.7894736842105263,0.4999999999999998,0.5,0.6666666666666667
0.8076923076923077,0.8571428571428572,0.7894736842105263,0.4999999999999998,0.5,0.6666666666666667
0.8461538461538461,0.8571428571428572,0.7894736842105263,0.4999999999999998,0.5,0.6666666666666667
0.8846153846153847,0.8571428571428572,0.7894736842105263,0.4999999999999998,0.5,0.6666666666666667
0.9230769230769232,0.8571428571428572,0.7894736842105263,0.4999999999999998,0.5,0.6666666666666667
0.9615384615384616,0.8571428571428572,0.7894736842105263,0.4999999999999998,0.5,0.6666666666666667
1.0,0.8571428571428572,0.7894736842105263,0.4999999999999998,0.5,0.6666666666666667
0.7692307692307693,0.9285714285714286,0.8421052631578947,0.33333333333333326,0.4000000000000001,0.3333333333333333
0.8076923076923077,0.9285714285714286,0.8421052631578947,0.33333333333333326,0.4000000000000001,0.3333333333333333
0.8461538461538461,0.9285714285714286,0.8421052631578947,0.33333333333333326,0.4000000000000001,0.3333333333333333
0.8846153846153847,0.9285714285714286,0.8421052631578947,0.33333333333333326,0.4000000000000001,0.3333333333333333
0.9230769230769232,0.9285714285714286,0.8421052631578947,0.33333333333333326,0.4000000000000001,0.3333333333333333
0.9615384615384616,0.9285714285714286,0.8421052631578947,0.33333333333333326,0.4000000000000001,0.3333333333333333
1.0,0.9285714285714286,0.8421052631578947,0.33333333333333326,0.4000000000000001,0.3333333333333333
0.7692307692307693,1.0,0.894736842105263,0.4999999999999998,0.5,0.5
0.8076923076923077,1.0,0.894736842105263,0.4999999999999998,0.5,0.5
0.8461538461538461,1.0,0.894736842105263,0.4999999999999998,0.5,0.5
0.8846153846153847,1.0,0.894736842105263,0.4999999999999998,0.5,0.5
0.9230769230769232,1.0,0.894736842105263,0.4999999999999998,0.5,0.5
0.9615384615384616,1.0,0.894736842105263,0.4999999999999998,0.5,0.5
1.0,1.0,0.894736842105263,0.4999999999999998,0.5,0.5
0.7692307692307693,0.7142857142857142,1.0,0.33333333333333326,0.4000000000000001,0.6666666666666667
0.8076923076923077,0.7142857142857142,1.0,0.33333333333333326,0.4000000000000001,0.6666666666666667
0.8461538461538461,0.7142857142857142,1.0,0.33333333333333326,0.4000000000000001,0.6666666666666667
0.8846153846153847,0.7142857142857142,1.0,0.33333333333333326,0.4000000000000001,0.6666666666666667
0.9230769230769232,0.7142857142857142,1.0,0.33333333333333326,0.4000000000000001,0.6666666666666667
0.9615384615384616,0.7142857142857142,1.0,0.33333333333333326,0.4000000000000001,0.6666666666666667
1.0,0.7142857142857142,1.0,0.33333333333333326,0.4000000000000001,0.6666666666666667
0.7692307692307693,0.7857142857142856,0.7894736842105263,0.4999999999999998,0.5,0.3333333333333333
0.8076923076923077,0.7857142857142856,0.7894736842105263,0.4999999999999998,0.5,0.3333333333333333
0.8461538461538461,0.7857142857142856,0.7894736842105263,0.4999999999999998,0.5,0.3333333333333333
0.8846153846153847,0.7857142857142856,0.7894736842105263,0.4999999999999998,0.5,0.3333333333333333
0.9230769230769232,0.7857142857142856,0.7894736842105263,0.4999999999999998,0.5,0.3333333333333333
0.9615384615384616,0.7857142857142856,0.7894736842105263,0.4999999999999998,0.5,0.3333333333333333
1.0,0.7857142857142856,0.7894736842105263,0.4999999999999998,0.5,0.3333333333333333
0.7692307692307693,0.8571428571428572,0.8421052631578947,0.33333333333333326,0.4000000000000001,0.5
0.8076923076923077,0.8571428571428572,0.8421052631578947,0.33333333333333326,0.4000000000000001,0.5
0.8461538461538461,0.8571428571428572,0.8421052631578947,0.33333333333333326,0.4000000000000001,0.5
0.8846153846153847,0.8571428571428572,0.8421052631578947,0.33333333333333326,0.4000000000000001,0.5
0.9230769230769232,0.8571428571428572,0.8421052631578947,0.33333333333333326,0.4000000000000001,0.5
0.9615384615384616,0.8571428571428572,0.8421052631578947,0.33333333333333326,0.4000000000000001,0.5
1.0,0.8571428571428572,0.8421052631578947,0.33333333333333326,0.4000000000000001,0.5
0.7692307692307693,0.9285714285714286,0.894736842105263,0.4999999999999998,0.5,0.6666666666666667
0.8076923076923077,0.9285714285714286,0.894736842105263,0.4999999999999998,0.5,0.6666666666666667
0.8461538461538461,0.9285714285714286,0.894736842105263,0.4999999999999998,0.5,0.6666666666666667
0.8846153846153847,0.9285714285714286,0.894736842105263,0.4999999999999998,0.5,0.6666666666666667
0.9230769230769232,0.9285714285714286,0.894736842105263,0.4999999999999998,0.5,0.6666666666666667
0.9615384615384616,0.9285714285714286,0.894736842105263,0.4999999999999998,0.5,0.6666666666666667
1.0,0.9285714285714286,0.894736842105263,0.4999999999999998,0.5,0.6666666666666667
0.7692307692307693,1.0,0.9473684210526316,0.33333333333333326,0.4000000000000001,0.3333333333333333
0.8076923076923077,1.0,0.9473684210526316,0.33333333333333326,0.4000000000000001,0.3333333333333333
0.8461538461538461,1.0,0.9473684210526316,0.33333333333333326,0.4000000000000001,0.3333333333333333
0.8846153846153847,1.0,0.9473684210526316,0.33333333333333326,0.4000000000000001,0.3333333333333333
0.9230769230769232,1.0,0.9473684210526316,0.33333333333333326,0.4000000000000001,0.3333333333333333
0.9615384615384616,1.0,0.9473684210526316,0.33333333333333326,0.4000000000000001,0.3333333333333333
1.0,1.0,0.9473684210526316,0.33333333333333326,0.4000000000000001,0.3333333333333333
0.7692307692307693,0.7142857142857142,0.3684210526315789,0.0,0.2,0.3333333333333333
0.8076923076923077,0.7142857142857142,0.3684210526315789,0.0,0.2,0.3333333333333333
0.8461538461538461,0.7142857142857142,0.3684210526315789,0.0,0.2,0.3333333333333333
0.8846153846153847,0.7142857142857142,0.3684210526315789,0.0,0.2,0.3333333333333333
0.9230769230769232,0.7142857142857142,0.3684210526315789,0.0,0.2,0.3333333333333333
0.9615384615384616,0.7142857142857142,0.3684210526315789,0.0,0.2,0.3333333333333333
1.0,0.7142857142857142,0.3684210526315789,0.0,0.2,0.3333333333333333
0.7692307692307693,0.7857142857142856,0.42105263157894735,0.16666666666666674,0.3,0.5
0.8076923076923077,0.7857142857142856,0.42105263157894735,0.16666666666666674,0.3,0.5
0.8461538461538461,0.7857142857142856,0.42105263157894735,0.16666666666666674,0.3,0.5
0.8846153846153847,0.7857142857142856,0.42105263157894735,0.16666666666666674,0.3,0.5
0.9230769230769232,0.7857142857142856,0.42105263157894735,0.16666666666666674,0.3,0.5
0.9615384615384616,0.7857142857142856,0.42105263157894735,0.16666666666666674,0.3,0.5
1.0,0.7857142857142856,0.42105263157894735,0.16666666666666674,0.3,0.5
0.7692307692307693,0.8571428571428572,0.47368421052631576,0.33333333333333326,0.2,0.6666666666666667
0.8076923076923077,0.8571428571428572,0.47368421052631576,0.33333333333333326,0.2,0.6666666666666667
0.8461538461538461,0.8571428571428572,0.47368421052631576,0.33333333333333326,0.2,0.6666666666666667
0.8846153846153847,0.8571428571428572,0.47368421052631576,0.33333333333333326,0.2,0.6666666666666667
0.9230769230769232,0.8571428571428572,0.47368421052631576,0.33333333333333326,0.2,0.6666666666666667
0.9615384615384616,0.8571428571428572,0.47368421052631576,0.33333333333333326,0.2,0.6666666666666667
1.0,0.8571428571428572,0.47368421052631576,0.33333333333333326,0.2,0.6666666666666667
0.7692307692307693,0.9285714285714286,0.5263157894736843,0.4999999999999998,0.3,0.3333333333333333
0.8076923076923077,0.9285714285714286,0.5263157894736843,0.4999999999999998,0.3,0.3333333333333333
0.8461538461538461,0.9285714285714286,0.5263157894736843,0.4999999999999998,0.3,0.3333333333333333
0.8846153846153847,0.9285714285714286,0.5263157894736843,0.4999999999999998,0.3,0.3333333333333333
0.9230769230769232,0.9285714285714286,0.5263157894736843,0.4999999999999998,0.3,0.3333333333333333
0.9615384615384616,0.9285714285714286,0.5263157894736843,0.4999999999999998,0.3,0.3333333333333333
1.0,0.9285714285714286,0.5263157894736843,0.4999999999999998,0.3,0.3333333333333333
0.7692307692307693,1.0,0.5789473684210527,0.6666666666666667,0.2,0.5
0.8076923076923077,1.0,0.5789473684210527,0.6666666666666667,0.2,0.5
0.8461538461538461,1.0,0.5789473684210527,0.6666666666666667,0.2,0.5
0.8846153846153847,1.0,0.5789473684210527,0.6666666666666667,0.2,0.5
0.9230769230769232,1.0,0.5789473684210527,0.6666666666666667,0.2,0.5
0.9615384615384616,1.0,0.5789473684210527,0.6666666666666667,0.2,0.5
1.0,1.0,0.5789473684210527,0.6666666666666667,0.2,0.5
0.7692307692307693,0.7142857142857142,0.42105263157894735,0.0,0.3,0.6666666666666667
0.8076923076923077,0.7142857142857142,0.42105263157894735,0.0,0.3,0.6666666666666667
0.8461538461538461,0.7142857142857142,0.42105263157894735,0.0,0.3,0.6666666666666667
0.8846153846153847,0.7142857142857142,0.42105263157894735,0.0,0.3,0.6666666666666667
0.9230769230769232,0.7142857142857142,0.42105263157894735,0.0,0.3,0.6666666666666667
0.9615384615384616,0.7142857142857142,0.42105263157894735,0.0,0.3,0.6666666666666667
1.0,0.7142857142857142,0.42105263157894735,0.0,0.3,0.6666666666666667
0.7692307692307693,0.7857142857142856,0.47368421052631576,0.16666666666666674,0.2,0.3333333333333333
0.8076923076923077,0.7857142857142856,0.47368421052631576,0.16666666666666674,0.2,0.3333333333333333
0.8461538461538461,0.7857142857142856,0.47368421052631576,0.16666666666666674,0.2,0.3333333333333333
0.8846153846153847,0.7857142857142856,0.47368421052631576,0.16666666666666674,0.2,0.3333333333333333
0.9230769230769232,0.7857142857142856,0.47368421052631576,0.16666666666666674,0.2,0.3333333333333333
0.9615384615384616,0.7857142857142856,0.47368421052631576,0.16666666666666674,0.2,0.3333333333333333
1.0,0.7857142857142856,0.47368421052631576,0.16666666666666674,0.2,0.3333333333333333
0.7692307692307693,0.8571428571428572,0.5263157894736843,0.33333333333333326,0.3,0.5
0.8076923076923077,0.8571428571428572,0.5263157894736843,0.33333333333333326,0.3,0.5
0.8461538461538461,0.8571428571428572,0.5263157894736843,0.33333333333333326,0.3,0.5
0.8846153846153847,0.8571428571428572,0.5263157894736843,0.33333333333333326,0.3,0.5
0.9230769230769232,0.8571428571428572,0.5263157894736843,0.33333333333333326,0.3,0.5
0.9615384615384616,0.8571428571428572,0.5263157894736843,0.33333333333333326,0.3,0.5
1.0,0.8571428571428572,0.5263157894736843,0.33333333333333326,0.3,0.5
0.7692307692307693,0.9285714285714286,0.5789473684210527,0.4999999999999998,0.2,0.6666666666666667
0.8076923076923077,0.9285714285714286,0.5789473684210527,0.4999999999999998,0.2,0.6666666666666667
0.8461538461538461,0.9285714285714286,0.5789473684210527,0.4999999999999998,0.2,0.6666666666666667
0.8846153846153847,0.9285714285714286,0.5789473684210527,0.4999999999999998,0.2,0.6666666666666667
0.9230769230769232,0.9285714285714286,0.5789473684210527,0.4999999999999998,0.2,0.6666666666666667
0.9615384615384616,0.9285714285714286,0.5789473684210527,0.4999999999999998,0.2,0.6666666666666667
1.0,0.9285714285714286,0.5789473684210527,0.4999999999999998,0.2,0.6666666666666667
0.7692307692307693,1.0,0.3684210526315789,0.6666666666666667,0.3,0.3333333333333333
0.8076923076923077,1.0,0.3684210526315789,0.6666666666666667,0.3,0.3333333333333333
0.8461538461538461,1.0,0.3684210526315789,0.6666666666666667,0.3,0.3333333333333333
0.8846153846153847,1.0,0.3684210526315789,0.6666666666666667,0.3,0.3333333333333333
0.9230769230769232,1.0,0.3684210526315789,0.6666666666666667,0.3,0.3333333333333333
0.9615384615384616,1.0,0.3684210526315789,0.6666666666666667,0.3,0.3333333333333333
1.0,1.0,0.3684210526315789,0.6666666666666667,0.3,0.3333333333333333
0.7692307692307693,0.7142857142857142,0.47368421052631576,0.0,0.2,0.5
0.8076923076923077,0.7142857142857142,0.47368421052631576,0.0,0.2,0.5
0.8461538461538461,0.7142857142857142,0.47368421052631576,0.0,0.2,0.5
0.8846153846153847,0.7142857142857142,0.47368421052631576,0.0,0.2,0.5
0.9230769230769232,0.7142857142857142,0.47368421052631576,0.0,0.2,0.5
0.9615384615384616,0.7142857142857142,0.47368421052631576,0.0,0.2,0.5
1.0,0.7142857142857142,0.47368421052631576,0.0,0.2,0.5
0.7692307692307693,0.7857142857142856,0.5263157894736843,0.16666666666666674,0.3,0.6666666666666667
0.8076923076923077,0.7857142857142856,0.5263157894736843,0.16666666666666674,0.3,0.6666666666666667
0.8461538461538461,0.7857142857142856,0.5263157894736843,0.16666666666666674,0.3,0.6666666666666667
0.8846153846153847,0.7857142857142856,0.5263157894736843,0.16666666666666674,0.3,0.6666666666666667
0.9230769230769232,0.7857142857142856,0.5263157894736843,0.16666666666666674,0.3,0.6666666666666667
0.9615384615384616,0.7857142857142856,0.5263157894736843,0.16666666666666674,0.3,0.6666666666666667
1.0,0.7857142857142856,0.5263157894736843,0.16666666666666674,0.3,0.6666666666666667
0.7692307692307693,0.8571428571428572,0.5789473684210527,0.33333333333333326,0.2,0.3333333333333333
0.8076923076923077,0.8571428571428572,0.5789473684210527,0.33333333333333326,0.2,0.3333333333333333
0.8461538461538461,0.8571428571428572,0.5789473684210527,0.33333333333333326,0.2,0.3333333333333333
0.8846153846153847,0.8571428571428572,0.5789473684210527,0.33333333333333326,0.2,0.3333333333333333
0.9230769230769232,0.8571428571428572,0.5789473684210527,0.33333333333333326,0.2,0.3333333333333333
0.9615384615384616,0.8571428571428572,0.5789473684210527,0.33333333333333326,0.2,0.3333333333333333
1.0,0.8571428571428572,0.5789473684210527,0.33333333333333326,0.2,0.3333333333333333
0.7692307692307693,0.9285714285714286,0.3684210526315789,0.4999999999999998,0.3,0.5
0.8076923076923077,0.9285714285714286,0.3684210526315789,0.4999999999999998,0.3,0.5
0.8461538461538461,0.9285714285714286,0.3684210526315789,0.4999999999999998,0.3,0.5
0.8846153846153847,0.9285714285714286,0.3684210526315789,0.4999999999999998,0.3,0.5
0.9230769230769232,0.9285714285714286,0.3684210526315789,0.4999999999999998,0.3,0.5
0.9615384615384616,0.9285714285714286,0.3684210526315789,0.4999999999999998,0.3,0.5
1.0,0.9285714285714286,0.3684210526315789,0.4999999999999998,0.3,0.5
0.7692307692307693,1.0,0.42105263157894735,0.6666666666666667,0.2,0.6666666666666667
0.8076923076923077,1.0,0.42105263157894735,0.6666666666666667,0.2,0.6666666666666667
0.8461538461538461,1.0,0.42105263157894735,0.6666666666666667,0.2,0.6666666666666667
0.8846153846153847,1.0,0.42105263157894735,0.6666666666666667,0.2,0.6666666666666667
0.9230769230769232,1.0,0.42105263157894735,0.6666666666666667,0.2,0.6666666666666667
0.9615384615384616,1.0,0.42105263157894735,0.6666666666666667,0.2,0.6666666666666667
1.0,1.0,0.42105263157894735,0.6666666666666667,0.2,0.6666666666666667
0.7692307692307693,0.7142857142857142,0.5263157894736843,0.0,0.3,0.3333333333333333
0.8076923076923077,0.7142857142857142,0.5263157894736843,0.0,0.3,0.3333333333333333
0.8461538461538461,0.7142857142857142,0.5263157894736843,0.0,0.3,0.3333333333333333
0.8846153846153847,0.7142857142857142,0.5263157894736843,0.0,0.3,0.3333333333333333
0.9230769230769232,0.7142857142857142,0.5263157894736843,0.0,0.3,0.3333333333333333
0.9615384615384616,0.7142857142857142,0.5263157894736843,0.0,0.3,0.3333333333333333
1.0,0.7142857142857142,0.5263157894736843,0.0,0.3,0.3333333333333333
0.7692307692307693,0.7857142857142856,0.5789473684210527,0.16666666666666674,0.2,0.5
0.8076923076923077,0.7857142857142856,0.5789473684210527,0.16666666666666674,0.2,0.5
0.8461538461538461,0.7857142857142856,0.5789473684210527,0.16666666666666674,0.2,0.5
0.8846153846153847,0.7857142857142856,0.5789473684210527,0.16666666666666674,0.2,0.5
0.9230769230769232,0.7857142857142856,0.5789473684210527,0.16666666666666674,0.2,0.5
0.9615384615384616,0.7857142857142856,0.5789473684210527,0.16666666666666674,0.2,0.5
1.0,0.7857142857142856,0.5789473684210527,0.16666666666666674,0.2,0.5
0.7692307692307693,0.8571428571428572,0.3684210526315789,0.33333333333333326,0.3,0.6666666666666667
0.8076923076923077,0.8571428571428572,0.3684210526315789,0.33333333333333326,0.3,0.6666666666666667
0.8461538461538461,0.8571428571428572,0.3684210526315789,0.33333333333333326,0.3,0.6666666666666667
0.8846153846153847,0.8571428571428572,0.3684210526315789,0.33333333333333326,0.3,0.6666666666666667
0.9230769230769232,0.8571428571428572,0.3684210526315789,0.33333333333333326,0.3,0.6666666666666667
0.9615384615384616,0.8571428571428572,0.3684210526315789,0.33333333333333326,0.3,0.6666666666666667
1.0,0.8571428571428572,0.3684210526315789,0.33333333333333326,0.3,0.6666666666666667
0.7692307692307693,0.7142857142857142,0.5789473684210527,0.0,0.2,0.6666666666666667
0.8076923076923077,0.7142857142857142,0.5789473684210527,0.0,0.2,0.6666666666666667
0.8461538461538461,0.7142857142857142,0.5789473684210527,0.0,0.2,0.6666666666666667
0.8846153846153847,0.7142857142857142,0.5789473684210527,0.0,0.2,0.6666666666666667
0.9230769230769232,0.7142857142857142,0.5789473684210527,0.0,0.2,0.6666666666666667
0.9615384615384616,0.7142857142857142,0.5789473684210527,0.0,0.2,0.6666666666666667
1.0,0.7142857142857142,0.5789473684210527,0.0,0.2,0.6666666666666667
0.7692307692307693,0.7857142857142856,0.3684210526315789,0.16666666666666674,0.3,0.3333333333333333
0.8076923076923077,0.7857142857142856,0.3684210526315789,0.16666666666666674,0.3,0.3333333333333333
0.8461538461538461,0.7857142857142856,0.3684210526315789,0.16666666666666674,0.3,0.3333333333333333
0.8846153846153847,0.7857142857142856,0.3684210526315789,0.16666666666666674,0.3,0.3333333333333333
0.9230769230769232,0.7857142857142856,0.3684210526315789,0.16666666666666674,0.3,0.3333333333333333
0.9615384615384616,0.7857142857142856,0.3684210526315789,0.16666666666666674,0.3,0.3333333333333333
1.0,0.7857142857142856,0.3684210526315789,0.16666666666666674,0.3,0.3333333333333333
0.7692307692307693,0.8571428571428572,0.42105263157894735,0.33333333333333326,0.2,0.5
0.8076923076923077,0.8571428571428572,0.42105263157894735,0.33333333333333326,0.2,0.5
0.8461538461538461,0.8571428571428572,0.42105263157894735,0.33333333333333326,0.2,0.5
0.8846153846153847,0.8571428571428572,0.42105263157894735,0.33333333333333326,0.2,0.5
0.9230769230769232,0.8571428571428572,0.42105263157894735,0.33333333333333326,0.2,0.5
0.9615384615384616,0.8571428571428572,0.42105263157894735,0.33333333333333326,0.2,0.5
1.0,0.8571428571428572,0.42105263157894735,0.33333333333333326,0.2,0.5
0.7692307692307693,0.9285714285714286,0.47368421052631576,0.4999999999999998,0.3,0.6666666666666667
0.8076923076923077,0.9285714285714286,0.47368421052631576,0.4999999999999998,0.3,0.6666666666666667
0.8461538461538461,0.9285714285714286,0.47368421052631576,0.4999999999999998,0.3,0.6666666666666667
0.8846153846153847,0.9285714285714286,0.47368421052631576,0.4999999999999998,0.3,0.6666666666666667
0.9230769230769232,0.9285714285714286,0.47368421052631576,0.4999999999999998,0.3,0.6666666666666667
0.9615384615384616,0.9285714285714286,0.47368421052631576,0.4999999999999998,0.3,0.6666666666666667
1.0,0.9285714285714286,0.47368421052631576,0.4999999999999998,0.3,0.6666666666666667
0.7692307692307693,1.0,0.5263157894736843,0.6666666666666667,0.2,0.3333333333333333
0.8076923076923077,1.0,0.2631578947368421,0.6666666666666667,0.2,0.3333333333333333
0.8461538461538461,1.0,0.2631578947368421,0.6666666666666667,0.2,0.3333333333333333
0.8846153846153847,1.0,0.2631578947368421,0.6666666666666667,0.2,0.3333333333333333
0.9230769230769232,1.0,0.3684210526315789,0.6666666666666667,0.2,0.3333333333333333
0.9615384615384616,1.0,0.3684210526315789,0.6666666666666667,0.2,0.3333333333333333
1.0,1.0,0.3684210526315789,0.6666666666666667,0.2,0.3333333333333333
0.6153846153846154,0.42857142857142855,0.3684210526315789,0.16666666666666674,0.5,0.16666666666666669
0.6538461538461539,0.42857142857142855,0.3684210526315789,0.16666666666666674,0.5,0.16666666666666669
0.6923076923076924,0.42857142857142855,0.3684210526315789,0.16666666666666674,0.5,0.16666666666666669
0.7307692307692308,0.42857142857142855,0.3684210526315789,0.16666666666666674,0.5,0.16666666666666669
0.7692307692307693,0.42857142857142855,0.3684210526315789,0.16666666666666674,0.5,0.16666666666666669
0.6153846153846154,0.49999999999999994,0.42105263157894735,0.33333333333333326,0.6000000000000001,0.3333333333333333
0.6538461538461539,0.49999999999999994,0.42105263157894735,0.33333333333333326,0.6000000000000001,0.3333333333333333
0.6923076923076924,0.49999999999999994,0.42105263157894735,0.33333333333333326,0.6000000000000001,0.3333333333333333
0.7307692307692308,0.49999999999999994,0.42105263157894735,0.33333333333333326,0.6000000000000001,0.3333333333333333
0.7692307692307693,0.49999999999999994,0.42105263157894735,0.33333333333333326,0.6000000000000001,0.3333333333333333
0.6153846153846154,0.6428571428571428,0.5263157894736843,0.6666666666666667,0.6000000000000001,0.16666666666666669
0.6538461538461539,0.6428571428571428,0.5263157894736843,0.6666666666666667,0.6000000000000001,0.16666666666666669
0.6923076923076924,0.6428571428571428,0.5263157894736843,0.6666666666666667,0.6000000000000001,0.16666666666666669
0.7307692307692308,0.6428571428571428,0.5263157894736843,0.6666666666666667,0.6000000000000001,0.16666666666666669
0.7692307692307693,0.6428571428571428,0.5263157894736843,0.6666666666666667,0.6000000000000001,0.16666666666666669
0.6153846153846154,0.7142857142857142,0.5789473684210527,0.16666666666666674,0.5,0.3333333333333333
0.6538461538461539,0.7142857142857142,0.5789473684210527,0.16666666666666674,0.5,0.3333333333333333
0.6923076923076924,0.7142857142857142,0.5789473684210527,0.16666666666666674,0.5,0.3333333333333333
0.7307692307692308,0.7142857142857142,0.5789473684210527,0.16666666666666674,0.5,0.3333333333333333
0.7692307692307693,0.7142857142857142,0.5789473684210527,0.16666666666666674,0.5,0.3333333333333333
0.6153846153846154,0.42857142857142855,0.42105263157894735,0.33333333333333326,0.6000000000000001,0.5
0.6538461538461539,0.42857142857142855,0.42105263157894735,0.33333333333333326,0.6000000000000001,0.5
0.6923076923076924,0.42857142857142855,0.42105263157894735,0.33333333333333326,0.6000000000000001,0.5
0.7307692307692308,0.42857142857142855,0.42105263157894735,0.33333333333333326,0.6000000000000001,0.5
0.7692307692307693,0.42857142857142855,0.42105263157894735,0.33333333333333326,0.6000000000000001,0.5
0.6153846153846154,0.49999999999999994,0.47368421052631576,0.4999999999999998,0.5,0.16666666666666669
0.6538461538461539,0.49999999999999994,0.47368421052631576,0.4999999999999998,0.5,0.16666666666666669
0.6923076923076924,0.49999999999999994,0.47368421052631576,0.4999999999999998,0.5,0.16666666666666669
0.7307692307692308,0.49999999999999994,0.47368421052631576,0.4999999999999998,0.5,0.16666666666666669
0.7692307692307693,0.49999999999999994,0.47368421052631576,0.4999999999999998,0.5,0.16666666666666669
0.6153846153846154,0.5714285714285714,0.5263157894736843,0.6666666666666667,0.6000000000000001,0.3333333333333333
0.6538461538461539,0.5714285714285714,0.5263157894736843,0.6666666666666667,0.6000000000000001,0.3333333333333333
0.6923076923076924,0.5714285714285714,0.5263157894736843,0.6666666666666667,0.6000000000000001,0.3333333333333333
0.7307692307692308,0.5714285714285714,0.5263157894736843,0.6666666666666667,0.6000000000000001,0.3333333333333333
0.7692307692307693,0.5714285714285714,0.5263157894736843,0.6666666666666667,0.6000000000000001,0.3333333333333333
0.6153846153846154,0.6428571428571428,0.5789473684210527,0.16666666666666674,0.5,0.5
0.6538461538461539,0.6428571428571428,0.5789473684210527,0.16666666666666674,0.5,0.5
0.6923076923076924,0.6428571428571428,0.5789473684210527,0.16666666666666674,0.5,0.5
0.7307692307692308,0.6428571428571428,0.5789473684210527,0.16666666666666674,0.5,0.5
0.7692307692307693,0.6428571428571428,0.5789473684210527,0.16666666666666674,0.5,0.5
0.6153846153846154,0.7142857142857142,0.3684210526315789,0.33333333333333326,0.6000000000000001,0.16666666666666669
0.6538461538461539,0.7142857142857142,0.3684210526315789,0.33333333333333326,0.6000000000000001,0.16666666666666669
0.6923076923076924,0.7142857142857142,0.3684210526315789,0.33333333333333326,0.6000000000000001,0.16666666666666669
0.7307692307692308,0.7142857142857142,0.3684210526315789,0.33333333333333326,0.6000000000000001,0.16666666666666669
0.7692307692307693,0.7142857142857142,0.3684210526315789,0.33333333333333326,0.6000000000000001,0.16666666666666669
0.6153846153846154,0.42857142857142855,0.47368421052631576,0.4999999999999998,0.5,0.16666666666666669
0.6538461538461539,0.42857142857142855,0.47368421052631576,0.4999999999999998,0.5,0.16666666666666669
0.6923076923076924,0.42857142857142855,0.47368421052631576,0.4999999999999998,0.5,0.16666666666666669
0.7307692307692308,0.42857142857142855,0.47368421052631576,0.4999999999999998,0.5,0.16666666666666669
0.7692307692307693,0.42857142857142855,0.47368421052631576,0.4999999999999998,0.5,0.16666666666666669
0.6153846153846154,0.49999999999999994,0.5263157894736843,0.6666666666666667,0.6000000000000001,0.3333333333333333
0.6538461538461539,0.49999999999999994,0.5263157894736843,0.6666666666666667,0.6000000000000001,0.3333333333333333
0.6923076923076924,0.49999999999999994,0.5263157894736843,0.6666666666666667,0.6000000000000001,0.3333333333333333
0.7307692307692308,0.49999999999999994,0.5263157894736843,0.6666666666666667,0.6000000000000001,0.3333333333333333
0.7692307692307693,0.49999999999999994,0.5263157894736843,0.6666666666666667,0.6000000000000001,0.3333333333333333
0.6153846153846154,0.5714285714285714,0.5789473684210527,0.16666666666666674,0.5,0.5
0.6538461538461539,0.5714285714285714,0.5789473684210527,0.16666666666666674,0.5,0.5
0.6923076923076924,0.5714285714285714,0.5789473684210527,0.16666666666666674,0.5,0.5
0.7307692307692308,0.5714285714285714,0.5789473684210527,0.16666666666666674,0.5,0.5
0.7692307692307693,0.5714285714285714,0.5789473684210527,0.16666666666666674,0.5,0.5
0.6153846153846154,0.6428571428571428,0.3684210526315789,0.33333333333333326,0.6000000000000001,0.16666666666666669
0.6538461538461539,0.6428571428571428,0.3684210526315789,0.33333333333333326,0.6000000000000001,0.16666666666666669
0.6923076923076924,0.6428571428571428,0.3684210526315789,0.33333333333333326,0.6000000000000001,0.16666666666666669
0.7307692307692308,0.6428571428571428,0.3684210526315789,0.33333333333333326,0.6000000000000001,0.16666666666666669
0.7692307692307693,0.6428571428571428,0.3684210526315789,0.33333333333333326,0.6000000000000001,0.16666666666666669
0.6153846153846154,0.7142857142857142,0.42105263157894735,0.4999999999999998,0.5,0.3333333333333333
0.6538461538461539,0.7142857142857142,0.42105263157894735,0.4999999999999998,0.5,0.3333333333333333
0.6923076923076924,0.7142857142857142,0.42105263157894735,0.4999999999999998,0.5,0.3333333333333333
0.7307692307692308,0.7142857142857142,0.42105263157894735,0.4999999999999998,0.5,0.3333333333333333
0.7692307692307693,0.7142857142857142,0.42105263157894735,0.4999999999999998,0.5,0.3333333333333333
0.6153846153846154,0.42857142857142855,0.5263157894736843,0.6666666666666667,0.6000000000000001,0.5
0.6538461538461539,0.42857142857142855,0.5263157894736843,0.6666666666666667,0.6000000000000001,0.5
0.6923076923076924,0.42857142857142855,0.5263157894736843,0.6666666666666667,0.6000000000000001,0.5
0.7307692307692308,0.42857142857142855,0.5263157894736843,0.6666666666666667,0.6000000000000001,0.5
0.7692307692307693,0.42857142857142855,0.5263157894736843,0.6666666666666667,0.6000000000000001,0.5
0.6153846153846154,0.49999999999999994,0.5789473684210527,0.16666666666666674,0.5,0.16666666666666669
0.6538461538461539,0.49999999999999994,0.5789473684210527,0.16666666666666674,0.5,0.16666666666666669
0.6923076923076924,0.49999999999999994,0.5789473684210527,0.16666666666666674,0.5,0.16666666666666669
0.7307692307692308,0.49999999999999994,0.5789473684210527,0.16666666666666674,0.5,0.16666666666666669
0.7692307692307693,0.49999999999999994,0.5789473684210527,0.16666666666666674,0.5,0.16666666666666669
0.6153846153846154,0.5714285714285714,0.3684210526315789,0.33333333333333326,0.6000000000000001,0.3333333333333333
0.6538461538461539,0.5714285714285714,0.3684210526315789,0.33333333333333326,0.6000000000000001,0.3333333333333333
0.6923076923076924,0.5714285714285714,0.3684210526315789,0.33333333333333326,0.6000000000000001,0.3333333333333333
0.7307692307692308,0.5714285714285714,0.3684210526315789,0.33333333333333326,0.6000000000000001,0.3333333333333333
0.7692307692307693,0.5714285714285714,0.3684210526315789,0.33333333333333326,0.6000000000000001,0.3333333333333333
0.6153846153846154,0.6428571428571428,0.42105263157894735,0.4999999999999998,0.5,0.5
0.6538461538461539,0.6428571428571428,0.42105263157894735,0.4999999999999998,0.5,0.5
0.6923076923076924,0.6428571428571428,0.42105263157894735,0.4999999999999998,0.5,0.5
0.7307692307692308,0.6428571428571428,0.42105263157894735,0.4999999999999998,0.5,0.5
0.7692307692307693,0.6428571428571428,0.42105263157894735,0.4999999999999998,0.5,0.5
0.6153846153846154,0.7142857142857142,0.47368421052631576,0.6666666666666667,0.6000000000000001,0.16666666666666669
0.6538461538461539,0.7142857142857142,0.47368421052631576,0.6666666666666667,0.6000000000000001,0.16666666666666669
0.6923076923076924,0.7142857142857142,0.47368421052631576,0.6666666666666667,0.6000000000000001,0.16666666666666669
0.7307692307692308,0.7142857142857142,0.47368421052631576,0.6666666666666667,0.6000000000000001,0.16666666666666669
0.7692307692307693,0.7142857142857142,0.47368421052631576,0.6666666666666667,0.6000000000000001,0.16666666666666669
0.6153846153846154,0.42857142857142855,0.5789473684210527,0.16666666666666674,0.5,0.16666666666666669
0.6538461538461539,0.42857142857142855,0.5789473684210527,0.16666666666666674,0.5,0.16666666666666669
0.6923076923076924,0.42857142857142855,0.5789473684210527,0.16666666666666674,0.5,0.16666666666666669
0.7307692307692308,0.42857142857142855,0.5789473684210527,0.16666666666666674,0.5,0.16666666666666669
0.7692307692307693,0.42857142857142855,0.5789473684210527,0.16666666666666674,0.5,0.16666666666666669
0.6153846153846154,0.49999999999999994,0.3684210526315789,0.33333333333333326,0.6000000000000001,0.3333333333333333
0.6538461538461539,0.49999999999999994,0.3684210526315789,0.33333333333333326,0.6000000000000001,0.3333333333333333
0.6923076923076924,0.49999999999999994,0.3684210526315789,0.33333333333333326,0.6000000000000001,0.3333333333333333
0.7307692307692308,0.49999999999999994,0.3684210526315789,0.33333333333333326,0.6000000000000001,0.3333333333333333
0.7692307692307693,0.49999999999999994,0.3684210526315789,0.33333333333333326,0.6000000000000001,0.3333333333333333
0.6153846153846154,0.5714285714285714,0.42105263157894735,0.4999999999999998,0.5,0.5
0.6538461538461539,0.5714285714285714,0.42105263157894735,0.4999999999999998,0.5,0.5
0.6923076923076924,0.5714285714285714,0.42105263157894735,0.4999999999999998,0.5,0.5
0.7307692307692308,0.5714285714285714,0.42105263157894735,0.4999999999999998,0.5,0.5
0.7692307692307693,0.5714285714285714,0.42105263157894735,0.4999999999999998,0.5,0.5
0.6153846153846154,0.6428571428571428,0.47368421052631576,0.6666666666666667,0.6000000000000001,0.16666666666666669
0.6538461538461539,0.6428571428571428,0.47368421052631576,0.6666666666666667,0.6000000000000001,0.16666666666666669
0.6923076923076924,0.6428571428571428,0.47368421052631576,0.6666666666666667,0.6000000000000001,0.16666666666666669
0.7307692307692308,0.6428571428571428,0.47368421052631576,0.6666666666666667,0.6000000000000001,0.16666666666666669
0.7692307692307693,0.6428571428571428,0.47368421052631576,0.6666666666666667,0.6000000000000001,0.16666666666666669
0.6153846153846154,0.7142857142857142,0.5263157894736843,0.16666666666666674,0.5,0.3333333333333333
0.6538461538461539,0.7142857142857142,0.5263157894736843,0.16666666666666674,0.5,0.3333333333333333
0.6923076923076924,0.7142857142857142,0.5263157894736843,0.16666666666666674,0.5,0.3333333333333333
0.7307692307692308,0.7142857142857142,0.5263157894736843,0.16666666666666674,0.5,0.3333333333333333
0.7692307692307693,0.7142857142857142,0.5263157894736843,0.16666666666666674,0.5,0.3333333333333333
0.3076923076923077,0.42857142857142855,0.3684210526315789,0.16666666666666674,0.5,0.5
0.34615384615384615,0.42857142857142855,0.3684210526315789,0.16666666666666674,0.5,0.5
0.3846153846153847,0.42857142857142855,0.3684210526315789,0.16666666666666674,0.5,0.5
0.42307692307692313,0.42857142857142855,0.3684210526315789,0.16666666666666674,0.5,0.5
0.46153846153846156,0.42857142857142855,0.3684210526315789,0.16666666666666674,0.5,0.5
0.3076923076923077,0.49999999999999994,0.42105263157894735,0.33333333333333326,0.6000000000000001,0.6666666666666667
0.34615384615384615,0.49999999999999994,0.42105263157894735,0.33333333333333326,0.6000000000000001,0.6666666666666667
0.3846153846153847,0.49999999999999994,0.42105263157894735,0.33333333333333326,0.6000000000000001,0.6666666666666667
0.42307692307692313,0.49999999999999994,0.42105263157894735,0.33333333333333326,0.6000000000000001,0.6666666666666667
0.46153846153846156,0.49999999999999994,0.42105263157894735,0.33333333333333326,0.6000000000000001,0.6666666666666667
0.3076923076923077,0.5714285714285714,0.47368421052631576,0.4999999999999998,0.5,0.5
0.34615384615384615,0.5714285714285714,0.47368421052631576,0.4999999999999998,0.5,0.5
0.3846153846153847,0.5714285714285714,0.47368421052631576,0.4999999999999998,0.5,0.5
0.42307692307692313,0.5714285714285714,0.47368421052631576,0.4999999999999998,0.5,0.5
0.46153846153846156,0.5714285714285714,0.47368421052631576,0.4999999999999998,0.5,0.5
0.3076923076923077,0.6428571428571428,0.5263157894736843,0.6666666666666667,0.6000000000000001,0.6666666666666667
0.34615384615384615,0.6428571428571428,0.5263157894736843,0.6666666666666667,0.6000000000000001,0.6666666666666667
0.3846153846153847,0.6428571428571428,0.5263157894736843,0.6666666666666667,0.6000000000000001,0.6666666666666667
0.42307692307692313,0.6428571428571428,0.5263157894736843,0.6666666666666667,0.6000000000000001,0.6666666666666667
0.46153846153846156,0.6428571428571428,0.5263157894736843,0.6666666666666667,0.6000000000000001,0.6666666666666667
0.3076923076923077,0.7142857142857142,0.5789473684210527,0.16666666666666674,0.5,0.5
0.34615384615384615,0.7142857142857142,0.5789473684210527,0.16666666666666674,0.5,0.5
0.3846153846153847,0.7142857142857142,0.5789473684210527,0.16666666666666674,0.5,0.5
0.42307692307692313,0.7142857142857142,0.5789473684210527,0.16666666666666674,0.5,0.5
0.46153846153846156,0.7142857142857142,0.5789473684210527,0.16666666666666674,0.5,0.5
0.3076923076923077,0.42857142857142855,0.42105263157894735,0.33333333333333326,0.6000000000000001,0.6666666666666667
0.34615384615384615,0.42857142857142855,0.42105263157894735,0.33333333333333326,0.6000000000000001,0.6666666666666667
0.3846153846153847,0.42857142857142855,0.42105263157894735,0.33333333333333326,0.6000000000000001,0.6666666666666667
0.42307692307692313,0.42857142857142855,0.42105263157894735,0.33333333333333326,0.6000000000000001,0.6666666666666667
0.46153846153846156,0.42857142857142855,0.42105263157894735,0.33333333333333326,0.6000000000000001,0.6666666666666667
0.3076923076923077,0.49999999999999994,0.47368421052631576,0.4999999999999998,0.5,0.5
0.34615384615384615,0.49999999999999994,0.47368421052631576,0.4999999999999998,0.5,0.5
0.3846153846153847,0.49999999999999994,0.47368421052631576,0.4999999999999998,0.5,0.5
0.42307692307692313,0.49999999999999994,0.47368421052631576,0.4999999999999998,0.5,0.5
0.46153846153846156,0.49999999999999994,0.47368421052631576,0.4999999999999998,0.5,0.5
0.3076923076923077,0.5714285714285714,0.5263157894736843,0.6666666666666667,0.6000000000000001,0.6666666666666667
0.34615384615384615,0.5714285714285714,0.5263157894736843,0.6666666666666667,0.6000000000000001,0.6666666666666667
0.3846153846153847,0.5714285714285714,0.5263157894736843,0.6666666666666667,0.6000000000000001,0.6666666666666667
0.42307692307692313,0.5714285714285714,0.5263157894736843,0.6666666666666667,0.6000000000000001,0.6666666666666667
0.46153846153846156,0.5714285714285714,0.5263157894736843,0.6666666666666667,0.6000000000000001,0.6666666666666667
0.3076923076923077,0.6428571428571428,0.5789473684210527,0.16666666666666674,0.5,0.5
0.34615384615384615,0.6428571428571428,0.5789473684210527,0.16666666666666674,0.5,0.5
0.3846153846153847,0.6428571428571428,0.5789473684210527,0.16666666666666674,0.5,0.5
0.42307692307692313,0.6428571428571428,0.5789473684210527,0.16666666666666674,0.5,0.5
0.46153846153846156,0.6428571428571428,0.5789473684210527,0.16666666666666674,0.5,0.5
0.3076923076923077,0.7142857142857142,0.3684210526315789,0.33333333333333326,0.6000000000000001,0.6666666666666667
0.34615384615384615,0.7142857142857142,0.3684210526315789,0.33333333333333326,0.6000000000000001,0.6666666666666667
0.3846153846153847,0.7142857142857142,0.3684210526315789,0.33333333333333326,0.6000000000000001,0.6666666666666667
0.42307692307692313,0.7142857142857142,0.3684210526315789,0.33333333333333326,0.6000000000000001,0.6666666666666667
0.46153846153846156,0.7142857142857142,0.3684210526315789,0.33333333333333326,0.6000000000000001,0.6666666666666667
0.3076923076923077,0.42857142857142855,0.47368421052631576,0.4999999999999998,0.5,0.5
0.34615384615384615,0.42857142857142855,0.47368421052631576,0.4999999999999998,0.5,0.5
0.3846153846153847,0.42857142857142855,0.47368421052631576,0.4999999999999998,0.5,0.5
0.42307692307692313,0.42857142857142855,0.47368421052631576,0.4999999999999998,0.5,0.5
0.46153846153846156,0.42857142857142855,0.47368421052631576,0.4999999999999998,0.5,0.5
0.3076923076923077,0.49999999999999994,0.5263157894736843,0.6666666666666667,0.6000000000000001,0.6666666666666667
0.34615384615384615,0.49999999999999994,0.5263157894736843,0.6666666666666667,0.6000000000000001,0.6666666666666667
0.3846153846153847,0.49999999999999994,0.5263157894736843,0.6666666666666667,0.6000000000000001,0.6666666666666667
0.42307692307692313,0.49999999999999994,0.5263157894736843,0.6666666666666667,0.6000000000000001,0.6666666666666667
0.46153846153846156,0.49999999999999994,0.5263157894736843,0.6666666666666667,0.6000000000000001,0.6666666666666667
0.3076923076923077,0.5714285714285714,0.5789473684210527,0.16666666666666674,0.5,0.5
0.34615384615384615,0.5714285714285714,0.5789473684210527,0.16666666666666674,0.5,0.5
0.3846153846153847,0.5714285714285714,0.5789473684210527,0.16666666666666674,0.5,0.5
0.42307692307692313,0.5714285714285714,0.5789473684210527,0.16666666666666674,0.5,0.5
0.46153846153846156,0.5714285714285714,0.5789473684210527,0.16666666666666674,0.5,0.5
0.3076923076923077,0.6428571428571428,0.3684210526315789,0.33333333333333326,0.6000000000000001,0.6666666666666667
0.34615384615384615,0.6428571428571428,0.3684210526315789,0.33333333333333326,0.6000000000000001,0.6666666666666667
0.3846153846153847,0.6428571428571428,0.3684210526315789,0.33333333333333326,0.6000000000000001,0.6666666666666667
0.42307692307692313,0.6428571428571428,0.3684210526315789,0.33333333333333326,0.6000000000000001,0.6666666666666667
0.46153846153846156,0.6428571428571428,0.3684210526315789,0.33333333333333326,0.6000000000000001,0.6666666666666667
0.3076923076923077,0.7142857142857142,0.42105263157894735,0.4999999999999998,0.5,0.5
0.34615384615384615,0.7142857142857142,0.42105263157894735,0.4999999999999998,0.5,0.5
0.3846153846153847,0.7142857142857142,0.42105263157894735,0.4999999999999998,0.5,0.5
0.42307692307692313,0.7142857142857142,0.42105263157894735,0.4999999999999998,0.5,0.5
0.46153846153846156,0.7142857142857142,0.42105263157894735,0.4999999999999998,0.5,0.5
0.3076923076923077,0.42857142857142855,0.5263157894736843,0.6666666666666667,0.6000000000000001,0.6666666666666667
0.34615384615384615,0.42857142857142855,0.5263157894736843,0.6666666666666667,0.6000000000000001,0.6666666666666667
0.3846153846153847,0.42857142857142855,0.5263157894736843,0.6666666666666667,0.6000000000000001,0.6666666666666667
0.42307692307692313,0.42857142857142855,0.5263157894736843,0.6666666666666667,0.6000000000000001,0.6666666666666667
0.46153846153846156,0.42857142857142855,0.5263157894736843,0.6666666666666667,0.6000000000000001,0.6666666666666667
0.3076923076923077,0.49999999999999994,0.5789473684210527,0.16666666666666674,0.5,0.5
0.34615384615384615,0.49999999999999994,0.5789473684210527,0.16666666666666674,0.5,0.5
0.3846153846153847,0.49999999999999994,0.5789473684210527,0.16666666666666674,0.5,0.5
0.42307692307692313,0.49999999999999994,0.5789473684210527,0.16666666666666674,0.5,0.5
0.46153846153846156,0.49999999999999994,0.5789473684210527,0.16666666666666674,0.5,0.5
0.3076923076923077,0.5714285714285714,0.3684210526315789,0.33333333333333326,0.6000000000000001,0.6666666666666667
0.34615384615384615,0.5714285714285714,0.3684210526315789,0.33333333333333326,0.6000000000000001,0.6666666666666667
0.3846153846153847,0.5714285714285714,0.3684210526315789,0.33333333333333326,0.6000000000000001,0.6666666666666667
0.42307692307692313,0.5714285714285714,0.3684210526315789,0.33333333333333326,0.6000000000000001,0.6666666666666667
0.46153846153846156,0.5714285714285714,0.3684210526315789,0.33333333333333326,0.6000000000000001,0.6666666666666667
0.3076923076923077,0.6428571428571428,0.42105263157894735,0.4999999999999998,0.5,0.5
0.34615384615384615,0.6428571428571428,0.42105263157894735,0.4999999999999998,0.5,0.5
0.3846153846153847,0.6428571428571428,0.42105263157894735,0.4999999999999998,0.5,0.5
0.42307692307692313,0.6428571428571428,0.42105263157894735,0.4999999999999998,0.5,0.5
0.46153846153846156,0.6428571428571428,0.42105263157894735,0.4999999999999998,0.5,0.5
0.3076923076923077,0.7142857142857142,0.47368421052631576,0.6666666666666667,0.6000000000000001,0.6666666666666667
0.34615384615384615,0.7142857142857142,0.47368421052631576,0.6666666666666667,0.6000000000000001,0.6666666666666667
0.3846153846153847,0.7142857142857142,0.47368421052631576,0.6666666666666667,0.6000000000000001,0.6666666666666667
0.42307692307692313,0.7142857142857142,0.47368421052631576,0.6666666666666667,0.6000000000000001,0.6666666666666667
0.46153846153846156,0.7142857142857142,0.47368421052631576,0.6666666666666667,0.6000000000000001,0.6666666666666667
0.3076923076923077,0.42857142857142855,0.5789473684210527,0.16666666666666674,0.5,0.5
0.34615384615384615,0.42857142857142855,0.5789473684210527,0.16666666666666674,0.5,0.5
0.3846153846153847,0.42857142857142855,0.5789473684210527,0.16666666666666674,0.5,0.5
0.42307692307692313,0.42857142857142855,0.5789473684210527,0.16666666666666674,0.5,0.5
0.46153846153846156,0.42857142857142855,0.5789473684210527,0.16666666666666674,0.5,0.5
0.3076923076923077,0.49999999999999994,0.3684210526315789,0.33333333333333326,0.6000000000000001,0.6666666666666667
0.34615384615384615,0.49999999999999994,0.3684210526315789,0.33333333333333326,0.6000000000000001,0.6666666666666667
0.3846153846153847,0.49999999999999994,0.3684210526315789,0.33333333333333326,0.6000000000000001,0.6666666666666667
0.42307692307692313,0.49999999999999994,0.3684210526315789,0.33333333333333326,0.6000000000000001,0.6666666666666667
0.46153846153846156,0.49999999999999994,0.3684210526315789,0.33333333333333326,0.6000000000000001,0.6666666666666667
0.3076923076923077,0.5714285714285714,0.42105263157894735,0.4999999999999998,0.5,0.5
0.34615384615384615,0.5714285714285714,0.42105263157894735,0.4999999999999998,0.5,0.5
0.3846153846153847,0.5714285714285714,0.42105263157894735,0.4999999999999998,0.5,0.5
0.42307692307692313,0.5714285714285714,0.42105263157894735,0.4999999999999998,0.5,0.5
0.46153846153846156,0.5714285714285714,0.42105263157894735,0.4999999999999998,0.5,0.5
0.3076923076923077,0.6428571428571428,0.47368421052631576,0.6666666666666667,0.6000000000000001,0.6666666666666667
0.34615384615384615,0.6428571428571428,0.47368421052631576,0.6666666666666667,0.6000000000000001,0.6666666666666667
0.3846153846153847,0.6428571428571428,0.47368421052631576,0.6666666666666667,0.6000000000000001,0.6666666666666667
0.42307692307692313,0.6428571428571428,0.47368421052631576,0.6666666666666667,0.6000000000000001,0.6666666666666667
0.46153846153846156,0.6428571428571428,0.47368421052631576,0.6666666666666667,0.6000000000000001,0.6666666666666667
0.3076923076923077,0.7142857142857142,0.42105263157894735,0.16666666666666674,0.5,0.5
0.34615384615384615,0.7142857142857142,0.42105263157894735,0.16666666666666674,0.5,0.5
0.3846153846153847,0.7142857142857142,0.42105263157894735,0.16666666666666674,0.5,0.5
0.42307692307692313,0.7142857142857142,0.42105263157894735,0.16666666666666674,0.5,0.5
0.46153846153846156,0.7142857142857142,0.42105263157894735,0.16666666666666674,0.5,0.5
0.0,0.42857142857142855,0.15789473684210525,0.16666666666666674,0.5,0.5
0.038461538461538464,0.42857142857142855,0.15789473684210525,0.16666666666666674,0.5,0.5
0.07692307692307693,0.42857142857142855,0.15789473684210525,0.16666666666666674,0.5,0.5
0.0,0.49999999999999994,0.21052631578947367,0.33333333333333326,0.6000000000000001,0.6666666666666667
0.038461538461538464,0.49999999999999994,0.21052631578947367,0.33333333333333326,0.6000000000000001,0.6666666666666667
0.07692307692307693,0.49999999999999994,0.21052631578947367,0.33333333333333326,0.6000000000000001,0.6666666666666667
0.0,0.42857142857142855,0.21052631578947367,0.16666666666666674,0.6000000000000001,0.6666666666666667
0.038461538461538464,0.42857142857142855,0.21052631578947367,0.16666666666666674,0.6000000000000001,0.6666666666666667
0.07692307692307693,0.42857142857142855,0.21052631578947367,0.16666666666666674,0.6000000000000001,0.6666666666666667
0.0,0.49999999999999994,0.2631578947368421,0.33333333333333326,0.5,0.5
0.038461538461538464,0.49999999999999994,0.2631578947368421,0.33333333333333326,0.5,0.5
0.07692307692307693,0.49999999999999994,0.2631578947368421,0.33333333333333326,0.5,0.5
0.0,0.5714285714285714,0.15789473684210525,0.4999999999999998,0.6000000000000001,0.6666666666666667
0.038461538461538464,0.5714285714285714,0.15789473684210525,0.4999999999999998,0.6000000000000001,0.6666666666666667
0.07692307692307693,0.5714285714285714,0.15789473684210525,0.4999999999999998,0.6000000000000001,0.6666666666666667
0.0,0.42857142857142855,0.2631578947368421,0.16666666666666674,0.5,0.5
0.038461538461538464,0.42857142857142855,0.2631578947368421,0.16666666666666674,0.5,0.5
0.07692307692307693,0.42857142857142855,0.2631578947368421,0.16666666666666674,0.5,0.5
0.0,0.49999999999999994,0.15789473684210525,0.33333333333333326,0.6000000000000001,0.6666666666666667
0.038461538461538464,0.49999999999999994,0.15789473684210525,0.33333333333333326,0.6000000000000001,0.6666666666666667
0.07692307692307693,0.49999999999999994,0.15789473684210525,0.33333333333333326,0.6000000000000001,0.6666666666666667
0.0,0.5714285714285714,0.21052631578947367,0.4999999999999998,0.5,0.5
0.038461538461538464,0.5714285714285714,0.21052631578947367,0.4999999999999998,0.5,0.5
0.07692307692307693,0.5714285714285714,0.21052631578947367,0.4999999999999998,0.5,0.5
0.6153846153846154,0.14285714285714285,0.42105263157894735,0.16666666666666674,0.4000000000000001,0.5
0.6538461538461539,0.14285714285714285,0.42105263157894735,0.16666666666666674,0.4000000000000001,0.5
0.6923076923076924,0.14285714285714285,0.42105263157894735,0.16666666666666674,0.4000000000000001,0.5
0.7307692307692308,0.14285714285714285,0.42105263157894735,0.16666666666666674,0.4000000000000001,0.5
0.7692307692307693,0.14285714285714285,0.42105263157894735,0.16666666666666674,0.4000000000000001,0.5
0.6153846153846154,0.2142857142857143,0.47368421052631576,0.33333333333333326,0.5,0.6666666666666667
0.6538461538461539,0.2142857142857143,0.47368421052631576,0.33333333333333326,0.5,0.6666666666666667
0.6923076923076924,0.2142857142857143,0.47368421052631576,0.33333333333333326,0.5,0.6666666666666667
0.7307692307692308,0.2142857142857143,0.47368421052631576,0.33333333333333326,0.5,0.6666666666666667
0.7692307692307693,0.2142857142857143,0.47368421052631576,0.33333333333333326,0.5,0.6666666666666667
0.6153846153846154,0.2857142857142857,0.5263157894736843,0.4999999999999998,0.6000000000000001,0.8333333333333335
0.6538461538461539,0.2857142857142857,0.5263157894736843,0.4999999999999998,0.6000000000000001,0.8333333333333335
0.6923076923076924,0.2857142857142857,0.5263157894736843,0.4999999999999998,0.6000000000000001,0.8333333333333335
0.7307692307692308,0.2857142857142857,0.5263157894736843,0.4999999999999998,0.6000000000000001,0.8333333333333335
0.7692307692307693,0.2857142857142857,0.5263157894736843,0.4999999999999998,0.6000000000000001,0.8333333333333335
0.6153846153846154,0.14285714285714285,0.47368421052631576,0.6666666666666667,0.7,0.5
0.6538461538461539,0.14285714285714285,0.47368421052631576,0.6666666666666667,0.7,0.5
0.6923076923076924,0.14285714285714285,0.47368421052631576,0.6666666666666667,0.7,0.5
0.7307692307692308,0.14285714285714285,0.47368421052631576,0.6666666666666667,0.7,0.5
0.7692307692307693,0.14285714285714285,0.47368421052631576,0.6666666666666667,0.7,0.5
0.6153846153846154,0.2142857142857143,0.5263157894736843,0.16666666666666674,0.4000000000000001,0.6666666666666667
0.6538461538461539,0.2142857142857143,0.5263157894736843,0.16666666666666674,0.4000000000000001,0.6666666666666667
0.6923076923076924,0.2142857142857143,0.5263157894736843,0.16666666666666674,0.4000000000000001,0.6666666666666667
0.7307692307692308,0.2142857142857143,0.5263157894736843,0.16666666666666674,0.4000000000000001,0.6666666666666667
0.7692307692307693,0.2142857142857143,0.5263157894736843,0.16666666666666674,0.4000000000000001,0.6666666666666667
0.6153846153846154,0.2857142857142857,0.42105263157894735,0.33333333333333326,0.5,0.8333333333333335
0.6538461538461539,0.2857142857142857,0.42105263157894735,0.33333333333333326,0.5,0.8333333333333335
0.6923076923076924,0.2857142857142857,0.42105263157894735,0.33333333333333326,0.5,0.8333333333333335
0.7307692307692308,0.2857142857142857,0.42105263157894735,0.33333333333333326,0.5,0.8333333333333335
0.7692307692307693,0.2857142857142857,0.42105263157894735,0.33333333333333326,0.5,0.8333333333333335
0.6153846153846154,0.14285714285714285,0.5263157894736843,0.4999999999999998,0.6000000000000001,0.5
0.6538461538461539,0.14285714285714285,0.5263157894736843,0.4999999999999998,0.6000000000000001,0.5
0.6923076923076924,0.14285714285714285,0.5263157894736843,0.4999999999999998,0.6000000000000001,0.5
0.7307692307692308,0.14285714285714285,0.5263157894736843,0.4999999999999998,0.6000000000000001,0.5
0.7692307692307693,0.14285714285714285,0.5263157894736843,0.4999999999999998,0.6000000000000001,0.5
0.6153846153846154,0.2142857142857143,0.42105263157894735,0.6666666666666667,0.7,0.6666666666666667
0.6538461538461539,0.2142857142857143,0.42105263157894735,0.6666666666666667,0.7,0.6666666666666667
0.6923076923076924,0.2142857142857143,0.42105263157894735,0.6666666666666667,0.7,0.6666666666666667
0.7307692307692308,0.2142857142857143,0.42105263157894735,0.6666666666666667,0.7,0.6666666666666667
0.7692307692307693,0.2142857142857143,0.42105263157894735,0.6666666666666667,0.7,0.6666666666666667
0.6153846153846154,0.2857142857142857,0.47368421052631576,0.16666666666666674,0.4000000000000001,0.8333333333333335
0.6538461538461539,0.2857142857142857,0.47368421052631576,0.16666666666666674,0.4000000000000001,0.8333333333333335
0.6923076923076924,0.2857142857142857,0.47368421052631576,0.16666666666666674,0.4000000000000001,0.8333333333333335
0.7307692307692308,0.2857142857142857,0.47368421052631576,0.16666666666666674,0.4000000000000001,0.8333333333333335
0.7692307692307693,0.2857142857142857,0.47368421052631576,0.16666666666666674,0.4000000000000001,0.8333333333333335
0.11538461538461542,0.42857142857142855,0.15789473684210525,0.16666666666666674,0.3,0.5
0.15384615384615385,0.42857142857142855,0.15789473684210525,0.16666666666666674,0.3,0.5
0.11538461538461542,0.49999999999999994,0.21052631578947367,0.33333333333333326,0.4000000000000001,0.6666666666666667
0.15384615384615385,0.49999999999999994,0.21052631578947367,0.33333333333333326,0.4000000000000001,0.6666666666666667
0.07692307692307693,0.5714285714285714,0.2631578947368421,0.4999999999999998,0.5,0.8333333333333335
0.11538461538461542,0.5714285714285714,0.2631578947368421,0.4999999999999998,0.5,0.8333333333333335
0.15384615384615385,0.5714285714285714,0.2631578947368421,0.4999999999999998,0.5,0.8333333333333335
0.07692307692307693,0.6428571428571428,0.15789473684210525,0.16666666666666674,0.3,0.5
0.11538461538461542,0.6428571428571428,0.15789473684210525,0.16666666666666674,0.3,0.5
0.15384615384615385,0.6428571428571428,0.15789473684210525,0.16666666666666674,0.3,0.5
0.07692307692307693,0.7142857142857142,0.21052631578947367,0.33333333333333326,0.4000000000000001,0.6666666666666667
0.11538461538461542,0.7142857142857142,0.21052631578947367,0.33333333333333326,0.4000000000000001,0.6666666666666667
0.15384615384615385,0.7142857142857142,0.21052631578947367,0.33333333333333326,0.4000000000000001,0.6666666666666667
0.07692307692307693,0.42857142857142855,0.2631578947368421,0.4999999999999998,0.5,0.8333333333333335
0.11538461538461542,0.42857142857142855,0.2631578947368421,0.4999999999999998,0.5,0.8333333333333335
0.15384615384615385,0.42857142857142855,0.2631578947368421,0.4999999999999998,0.5,0.8333333333333335
0.07692307692307693,0.49999999999999994,0.15789473684210525,0.16666666666666674,0.3,0.5
0.11538461538461542,0.49999999999999994,0.15789473684210525,0.16666666666666674,0.3,0.5
0.15384615384615385,0.49999999999999994,0.15789473684210525,0.16666666666666674,0.3,0.5
0.07692307692307693,0.5714285714285714,0.21052631578947367,0.33333333333333326,0.4000000000000001,0.6666666666666667
0.11538461538461542,0.5714285714285714,0.21052631578947367,0.33333333333333326,0.4000000000000001,0.6666666666666667
0.15384615384615385,0.5714285714285714,0.21052631578947367,0.33333333333333326,0.4000000000000001,0.6666666666666667
0.07692307692307693,0.6428571428571428,0.2631578947368421,0.4999999999999998,0.5,0.8333333333333335
0.11538461538461542,0.6428571428571428,0.2631578947368421,0.4999999999999998,0.5,0.8333333333333335
0.15384615384615385,0.6428571428571428,0.2631578947368421,0.4999999999999998,0.5,0.8333333333333335
0.07692307692307693,0.7142857142857142,0.15789473684210525,0.16666666666666674,0.3,0.5
0.11538461538461542,0.7142857142857142,0.15789473684210525,0.16666666666666674,0.3,0.5
0.15384615384615385,0.7142857142857142,0.15789473684210525,0.16666666666666674,0.3,0.5
0.07692307692307693,0.42857142857142855,0.21052631578947367,0.33333333333333326,0.4000000000000001,0.6666666666666667
0.11538461538461542,0.42857142857142855,0.21052631578947367,0.33333333333333326,0.4000000000000001,0.6666666666666667
0.15384615384615385,0.42857142857142855,0.21052631578947367,0.33333333333333326,0.4000000000000001,0.6666666666666667
0.07692307692307693,0.49999999999999994,0.2631578947368421,0.4999999999999998,0.5,0.8333333333333335
0.11538461538461542,0.49999999999999994,0.2631578947368421,0.4999999999999998,0.5,0.8333333333333335
0.15384615384615385,0.49999999999999994,0.2631578947368421,0.4999999999999998,0.5,0.8333333333333335
0.07692307692307693,0.5714285714285714,0.15789473684210525,0.16666666666666674,0.3,0.5
0.11538461538461542,0.5714285714285714,0.15789473684210525,0.16666666666666674,0.3,0.5
0.15384615384615385,0.5714285714285714,0.15789473684210525,0.16666666666666674,0.3,0.5
0.07692307692307693,0.6428571428571428,0.21052631578947367,0.33333333333333326,0.4000000000000001,0.6666666666666667
0.11538461538461542,0.6428571428571428,0.21052631578947367,0.33333333333333326,0.4000000000000001,0.6666666666666667
0.15384615384615385,0.6428571428571428,0.21052631578947367,0.33333333333333326,0.4000000000000001,0.6666666666666667
0.07692307692307693,0.7142857142857142,0.2631578947368421,0.4999999999999998,0.5,0.8333333333333335
0.11538461538461542,0.7142857142857142,0.2631578947368421,0.4999999999999998,0.5,0.8333333333333335
0.15384615384615385,0.7142857142857142,0.2631578947368421,0.4999999999999998,0.5,0.8333333333333335
0.15384615384615385,0.14285714285714285,0.15789473684210525,0.33333333333333326,0.10000000000000003,0.5
0.1923076923076923,0.14285714285714285,0.15789473684210525,0.33333333333333326,0.10000000000000003,0.5
0.23076923076923078,0.14285714285714285,0.15789473684210525,0.33333333333333326,0.10000000000000003,0.5
0.15384615384615385,0.2142857142857143,0.21052631578947367,0.4999999999999998,0.2,0.6666666666666667
0.1923076923076923,0.2142857142857143,0.21052631578947367,0.4999999999999998,0.2,0.6666666666666667
0.23076923076923078,0.2142857142857143,0.21052631578947367,0.4999999999999998,0.2,0.6666666666666667
0.15384615384615385,0.2857142857142857,0.2631578947368421,0.6666666666666667,0.3,0.8333333333333335
0.1923076923076923,0.2857142857142857,0.2631578947368421,0.6666666666666667,0.3,0.8333333333333335
0.23076923076923078,0.2857142857142857,0.2631578947368421,0.6666666666666667,0.3,0.8333333333333335
0.15384615384615385,0.14285714285714285,0.21052631578947367,0.33333333333333326,0.10000000000000003,0.5
0.1923076923076923,0.14285714285714285,0.21052631578947367,0.33333333333333326,0.10000000000000003,0.5
0.23076923076923078,0.14285714285714285,0.21052631578947367,0.33333333333333326,0.10000000000000003,0.5
0.15384615384615385,0.2142857142857143,0.2631578947368421,0.4999999999999998,0.2,0.6666666666666667
0.1923076923076923,0.2142857142857143,0.2631578947368421,0.4999999999999998,0.2,0.6666666666666667
0.23076923076923078,0.2142857142857143,0.2631578947368421,0.4999999999999998,0.2,0.6666666666666667
0.15384615384615385,0.2857142857142857,0.15789473684210525,0.6666666666666667,0.3,0.8333333333333335
0.1923076923076923,0.2857142857142857,0.15789473684210525,0.6666666666666667,0.3,0.8333333333333335
0.23076923076923078,0.2857142857142857,0.15789473684210525,0.6666666666666667,0.3,0.8333333333333335
0.15384615384615385,0.14285714285714285,0.2631578947368421,0.33333333333333326,0.10000000000000003,0.5
0.1923076923076923,0.14285714285714285,0.2631578947368421,0.33333333333333326,0.10000000000000003,0.5
0.23076923076923078,0.14285714285714285,0.2631578947368421,0.33333333333333326,0.10000000000000003,0.5
0.15384615384615385,0.2142857142857143,0.15789473684210525,0.4999999999999998,0.2,0.6666666666666667
0.1923076923076923,0.2142857142857143,0.15789473684210525,0.4999999999999998,0.2,0.6666666666666667
0.23076923076923078,0.2142857142857143,0.15789473684210525,0.4999999999999998,0.2,0.6666666666666667
0.15384615384615385,0.2857142857142857,0.21052631578947367,0.6666666666666667,0.3,0.8333333333333335
0.1923076923076923,0.2857142857142857,0.21052631578947367,0.6666666666666667,0.3,0.8333333333333335
0.23076923076923078,0.2857142857142857,0.21052631578947367,0.6666666666666667,0.3,0.8333333333333335
0.6153846153846154,0.5714285714285714,0.47368421052631576,0.0,0.4000000000000001,0.8333333333333335
0.6538461538461539,0.5714285714285714,0.47368421052631576,0.0,0.4000000000000001,0.8333333333333335
0.6923076923076924,0.5714285714285714,0.47368421052631576,0.0,0.4000000000000001,0.8333333333333335
0.7307692307692308,0.5714285714285714,0.47368421052631576,0.0,0.4000000000000001,0.8333333333333335
0.7692307692307693,0.5714285714285714,0.47368421052631576,0.0,0.4000000000000001,0.8333333333333335
0.6153846153846154,0.6428571428571428,0.5263157894736843,0.16666666666666674,0.5,1.0
0.6538461538461539,0.6428571428571428,0.5263157894736843,0.16666666666666674,0.5,1.0
0.6923076923076924,0.6428571428571428,0.5263157894736843,0.16666666666666674,0.5,1.0
0.7307692307692308,0.6428571428571428,0.5263157894736843,0.16666666666666674,0.5,1.0
0.7692307692307693,0.6428571428571428,0.5263157894736843,0.16666666666666674,0.5,1.0
0.6153846153846154,0.7142857142857142,0.5789473684210527,0.33333333333333326,0.6000000000000001,0.8333333333333335
0.6538461538461539,0.7142857142857142,0.5789473684210527,0.33333333333333326,0.6000000000000001,0.8333333333333335
0.6923076923076924,0.7142857142857142,0.5789473684210527,0.33333333333333326,0.6000000000000001,0.8333333333333335
0.7307692307692308,0.7142857142857142,0.5789473684210527,0.33333333333333326,0.6000000000000001,0.8333333333333335
0.7692307692307693,0.7142857142857142,0.5789473684210527,0.33333333333333326,0.6000000000000001,0.8333333333333335
0.6153846153846154,0.5714285714285714,0.5263157894736843,0.0,0.4000000000000001,1.0
0.6538461538461539,0.5714285714285714,0.5263157894736843,0.0,0.4000000000000001,1.0
0.6923076923076924,0.5714285714285714,0.5263157894736843,0.0,0.4000000000000001,1.0
0.7307692307692308,0.5714285714285714,0.5263157894736843,0.0,0.4000000000000001,1.0
0.7692307692307693,0.5714285714285714,0.5263157894736843,0.0,0.4000000000000001,1.0
0.6153846153846154,0.6428571428571428,0.5789473684210527,0.16666666666666674,0.5,0.8333333333333335
0.6538461538461539,0.6428571428571428,0.5789473684210527,0.16666666666666674,0.5,0.8333333333333335
0.6923076923076924,0.6428571428571428,0.5789473684210527,0.16666666666666674,0.5,0.8333333333333335
0.7307692307692308,0.6428571428571428,0.5789473684210527,0.16666666666666674,0.5,0.8333333333333335
0.7692307692307693,0.6428571428571428,0.5789473684210527,0.16666666666666674,0.5,0.8333333333333335
0.6153846153846154,0.7142857142857142,0.47368421052631576,0.33333333333333326,0.6000000000000001,1.0
0.6538461538461539,0.7142857142857142,0.47368421052631576,0.33333333333333326,0.6000000000000001,1.0
0.6923076923076924,0.7142857142857142,0.47368421052631576,0.33333333333333326,0.6000000000000001,1.0
0.7307692307692308,0.7142857142857142,0.47368421052631576,0.33333333333333326,0.6000000000000001,1.0
0.7692307692307693,0.7142857142857142,0.47368421052631576,0.33333333333333326,0.6000000000000001,1.0
0.6153846153846154,0.5714285714285714,0.5789473684210527,0.0,0.4000000000000001,0.8333333333333335
0.6538461538461539,0.5714285714285714,0.5789473684210527,0.0,0.4000000000000001,0.8333333333333335
0.6923076923076924,0.5714285714285714,0.5789473684210527,0.0,0.4000000000000001,0.8333333333333335
0.7307692307692308,0.5714285714285714,0.5789473684210527,0.0,0.4000000000000001,0.8333333333333335
0.7692307692307693,0.5714285714285714,0.5789473684210527,0.0,0.4000000000000001,0.8333333333333335
0.6153846153846154,0.6428571428571428,0.47368421052631576,0.16666666666666674,0.5,1.0
0.6538461538461539,0.6428571428571428,0.47368421052631576,0.16666666666666674,0.5,1.0
0.6923076923076924,0.6428571428571428,0.47368421052631576,0.16666666666666674,0.5,1.0
0.7307692307692308,0.6428571428571428,0.47368421052631576,0.16666666666666674,0.5,1.0
0.7692307692307693,0.6428571428571428,0.47368421052631576,0.16666666666666674,0.5,1.0
0.6153846153846154,0.7142857142857142,0.5263157894736843,0.33333333333333326,0.6000000000000001,0.8333333333333335
0.6538461538461539,0.7142857142857142,0.5263157894736843,0.33333333333333326,0.6000000000000001,0.8333333333333335
0.6923076923076924,0.7142857142857142,0.5263157894736843,0.33333333333333326,0.6000000000000001,0.8333333333333335
0.7307692307692308,0.7142857142857142,0.5263157894736843,0.33333333333333326,0.6000000000000001,0.8333333333333335
0.7692307692307693,0.7142857142857142,0.5263157894736843,0.33333333333333326,0.6000000000000001,0.8333333333333335
0.23076923076923078,0.2857142857142857,0.2631578947368421,0.16666666666666674,0.4000000000000001,0.5
0.2692307692307693,0.2857142857142857,0.2631578947368421,0.16666666666666674,0.4000000000000001,0.5
0.3076923076923077,0.2857142857142857,0.2631578947368421,0.16666666666666674,0.4000000000000001,0.5
0.34615384615384615,0.2857142857142857,0.2631578947368421,0.16666666666666674,0.4000000000000001,0.5
0.3846153846153847,0.2857142857142857,0.2631578947368421,0.16666666666666674,0.4000000000000001,0.5
0.23076923076923078,0.35714285714285715,0.3157894736842105,0.33333333333333326,0.5,0.6666666666666667
0.2692307692307693,0.35714285714285715,0.3157894736842105,0.33333333333333326,0.5,0.6666666666666667
0.3076923076923077,0.35714285714285715,0.3157894736842105,0.33333333333333326,0.5,0.6666666666666667
0.34615384615384615,0.35714285714285715,0.3157894736842105,0.33333333333333326,0.5,0.6666666666666667
0.3846153846153847,0.35714285714285715,0.3157894736842105,0.33333333333333326,0.5,0.6666666666666667
0.23076923076923078,0.42857142857142855,0.3684210526315789,0.4999999999999998,0.6000000000000001,0.8333333333333335
0.2692307692307693,0.42857142857142855,0.3684210526315789,0.4999999999999998,0.6000000000000001,0.8333333333333335
0.3076923076923077,0.42857142857142855,0.3684210526315789,0.4999999999999998,0.6000000000000001,0.8333333333333335
0.34615384615384615,0.42857142857142855,0.3684210526315789,0.4999999999999998,0.6000000000000001,0.8333333333333335
0.3846153846153847,0.42857142857142855,0.3684210526315789,0.4999999999999998,0.6000000000000001,0.8333333333333335
0.23076923076923078,0.2857142857142857,0.3157894736842105,0.16666666666666674,0.4000000000000001,0.5
0.2692307692307693,0.2857142857142857,0.3157894736842105,0.16666666666666674,0.4000000000000001,0.5
0.3076923076923077,0.2857142857142857,0.3157894736842105,0.16666666666666674,0.4000000000000001,0.5
0.34615384615384615,0.2857142857142857,0.3157894736842105,0.16666666666666674,0.4000000000000001,0.5
0.3846153846153847,0.2857142857142857,0.3157894736842105,0.16666666666666674,0.4000000000000001,0.5
0.23076923076923078,0.35714285714285715,0.3684210526315789,0.33333333333333326,0.5,0.6666666666666667
0.2692307692307693,0.35714285714285715,0.3684210526315789,0.33333333333333326,0.5,0.6666666666666667
0.3076923076923077,0.35714285714285715,0.3684210526315789,0.33333333333333326,0.5,0.6666666666666667
0.34615384615384615,0.35714285714285715,0.3684210526315789,0.33333333333333326,0.5,0.6666666666666667
0.3846153846153847,0.35714285714285715,0.3684210526315789,0.33333333333333326,0.5,0.6666666666666667
0.23076923076923078,0.42857142857142855,0.2631578947368421,0.4999999999999998,0.6000000000000001,0.8333333333333335
0.2692307692307693,0.42857142857142855,0.2631578947368421,0.4999999999999998,0.6000000000000001,0.8333333333333335
0.3076923076923077,0.42857142857142855,0.2631578947368421,0.4999999999999998,0.6000000000000001,0.8333333333333335
0.34615384615384615,0.42857142857142855,0.2631578947368421,0.4999999999999998,0.6000000000000001,0.8333333333333335
0.3846153846153847,0.42857142857142855,0.2631578947368421,0.4999999999999998,0.6000000000000001,0.8333333333333335
0.23076923076923078,0.2857142857142857,0.3684210526315789,0.16666666666666674,0.4000000000000001,0.5
0.2692307692307693,0.2857142857142857,0.3684210526315789,0.16666666666666674,0.4000000000000001,0.5
0.3076923076923077,0.2857142857142857,0.3684210526315789,0.16666666666666674,0.4000000000000001,0.5
0.34615384615384615,0.2857142857142857,0.3684210526315789,0.16666666666666674,0.4000000000000001,0.5
0.3846153846153847,0.2857142857142857,0.3684210526315789,0.16666666666666674,0.4000000000000001,0.5
0.23076923076923078,0.35714285714285715,0.2631578947368421,0.33333333333333326,0.5,0.6666666666666667
0.2692307692307693,0.35714285714285715,0.2631578947368421,0.33333333333333326,0.5,0.6666666666666667
0.3076923076923077,0.35714285714285715,0.2631578947368421,0.33333333333333326,0.5,0.6666666666666667
0.34615384615384615,0.35714285714285715,0.2631578947368421,0.33333333333333326,0.5,0.6666666666666667
0.3846153846153847,0.35714285714285715,0.2631578947368421,0.33333333333333326,0.5,0.6666666666666667
0.23076923076923078,0.42857142857142855,0.3157894736842105,0.4999999999999998,0.6000000000000001,0.8333333333333335
0.2692307692307693,0.42857142857142855,0.3157894736842105,0.4999999999999998,0.6000000000000001,0.8333333333333335
0.3076923076923077,0.42857142857142855,0.3157894736842105,0.4999999999999998,0.6000000000000001,0.8333333333333335
0.34615384615384615,0.42857142857142855,0.3157894736842105,0.4999999999999998,0.6000000000000001,0.8333333333333335
0.3846153846153847,0.42857142857142855,0.3157894736842105,0.4999999999999998,0.6000000000000001,0.8333333333333335
0.0,0.2857142857142857,0.10526315789473684,0.16666666666666674,0.4000000000000001,0.3333333333333333
0.038461538461538464,0.2857142857142857,0.10526315789473684,0.16666666666666674,0.4000000000000001,0.3333333333333333
0.07692307692307693,0.2857142857142857,0.10526315789473684,0.16666666666666674,0.4000000000000001,0.3333333333333333
0.0,0.35714285714285715,0.15789473684210525,0.33333333333333326,0.5,0.5
0.038461538461538464,0.35714285714285715,0.15789473684210525,0.33333333333333326,0.5,0.5
0.07692307692307693,0.35714285714285715,0.15789473684210525,0.33333333333333326,0.5,0.5
0.0,0.42857142857142855,0.10526315789473684,0.4999999999999998,0.6000000000000001,0.6666666666666667
0.038461538461538464,0.42857142857142855,0.10526315789473684,0.4999999999999998,0.6000000000000001,0.6666666666666667
0.07692307692307693,0.42857142857142855,0.10526315789473684,0.4999999999999998,0.6000000000000001,0.6666666666666667
0.0,0.2857142857142857,0.15789473684210525,0.16666666666666674,0.4000000000000001,0.3333333333333333
0.038461538461538464,0.2857142857142857,0.15789473684210525,0.16666666666666674,0.4000000000000001,0.3333333333333333
0.07692307692307693,0.2857142857142857,0.15789473684210525,0.16666666666666674,0.4000000000000001,0.3333333333333333
0.0,0.35714285714285715,0.10526315789473684,0.33333333333333326,0.5,0.5
0.038461538461538464,0.35714285714285715,0.10526315789473684,0.33333333333333326,0.5,0.5
0.07692307692307693,0.35714285714285715,0.10526315789473684,0.33333333333333326,0.5,0.5
0.0,0.42857142857142855,0.15789473684210525,0.4999999999999998,0.6000000000000001,0.6666666666666667
0.038461538461538464,0.42857142857142855,0.15789473684210525,0.4999999999999998,0.6000000000000001,0.6666666666666667
0.07692307692307693,0.42857142857142855,0.15789473684210525,0.4999999999999998,0.6000000000000001,0.6666666666666667
0.6153846153846154,0.5714285714285714,0.3684210526315789,0.33333333333333326,0.4000000000000001,0.16666666666666669
0.6538461538461539,0.5714285714285714,0.3684210526315789,0.33333333333333326,0.4000000000000001,0.16666666666666669
0.6923076923076924,0.5714285714285714,0.3684210526315789,0.33333333333333326,0.4000000000000001,0.16666666666666669
0.7307692307692308,0.5714285714285714,0.3684210526315789,0.33333333333333326,0.4000000000000001,0.16666666666666669
0.7692307692307693,0.5714285714285714,0.3684210526315789,0.33333333333333326,0.4000000000000001,0.16666666666666669
0.6153846153846154,0.6428571428571428,0.42105263157894735,0.4999999999999998,0.5,0.3333333333333333
0.6538461538461539,0.6428571428571428,0.42105263157894735,0.4999999999999998,0.5,0.3333333333333333
0.6923076923076924,0.6428571428571428,0.42105263157894735,0.4999999999999998,0.5,0.3333333333333333
0.7307692307692308,0.6428571428571428,0.42105263157894735,0.4999999999999998,0.5,0.3333333333333333
0.7692307692307693,0.6428571428571428,0.42105263157894735,0.4999999999999998,0.5,0.3333333333333333
0.6153846153846154,0.5714285714285714,0.42105263157894735,0.33333333333333326,0.4000000000000001,0.3333333333333333
0.6538461538461539,0.5714285714285714,0.42105263157894735,0.33333333333333326,0.4000000000000001,0.3333333333333333
0.6923076923076924,0.5714285714285714,0.42105263157894735,0.33333333333333326,0.4000000000000001,0.3333333333333333
0.7307692307692308,0.5714285714285714,0.42105263157894735,0.33333333333333326,0.4000000000000001,0.3333333333333333
0.7692307692307693,0.5714285714285714,0.42105263157894735,0.33333333333333326,0.4000000000000001,0.3333333333333333
0.6153846153846154,0.6428571428571428,0.47368421052631576,0.4999999999999998,0.5,0.16666666666666669
0.6538461538461539,0.6428571428571428,0.47368421052631576,0.4999999999999998,0.5,0.16666666666666669
0.6923076923076924,0.6428571428571428,0.47368421052631576,0.4999999999999998,0.5,0.16666666666666669
0.7307692307692308,0.6428571428571428,0.47368421052631576,0.4999999999999998,0.5,0.16666666666666669
0.7692307692307693,0.6428571428571428,0.47368421052631576,0.4999999999999998,0.5,0.16666666666666669
0.6153846153846154,0.7142857142857142,0.3684210526315789,0.6666666666666667,0.6000000000000001,0.3333333333333333
0.6538461538461539,0.7142857142857142,0.3684210526315789,0.6666666666666667,0.6000000000000001,0.3333333333333333
0.6923076923076924,0.7142857142857142,0.3684210526315789,0.6666666666666667,0.6000000000000001,0.3333333333333333
0.7307692307692308,0.7142857142857142,0.3684210526315789,0.6666666666666667,0.6000000000000001,0.3333333333333333
0.7692307692307693,0.7142857142857142,0.3684210526315789,0.6666666666666667,0.6000000000000001,0.3333333333333333
0.6153846153846154,0.5714285714285714,0.47368421052631576,0.33333333333333326,0.4000000000000001,0.16666666666666669
0.6538461538461539,0.5714285714285714,0.47368421052631576,0.33333333333333326,0.4000000000000001,0.16666666666666669
0.6923076923076924,0.5714285714285714,0.47368421052631576,0.33333333333333326,0.4000000000000001,0.16666666666666669
0.7307692307692308,0.5714285714285714,0.47368421052631576,0.33333333333333326,0.4000000000000001,0.16666666666666669
0.7692307692307693,0.5714285714285714,0.47368421052631576,0.33333333333333326,0.4000000000000001,0.16666666666666669
0.6153846153846154,0.6428571428571428,0.3684210526315789,0.4999999999999998,0.5,0.3333333333333333
0.6538461538461539,0.6428571428571428,0.3684210526315789,0.4999999999999998,0.5,0.3333333333333333
0.6923076923076924,0.6428571428571428,0.3684210526315789,0.4999999999999998,0.5,0.3333333333333333
0.7307692307692308,0.6428571428571428,0.3684210526315789,0.4999999999999998,0.5,0.3333333333333333
0.7692307692307693,0.6428571428571428,0.3684210526315789,0.4999999999999998,0.5,0.3333333333333333
0.6153846153846154,0.7142857142857142,0.42105263157894735,0.6666666666666667,0.6000000000000001,0.16666666666666669
0.6538461538461539,0.7142857142857142,0.42105263157894735,0.6666666666666667,0.6000000000000001,0.16666666666666669
0.6923076923076924,0.7142857142857142,0.42105263157894735,0.6666666666666667,0.6000000000000001,0.16666666666666669
0.7307692307692308,0.7142857142857142,0.42105263157894735,0.6666666666666667,0.6000000000000001,0.16666666666666669
0.7692307692307693,0.7142857142857142,0.42105263157894735,0.6666666666666667,0.6000000000000001,0.16666666666666669
0.0,0.2857142857142857,0.15789473684210525,0.0,0.4000000000000001,0.5
0.038461538461538464,0.2857142857142857,0.15789473684210525,0.0,0.4000000000000001,0.5
0.07692307692307693,0.2857142857142857,0.15789473684210525,0.0,0.4000000000000001,0.5
0.0,0.35714285714285715,0.21052631578947367,0.16666666666666674,0.5,0.6666666666666667
0.038461538461538464,0.35714285714285715,0.21052631578947367,0.16666666666666674,0.5,0.6666666666666667
0.07692307692307693,0.35714285714285715,0.21052631578947367,0.16666666666666674,0.5,0.6666666666666667
0.0,0.42857142857142855,0.2631578947368421,0.33333333333333326,0.6000000000000001,0.8333333333333335
0.038461538461538464,0.42857142857142855,0.2631578947368421,0.33333333333333326,0.6000000000000001,0.8333333333333335
0.07692307692307693,0.42857142857142855,0.2631578947368421,0.33333333333333326,0.6000000000000001,0.8333333333333335
0.0,0.2857142857142857,0.21052631578947367,0.0,0.4000000000000001,0.5
0.038461538461538464,0.2857142857142857,0.21052631578947367,0.0,0.4000000000000001,0.5
0.07692307692307693,0.2857142857142857,0.21052631578947367,0.0,0.4000000000000001,0.5
0.0,0.35714285714285715,0.2631578947368421,0.16666666666666674,0.5,0.6666666666666667
0.038461538461538464,0.35714285714285715,0.2631578947368421,0.16666666666666674,0.5,0.6666666666666667
0.07692307692307693,0.35714285714285715,0.2631578947368421,0.16666666666666674,0.5,0.6666666666666667
0.0,0.42857142857142855,0.15789473684210525,0.33333333333333326,0.6000000000000001,0.8333333333333335
0.038461538461538464,0.42857142857142855,0.15789473684210525,0.33333333333333326,0.6000000000000001,0.8333333333333335
0.07692307692307693,0.42857142857142855,0.15789473684210525,0.33333333333333326,0.6000000000000001,0.8333333333333335
0.0,0.2857142857142857,0.2631578947368421,0.0,0.4000000000000001,0.5
0.038461538461538464,0.2857142857142857,0.2631578947368421,0.0,0.4000000000000001,0.5
0.07692307692307693,0.2857142857142857,0.2631578947368421,0.0,0.4000000000000001,0.5
0.0,0.35714285714285715,0.15789473684210525,0.16666666666666674,0.5,0.6666666666666667
0.038461538461538464,0.35714285714285715,0.15789473684210525,0.16666666666666674,0.5,0.6666666666666667
0.07692307692307693,0.35714285714285715,0.15789473684210525,0.16666666666666674,0.5,0.6666666666666667
0.0,0.42857142857142855,0.21052631578947367,0.33333333333333326,0.6000000000000001,0.8333333333333335
0.038461538461538464,0.42857142857142855,0.21052631578947367,0.33333333333333326,0.6000000000000001,0.8333333333333335
0.07692307692307693,0.42857142857142855,0.21052631578947367,0.33333333333333326,0.6000000000000001,0.8333333333333335
0.07692307692307693,0.2857142857142857,0.15789473684210525,0.16666666666666674,0.4000000000000001,0.5
0.11538461538461542,0.2857142857142857,0.15789473684210525,0.16666666666666674,0.4000000000000001,0.5
0.15384615384615385,0.2857142857142857,0.15789473684210525,0.16666666666666674,0.4000000000000001,0.5
0.07692307692307693,0.35714285714285715,0.21052631578947367,0.33333333333333326,0.5,0.6666666666666667
0.11538461538461542,0.35714285714285715,0.21052631578947367,0.33333333333333326,0.5,0.6666666666666667
0.15384615384615385,0.35714285714285715,0.21052631578947367,0.33333333333333326,0.5,0.6666666666666667
0.07692307692307693,0.42857142857142855,0.2631578947368421,0.4999999999999998,0.6000000000000001,0.8333333333333335
0.11538461538461542,0.42857142857142855,0.2631578947368421,0.4999999999999998,0.6000000000000001,0.8333333333333335
0.15384615384615385,0.42857142857142855,0.2631578947368421,0.4999999999999998,0.6000000000000001,0.8333333333333335
0.07692307692307693,0.2857142857142857,0.21052631578947367,0.16666666666666674,0.4000000000000001,0.5
0.11538461538461542,0.2857142857142857,0.21052631578947367,0.16666666666666674,0.4000000000000001,0.5
0.15384615384615385,0.2857142857142857,0.21052631578947367,0.16666666666666674,0.4000000000000001,0.5
0.07692307692307693,0.35714285714285715,0.2631578947368421,0.33333333333333326,0.5,0.6666666666666667
0.11538461538461542,0.35714285714285715,0.2631578947368421,0.33333333333333326,0.5,0.6666666666666667
0.15384615384615385,0.35714285714285715,0.2631578947368421,0.33333333333333326,0.5,0.6666666666666667
0.07692307692307693,0.42857142857142855,0.15789473684210525,0.4999999999999998,0.6000000000000001,0.8333333333333335
0.11538461538461542,0.42857142857142855,0.15789473684210525,0.4999999999999998,0.6000000000000001,0.8333333333333335
0.15384615384615385,0.42857142857142855,0.15789473684210525,0.4999999999999998,0.6000000000000001,0.8333333333333335
0.07692307692307693,0.2857142857142857,0.2631578947368421,0.16666666666666674,0.4000000000000001,0.5
0.11538461538461542,0.2857142857142857,0.2631578947368421,0.16666666666666674,0.4000000000000001,0.5
0.15384615384615385,0.2857142857142857,0.2631578947368421,0.16666666666666674,0.4000000000000001,0.5
0.07692307692307693,0.35714285714285715,0.15789473684210525,0.33333333333333326,0.5,0.6666666666666667
0.11538461538461542,0.35714285714285715,0.15789473684210525,0.33333333333333326,0.5,0.6666666666666667
0.15384615384615385,0.35714285714285715,0.15789473684210525,0.33333333333333326,0.5,0.6666666666666667
0.07692307692307693,0.42857142857142855,0.21052631578947367,0.4999999999999998,0.6000000000000001,0.8333333333333335
0.11538461538461542,0.42857142857142855,0.21052631578947367,0.4999999999999998,0.6000000000000001,0.8333333333333335
0.15384615384615385,0.42857142857142855,0.21052631578947367,0.4999999999999998,0.6000000000000001,0.8333333333333335
0.07692307692307693,0.42857142857142855,0.15789473684210525,0.16666666666666674,0.4000000000000001,0.16666666666666669
0.11538461538461542,0.42857142857142855,0.15789473684210525,0.16666666666666674,0.4000000000000001,0.16666666666666669
0.15384615384615385,0.42857142857142855,0.15789473684210525,0.16666666666666674,0.4000000000000001,0.16666666666666669
0.07692307692307693,0.49999999999999994,0.21052631578947367,0.33333333333333326,0.5,0.3333333333333333
0.11538461538461542,0.49999999999999994,0.21052631578947367,0.33333333333333326,0.5,0.3333333333333333
0.15384615384615385,0.49999999999999994,0.21052631578947367,0.33333333333333326,0.5,0.3333333333333333
0.07692307692307693,0.5714285714285714,0.2631578947368421,0.4999999999999998,0.6000000000000001,0.16666666666666669
0.11538461538461542,0.5714285714285714,0.2631578947368421,0.4999999999999998,0.6000000000000001,0.16666666666666669
0.15384615384615385,0.5714285714285714,0.2631578947368421,0.4999999999999998,0.6000000000000001,0.16666666666666669
0.07692307692307693,0.42857142857142855,0.21052631578947367,0.6666666666666667,0.4000000000000001,0.3333333333333333
0.11538461538461542,0.42857142857142855,0.21052631578947367,0.6666666666666667,0.4000000000000001,0.3333333333333333
0.15384615384615385,0.42857142857142855,0.21052631578947367,0.6666666666666667,0.4000000000000001,0.3333333333333333
0.07692307692307693,0.49999999999999994,0.2631578947368421,0.16666666666666674,0.5,0.16666666666666669
0.11538461538461542,0.49999999999999994,0.2631578947368421,0.16666666666666674,0.5,0.16666666666666669
0.15384615384615385,0.49999999999999994,0.2631578947368421,0.16666666666666674,0.5,0.16666666666666669
0.07692307692307693,0.5714285714285714,0.15789473684210525,0.33333333333333326,0.6000000000000001,0.3333333333333333
0.11538461538461542,0.5714285714285714,0.15789473684210525,0.33333333333333326,0.6000000000000001,0.3333333333333333
0.15384615384615385,0.5714285714285714,0.15789473684210525,0.33333333333333326,0.6000000000000001,0.3333333333333333
0.07692307692307693,0.42857142857142855,0.2631578947368421,0.4999999999999998,0.4000000000000001,0.16666666666666669
0.11538461538461542,0.42857142857142855,0.2631578947368421,0.4999999999999998,0.4000000000000001,0.16666666666666669
0.15384615384615385,0.42857142857142855,0.2631578947368421,0.4999999999999998,0.4000000000000001,0.16666666666666669
0.07692307692307693,0.49999999999999994,0.15789473684210525,0.6666666666666667,0.5,0.3333333333333333
0.11538461538461542,0.49999999999999994,0.15789473684210525,0.6666666666666667,0.5,0.3333333333333333
0.15384615384615385,0.49999999999999994,0.15789473684210525,0.6666666666666667,0.5,0.3333333333333333
0.07692307692307693,0.5714285714285714,0.21052631578947367,0.16666666666666674,0.6000000000000001,0.16666666666666669
0.11538461538461542,0.5714285714285714,0.21052631578947367,0.16666666666666674,0.6000000000000001,0.16666666666666669
0.15384615384615385,0.5714285714285714,0.21052631578947367,0.16666666666666674,0.6000000000000001,0.16666666666666669
