Date,T2M,T2MDEW,TS,T2M_RANGE,T2M_MAX,T2M_MIN,QV2M,RH2M,PS,WS2M,WS2M_MAX,WS2M_MIN,GWETTOP,GWETROOT,GWETPROF,1_month_rainfall_aggregate,1_month_rainfall_aggregate_avg
1990-01-01,25.438333333333333,22.776666666666667,25.558333333333334,4.303333333333334,27.983333333333334,23.680000000000003,17.335,85.625,100.55833333333334,3.731666666666667,5.241666666666666,2.311666666666667,0.6466666666666666,0.5783333333333334,0.5766666666666667,246.112,301.2839
1990-01-11,24.637,21.199,24.792,5.206,27.725,22.518,15.753,81.599,100.673,2.9850000000000003,4.245,2.019,0.714,0.6679999999999999,0.659,201.8966,237.2716
1990-01-21,24.55933333333333,20.20266666666667,24.854,7.052666666666666,28.532,21.48,14.798666666666666,77.51933333333334,100.67,2.5866666666666664,3.8026666666666666,1.5846666666666667,0.5860000000000001,0.5713333333333334,0.5806666666666668,192.2845,180.1767
1990-02-01,25.503333333333334,20.528333333333332,26.28,7.721666666666667,29.900000000000002,22.179999999999996,15.055,75.05166666666666,100.71333333333332,3.0316666666666667,4.255,1.9133333333333333,0.5033333333333333,0.5216666666666666,0.5283333333333333,40.6034,143.8716
1990-02-11,27.009000000000004,22.133,27.867,6.83,30.994,24.167,16.651,75.986,100.651,3.6339999999999995,4.939,2.305,0.45599999999999996,0.49000000000000005,0.497,15.9914,107.4868
1990-02-21,28.376666666666665,21.724166666666665,29.86,10.253333333333332,34.10666666666666,23.852500000000003,16.311666666666667,70.11083333333333,100.3925,2.0575,3.388333333333333,0.815,0.41250000000000003,0.455,0.46166666666666667,37.6552,77.2302
1990-03-01,28.811666666666667,21.048333333333332,30.451666666666668,10.843333333333334,34.93833333333333,24.09,15.705,66.03166666666667,100.41833333333334,2.2483333333333335,3.94,0.8916666666666666,0.3866666666666667,0.43333333333333335,0.44166666666666665,40.5086,64.8802
1990-03-11,28.986,21.963,30.569,9.245000000000001,34.398,25.149,16.53,68.319,100.69,2.465,4.013,1.301,0.402,0.425,0.42800000000000005,72.2931,65.8649
1990-03-21,28.994000000000003,22.63,30.425333333333334,8.509333333333334,33.96066666666666,25.451999999999998,17.228,70.73266666666667,100.45933333333333,2.598666666666667,4.107333333333333,1.2926666666666666,0.43533333333333335,0.45066666666666666,0.448,83.6552,71.8262
1990-04-01,29.62,22.828333333333333,30.996666666666666,8.541666666666666,34.57,26.033333333333335,17.466666666666665,69.10333333333334,100.305,2.2733333333333334,3.6016666666666666,0.9916666666666667,0.4066666666666667,0.43333333333333335,0.44,93.931,78.3716
1990-04-11,29.743000000000002,22.606,31.087,8.379999999999999,34.584999999999994,26.206,17.262,67.575,100.14,2.037,3.177,0.899,0.387,0.418,0.42400000000000004,90.5345,91.55
1990-04-21,30.51571428571429,22.304285714285715,32.14714285714286,10.481428571428571,36.41642857142857,25.93357142857143,16.946428571428573,64.49642857142858,100.22928571428572,2.3721428571428573,3.8114285714285714,1.195,0.39142857142857146,0.41571428571428565,0.41714285714285715,54.3103,104.1287
1990-05-01,29.385,23.150000000000002,30.38,8.025,34.055,26.028333333333336,17.871666666666666,71.20833333333333,100.03333333333335,2.7583333333333333,4.296666666666667,1.1216666666666666,0.47333333333333333,0.43,0.42333333333333334,162.3793,133.4764
1990-05-11,28.252,24.018,28.576999999999998,6.306,31.901999999999997,25.597,18.829,78.954,99.96000000000001,2.959,4.575,1.6350000000000002,0.538,0.52,0.509,179.4483,159.3523
1990-05-21,28.337333333333333,23.161333333333335,29.00133333333333,6.902,32.36266666666667,25.461333333333336,17.817333333333334,74.88000000000001,100.17866666666667,5.341333333333334,7.059333333333333,3.6053333333333333,0.48200000000000004,0.49599999999999994,0.4953333333333333,184.1034,161.1474
1990-06-01,28.138333333333335,22.55333333333333,28.724999999999998,6.756666666666667,32.096666666666664,25.34166666666667,17.169999999999998,72.97166666666666,100.10666666666667,5.43,6.739999999999999,4.376666666666666,0.46166666666666667,0.48,0.48,72.7328,108.7931
1990-06-11,28.169,22.333,28.878999999999998,7.1659999999999995,32.387,25.221,16.937,72.227,100.19500000000001,6.063000000000001,7.415000000000001,4.675,0.434,0.46699999999999997,0.472,26.2672,49.7503
1990-06-21,29.18642857142857,22.172857142857143,29.98071428571429,8.835714285714285,34.42785714285714,25.59142857142857,16.79285714285714,68.12928571428571,100.13642857142858,5.622142857142856,6.966428571428572,4.232857142857143,0.40857142857142853,0.4414285714285714,0.44642857142857145,14.0776,14.0302
1990-07-01,27.988333333333333,21.423333333333332,28.885,7.453333333333333,32.315000000000005,24.86,16.00166666666667,69.25833333333334,100.29166666666667,5.375,6.921666666666667,3.99,0.4066666666666667,0.435,0.4366666666666667,9.6983,21.0032
1990-07-11,27.895999999999997,21.753,28.74,7.779000000000001,32.407,24.634,16.313,71.189,100.397,4.492,5.67,3.1849999999999996,0.4,0.421,0.425,14.8017,36.7463
1990-07-21,28.662666666666667,21.376666666666665,29.634666666666664,8.672666666666666,33.675333333333334,25.002666666666666,16.007333333333335,66.97933333333334,100.17066666666666,5.102,6.364000000000001,3.7933333333333334,0.36800000000000005,0.41,0.412,30.0603,52.298
1990-08-01,27.551666666666666,21.47,28.396666666666665,6.911666666666666,31.65833333333333,24.745,16.073333333333334,71.05333333333333,100.22000000000001,5.4816666666666665,6.73,4.391666666666667,0.4066666666666667,0.41333333333333333,0.4116666666666666,68.6724,53.6175
1990-08-11,27.154000000000003,21.604,27.854000000000003,7.468999999999999,31.669,24.202,16.187,73.44500000000001,100.243,6.213,7.784999999999999,4.877000000000001,0.489,0.491,0.47800000000000004,70.5,60.8282
1990-08-21,28.442,21.733999999999998,29.162666666666667,8.664,33.55866666666667,24.89333333333333,16.341333333333335,69.25866666666667,100.24866666666667,4.994,6.467333333333333,3.6199999999999997,0.434,0.46266666666666667,0.4633333333333333,72.25,70.2537
1990-09-01,28.951666666666668,21.580000000000002,29.91333333333333,9.486666666666666,34.515,25.028333333333332,16.155,66.68833333333333,100.25666666666666,4.613333333333333,5.8183333333333325,3.475,0.41,0.45333333333333337,0.4566666666666667,51.0345,93.3828
1990-09-11,28.532999999999998,22.208,29.445,7.989,33.116,25.130000000000003,16.803,70.237,100.26,3.5520000000000005,4.854,2.406,0.42699999999999994,0.446,0.45,90.6379,99.7816
1990-09-21,28.100714285714286,21.855,28.935,8.473571428571429,32.96071428571428,24.487142857142857,16.423571428571428,70.80714285714285,100.29642857142858,3.8542857142857145,5.230714285714286,2.482142857142857,0.43714285714285717,0.4557142857142857,0.45285714285714285,118.2155,127.15
1990-10-01,28.691666666666666,21.365,29.541666666666668,9.098333333333334,34.13333333333333,25.035,15.971666666666666,67.155,100.39,4.8116666666666665,6.055,3.5416666666666665,0.39999999999999997,0.44,0.445,98.9655,147.3385
1990-10-11,28.982999999999997,21.997,30.439,9.232,34.305,25.072,16.577,68.362,100.356,2.451,3.9299999999999997,1.0699999999999998,0.40199999999999997,0.425,0.43099999999999994,89.3793,205.3934
1990-10-21,26.744666666666667,23.422,27.360666666666663,5.187333333333333,29.790666666666667,24.602666666666668,18.062666666666665,82.92133333333332,100.34066666666666,2.2353333333333336,3.496666666666667,1.2033333333333334,0.5753333333333334,0.5153333333333333,0.5026666666666667,203.6897,260.2779
1990-11-01,26.295,23.543333333333333,26.44666666666667,6.046666666666667,29.858333333333334,23.814999999999998,18.209999999999997,85.56166666666667,100.28333333333335,3.4333333333333336,5.138333333333334,2.0083333333333333,0.6433333333333334,0.5866666666666666,0.58,237.3448,306.6902
1990-11-11,26.72,22.328,27.310000000000002,7.142,30.720999999999997,23.580000000000002,16.863,78.062,100.57000000000001,2.179,3.199,1.3450000000000002,0.549,0.546,0.552,205.1724,324.5644
1990-11-21,26.958571428571428,23.259999999999998,27.479285714285712,5.278571428571429,30.143571428571427,24.86285714285714,17.861428571428572,80.99142857142859,100.45357142857142,3.0542857142857143,4.577142857142857,1.5214285714285716,0.4992857142857143,0.5121428571428571,0.5135714285714286,250.7845,337.5647
1990-12-01,26.50333333333333,23.316666666666666,26.66333333333333,4.56,29.171666666666667,24.606666666666666,17.91333333333333,83.25,100.63666666666667,3.4033333333333338,4.8566666666666665,2.2600000000000002,0.5499999999999999,0.5283333333333333,0.5216666666666666,367.7414,341.21
1990-12-11,26.401999999999997,22.505,26.651,5.223000000000001,29.579,24.354,17.053,79.938,100.55199999999999,3.725,5.345000000000001,2.45,0.516,0.518,0.52,462.9138,356.7336
1990-12-21,26.03666666666667,22.524,26.508,5.6386666666666665,29.35533333333333,23.718666666666664,17.09466666666667,82.02933333333334,100.562,3.1133333333333337,4.5120000000000005,1.8760000000000001,0.5173333333333333,0.5146666666666667,0.514,509.6466,339.5899
1991-01-01,26.355,21.958333333333332,27.081666666666667,7.0249999999999995,30.416666666666668,23.388333333333335,16.49833333333333,78.115,100.47000000000001,2.585,3.5833333333333335,1.6283333333333332,0.49499999999999994,0.51,0.5116666666666667,366.0431,301.2839
1991-01-11,26.419999999999998,21.752,27.121,6.343999999999999,30.154000000000003,23.81,16.291,76.525,100.595,3.522,4.888,2.157,0.45499999999999996,0.485,0.489,408.9396,237.2716
1991-01-21,25.88266666666667,20.438666666666666,26.62,7.073333333333333,30.017999999999997,22.946,15.047333333333334,73.40333333333334,100.65533333333333,3.2766666666666664,4.781333333333333,1.9733333333333332,0.45666666666666667,0.4793333333333333,0.48133333333333334,168.8104,180.1767
1991-02-01,27.121666666666666,20.676666666666666,28.245,8.763333333333334,32.193333333333335,23.43166666666667,15.268333333333333,70.16666666666667,100.625,2.9716666666666662,4.495,1.6849999999999998,0.41,0.45,0.45333333333333337,160.8017,143.8716
1991-02-11,26.016000000000002,18.657,27.109,9.873999999999999,31.852999999999998,21.978,13.475999999999999,66.94300000000001,100.66499999999999,2.834,4.711,1.5870000000000002,0.399,0.43600000000000005,0.442,20.4741,107.4868
1991-02-21,27.401666666666667,20.444166666666668,28.757500000000004,8.6725,32.471666666666664,23.7975,15.079166666666666,67.93166666666667,100.68666666666667,3.1908333333333334,4.840833333333333,1.8141666666666667,0.3758333333333333,0.4124999999999999,0.4183333333333333,11.6034,77.2302
1991-03-01,27.92833333333333,22.66,29.118333333333336,7.510000000000001,32.305,24.793333333333333,17.221666666666668,74.915,100.60333333333334,2.63,3.9516666666666667,1.375,0.40166666666666667,0.4183333333333333,0.415,53.7672,64.8802
1991-03-11,27.949,19.298,29.669,12.078999999999999,34.822,22.743000000000002,14.178999999999998,64.261,100.486,2.386,4.195,1.176,0.348,0.41,0.41200000000000003,52.25,65.8649
1991-03-21,29.40666666666667,21.461333333333336,30.974666666666668,9.652666666666667,34.96,25.308,16.2,65.59133333333334,100.324,2.505333333333333,3.9953333333333334,1.1846666666666665,0.28933333333333333,0.402,0.40733333333333327,90.6293,71.8262
1991-04-01,28.766666666666666,22.458333333333332,30.031666666666666,7.794999999999999,33.13166666666667,25.334999999999997,17.05,70.78,100.51333333333334,2.1266666666666665,3.2550000000000003,1.2316666666666667,0.4083333333333334,0.4116666666666666,0.41,68.2672,78.3716
1991-04-11,29.576999999999998,22.305,31.179000000000002,8.878,34.723,25.844,16.967000000000002,67.506,100.255,2.0949999999999998,3.5170000000000003,0.8210000000000001,0.389,0.41200000000000003,0.41200000000000003,71.2586,91.55
1991-04-21,30.5,21.935714285714287,32.002857142857145,10.205714285714285,36.112857142857145,25.90642857142857,16.602857142857143,62.98785714285714,100.18928571428572,2.914285714285714,4.167142857142857,1.7478571428571428,0.3257142857142857,0.4064285714285714,0.41,45.1724,104.1287
1991-05-01,31.959999999999997,22.09166666666667,33.626666666666665,10.86,38.01833333333334,27.155,16.733333333333334,58.855,100.235,2.276666666666667,3.671666666666667,1.1616666666666666,0.25166666666666665,0.4000000000000001,0.4033333333333333,26.5603,133.4764
1991-05-11,31.019,22.415,32.533,8.262,35.629000000000005,27.368000000000002,17.054000000000002,62.444,100.29400000000001,1.795,3.05,0.5820000000000001,0.252,0.40099999999999997,0.402,50.0259,159.3523
1991-05-21,29.98,23.359333333333332,31.078666666666667,8.189333333333334,34.53933333333334,26.35,18.079333333333334,69.596,100.05266666666667,2.1473333333333335,3.27,1.1046666666666667,0.4246666666666667,0.4313333333333333,0.42733333333333334,80.8362,161.1474
1991-06-01,28.506666666666664,23.823333333333334,28.88,5.635000000000001,31.988333333333333,26.351666666666663,18.645,76.62333333333333,99.61500000000001,6.323333333333333,8.176666666666666,4.773333333333333,0.4883333333333333,0.4466666666666666,0.4383333333333333,100.5776,108.7931
1991-06-11,29.055,23.205000000000002,29.788999999999998,7.731999999999999,33.53,25.796999999999997,17.854,72.112,100.164,4.875,6.626,3.007,0.44299999999999995,0.46699999999999997,0.465,73.2845,49.7503
1991-06-21,28.603571428571428,22.389285714285712,29.486428571428572,7.892142857142857,33.23642857142857,25.345,16.99357142857143,70.91357142857143,100.25642857142857,4.699285714285714,6.354285714285714,3.255,0.4107142857142857,0.44357142857142856,0.4478571428571429,29.1207,14.0302
1991-07-01,29.03833333333333,21.483333333333334,30.108333333333334,9.251666666666667,34.42166666666667,25.168333333333333,16.093333333333334,66.33333333333333,100.32666666666667,4.641666666666667,5.613333333333333,3.4783333333333335,0.38833333333333336,0.425,0.43166666666666664,13.3017,21.0032
1991-07-11,28.125999999999998,21.808,28.883999999999997,7.373,32.415,25.041,16.436,70.394,100.167,5.322,7.005,3.6910000000000003,0.41200000000000003,0.42699999999999994,0.42699999999999994,34.069,36.7463
1991-07-21,28.288666666666664,22.36733333333333,28.990666666666666,6.782666666666667,32.284666666666666,25.502666666666666,16.979333333333333,71.812,100.22600000000001,5.256,6.606,3.83,0.4,0.418,0.42066666666666663,34.6638,52.298
1991-08-01,27.834999999999997,22.16,28.635,6.9316666666666675,31.786666666666665,24.856666666666666,16.755,72.95833333333333,100.29833333333333,3.5283333333333338,4.626666666666667,2.4933333333333336,0.4116666666666666,0.42,0.42,60.6724,53.6175
1991-08-11,28.255000000000003,21.788,29.193,8.282,33.165,24.883000000000003,16.357,69.94500000000001,100.318,5.295,6.843000000000001,3.75,0.39699999999999996,0.41200000000000003,0.413,50.5172,60.8282
1991-08-21,28.479333333333333,21.701999999999998,29.477333333333334,7.843333333333334,33.20066666666666,25.36,16.296666666666667,68.57933333333334,100.24466666666667,5.544666666666667,6.629333333333333,4.34,0.36666666666666664,0.41,0.41,80.4052,70.2537
1991-09-01,28.91,22.185000000000002,29.923333333333332,9.341666666666667,34.25,24.90833333333333,16.795,69.605,100.35000000000001,2.9066666666666667,4.235,1.6283333333333332,0.44333333333333336,0.42166666666666663,0.415,58.5431,93.3828
1991-09-11,29.016,22.261000000000003,30.089999999999996,9.342,34.19,24.847,16.852,69.35,100.31,3.2329999999999997,4.47,2.0469999999999997,0.418,0.43200000000000005,0.42800000000000005,60.0259,99.7816
1991-09-21,29.15642857142857,21.44,30.24642857142857,8.925714285714287,34.315,25.385714285714283,16.047142857142855,65.43857142857142,100.26285714285714,4.075,5.622142857142856,2.4499999999999997,0.3757142857142857,0.41571428571428565,0.41857142857142854,50.6983,127.15
1991-10-01,27.793333333333333,22.61,28.41333333333333,7.583333333333333,32.29,24.709999999999997,17.231666666666666,75.26166666666667,100.20333333333333,3.748333333333333,5.515000000000001,1.9433333333333334,0.4683333333333333,0.445,0.44,103.569,147.3385
1991-10-11,28.25,21.396,29.296,9.309000000000001,33.516999999999996,24.206,15.978,68.849,100.273,3.466,4.641,2.109,0.409,0.43499999999999994,0.437,142.0172,205.3934
1991-10-21,26.109333333333332,23.062,26.506000000000004,5.530666666666666,29.323333333333334,23.793333333333333,17.683333333333334,84.12866666666667,100.24533333333333,3.1606666666666663,4.45,1.8566666666666667,0.626,0.5493333333333333,0.532,240.138,260.2779
1991-11-01,26.676666666666666,23.53,26.981666666666666,6.088333333333334,30.05666666666667,23.968333333333334,18.136666666666667,83.55333333333333,100.47666666666667,1.4416666666666664,2.4933333333333336,0.5783333333333334,0.695,0.6216666666666667,0.615,222.5086,306.6902
1991-11-11,25.993000000000002,23.32,26.369,4.975,28.836000000000002,23.863,17.921,85.637,100.49,2.3329999999999997,3.383,1.403,0.729,0.67,0.658,293.0086,324.5644
1991-11-21,25.48428571428571,22.43357142857143,25.534285714285716,4.365,28.12142857142857,23.757857142857144,17.02285714285714,83.6907142857143,100.645,3.0007142857142854,4.414285714285714,1.945,0.7314285714285714,0.6878571428571428,0.6821428571428572,176.6638,337.5647
1991-12-01,24.675,20.65833333333333,24.563333333333333,5.583333333333333,27.80666666666667,22.224999999999998,15.188333333333333,78.93833333333333,100.80499999999999,2.9916666666666667,4.405,1.8633333333333333,0.68,0.645,0.65,141.9828,341.21
1991-12-11,25.163,22.329,25.155,4.586,27.769,23.185,16.907,84.84200000000001,100.683,3.875,5.3420000000000005,2.567,0.683,0.627,0.624,186.1896,356.7336
1991-12-21,25.247333333333334,22.761333333333333,25.527333333333335,4.545333333333334,27.866666666666667,23.32133333333333,17.316666666666666,86.45,100.5,2.2520000000000002,3.3819999999999997,1.328,0.6839999999999999,0.64,0.6386666666666667,211.7069,339.5899
1992-01-01,25.128333333333334,21.165000000000003,25.320000000000004,5.325,28.185000000000002,22.861666666666665,15.626666666666667,79.145,100.82833333333333,3.543333333333333,4.898333333333333,2.3466666666666667,0.605,0.5883333333333333,0.5933333333333333,204.2931,301.2839
1992-01-11,24.821,20.214,25.212,5.702,28.147000000000002,22.448,14.782,76.237,100.80699999999999,3.614,4.939,2.482,0.544,0.548,0.553,44.8879,237.2716
1992-01-21,25.46466666666667,19.812666666666665,26.005333333333333,6.46,29.267999999999997,22.804,14.443999999999999,72.00399999999999,100.816,3.450666666666667,4.719333333333333,2.3013333333333335,0.48733333333333334,0.5066666666666666,0.512,19.2586,180.1767
1992-02-01,25.944999999999997,19.063333333333333,26.826666666666664,9.37,31.448333333333334,22.078333333333333,13.793333333333335,68.355,100.68833333333333,2.4233333333333333,3.686666666666667,1.4583333333333333,0.4283333333333333,0.4716666666666667,0.4766666666666666,14.6379,143.8716
1992-02-11,25.833,17.919999999999998,26.848000000000003,10.555,31.933999999999997,21.377000000000002,12.841999999999999,64.811,100.623,2.277,3.7630000000000003,1.2550000000000001,0.40700000000000003,0.449,0.45499999999999996,9.6207,107.4868
1992-02-21,26.944615384615382,19.234615384615385,28.39769230769231,10.98230769230769,33.22923076923077,22.24769230769231,13.99076923076923,66.32692307692308,100.64307692307693,2.671538461538461,4.049230769230769,1.5338461538461539,0.38153846153846155,0.42076923076923073,0.42923076923076925,6.0086,77.2302
1992-03-01,26.731666666666666,16.298333333333332,28.16333333333333,13.626666666666667,34.473333333333336,20.845,11.881666666666668,59.406666666666666,100.70666666666666,2.23,3.8233333333333337,1.215,0.3383333333333334,0.41,0.41,6.1293,64.8802
1992-03-11,27.016000000000002,17.014000000000003,28.594,12.204,34.0,21.797,12.391,59.644000000000005,100.713,2.7489999999999997,4.485,1.4529999999999998,0.266,0.4,0.41,5.7672,65.8649
1992-03-21,28.446,19.154666666666667,30.426666666666666,12.650666666666666,35.68733333333333,23.034666666666666,14.111333333333334,62.532666666666664,100.40799999999999,2.556,4.376,1.1846666666666665,0.20400000000000001,0.3973333333333333,0.4,8.5,71.8262
1992-04-01,29.74666666666667,19.49833333333333,31.81833333333333,12.786666666666667,37.04333333333333,24.258333333333336,14.436666666666667,59.695,100.40166666666666,2.263333333333333,3.9516666666666667,0.93,0.18666666666666668,0.39333333333333337,0.4000000000000001,8.5345,78.3716
1992-04-11,30.692,20.864,32.772,11.227,37.120999999999995,25.894,15.556000000000001,59.212,100.327,2.218,3.91,0.649,0.26,0.4,0.403,28.1983,91.55
1992-04-21,29.352857142857143,22.99857142857143,30.54714285714286,7.724285714285714,33.77428571428571,26.052142857142858,17.65357142857143,70.575,100.36785714285715,2.0242857142857145,3.2542857142857144,0.8942857142857142,0.4121428571428571,0.41571428571428565,0.41428571428571426,47.0862,104.1287
1992-05-01,29.761666666666667,23.183333333333334,31.00333333333333,7.843333333333334,34.1,26.256666666666664,17.863333333333333,69.79333333333334,100.20833333333333,1.8516666666666666,3.0516666666666663,0.7683333333333334,0.3983333333333334,0.4166666666666667,0.4183333333333333,81.1638,133.4764
1992-05-11,28.418,22.969,29.311,7.273000000000001,32.477,25.206,17.628,74.25699999999999,100.19399999999999,2.5740000000000003,3.882,1.3699999999999999,0.47300000000000003,0.445,0.438,132.8017,159.3523
1992-05-21,29.219333333333335,23.162,30.048,8.729333333333333,34.153999999999996,25.424,17.83,72.11266666666667,100.17266666666666,3.8733333333333335,5.398666666666667,2.478,0.44133333333333336,0.4653333333333334,0.4666666666666667,132.1121,161.1474
1992-06-01,28.686666666666667,22.965,29.581666666666667,7.978333333333333,33.435,25.455,17.62,73.07333333333334,100.085,4.916666666666667,6.4366666666666665,3.356666666666667,0.44166666666666665,0.45333333333333337,0.45333333333333337,116.6207,108.7931
1992-06-11,28.149,22.842,28.773000000000003,6.456,32.056,25.6,17.499000000000002,74.18199999999999,99.97200000000001,5.986,7.6930000000000005,4.381,0.462,0.48,0.4779999999999999,44.4224,49.7503
1992-06-21,28.726428571428574,22.03357142857143,29.53857142857143,8.039285714285715,33.56928571428572,25.53142857142857,16.662142857142857,69.02785714285714,100.08928571428571,6.03,7.625,4.460714285714285,0.4135714285714286,0.4492857142857143,0.45285714285714285,25.2414,14.0302
1992-07-01,28.756666666666664,22.293333333333333,29.83666666666667,7.995,33.51499999999999,25.515,16.896666666666665,69.655,100.2,4.988333333333333,6.3183333333333325,3.676666666666667,0.41500000000000004,0.4366666666666667,0.44,35.5517,21.0032
1992-07-11,27.595999999999997,21.96,28.476999999999997,7.287000000000001,31.981,24.694,16.553,72.84400000000001,100.13199999999999,5.169,6.569,3.696,0.43200000000000005,0.44299999999999995,0.44400000000000006,66.3104,36.7463
1992-07-21,27.27,21.970000000000002,27.931333333333335,6.9126666666666665,31.382,24.469333333333335,16.54,74.224,100.29333333333334,5.3693333333333335,6.8533333333333335,3.926,0.44333333333333336,0.45666666666666667,0.454,79.0431,52.298
1992-08-01,26.811666666666667,22.153333333333336,27.561666666666667,6.658333333333334,30.883333333333336,24.223333333333333,16.753333333333334,77.07333333333334,100.11,4.236666666666666,5.66,2.9316666666666666,0.45166666666666666,0.45166666666666666,0.45,83.819,53.6175
1992-08-11,27.814999999999998,21.328,28.752999999999997,8.712,32.975,24.262999999999998,15.906,69.98299999999999,100.388,5.019,6.4879999999999995,3.5789999999999997,0.41900000000000004,0.449,0.449,63.7241,60.8282
1992-08-21,28.145333333333333,22.092,28.978,7.635999999999999,32.641333333333336,25.006000000000004,16.690666666666665,71.694,100.244,5.406666666666666,6.736000000000001,4.270666666666667,0.41600000000000004,0.4326666666666667,0.43533333333333335,75.8879,70.2537
1992-09-01,27.37,22.026666666666667,28.148333333333337,7.38,31.78,24.39833333333333,16.653333333333332,74.59333333333333,100.175,5.364999999999999,6.68,3.8666666666666667,0.44166666666666665,0.4566666666666667,0.45166666666666666,89.569,93.3828
1992-09-11,28.198,21.934,29.157,8.495999999999999,33.173,24.677,16.511000000000003,70.764,100.30199999999999,4.429,5.578,3.2270000000000003,0.414,0.44699999999999995,0.44800000000000006,115.069,99.7816
1992-09-21,27.177857142857142,22.77785714285714,27.801428571428573,7.336428571428572,31.457142857142856,24.12142857142857,17.39785714285714,78.45142857142856,100.17857142857143,3.462142857142857,4.734285714285714,2.301428571428571,0.5092857142857142,0.48,0.47285714285714286,169.3966,127.15
1992-10-01,26.265,23.165000000000003,26.691666666666666,5.5683333333333325,29.44666666666667,23.878333333333334,17.783333333333335,83.83166666666666,100.27666666666666,2.653333333333333,4.07,1.2066666666666668,0.5883333333333333,0.5433333333333333,0.5383333333333334,216.3104,147.3385
1992-10-11,26.734,23.330000000000002,27.136000000000003,5.593999999999999,30.098000000000003,24.5,17.981,82.482,100.159,4.553,6.231,3.1079999999999997,0.552,0.537,0.535,267.9655,205.3934
1992-10-21,27.161333333333335,21.872,28.037333333333333,7.942666666666667,31.662,23.720000000000002,16.431333333333335,74.52400000000002,100.49866666666667,2.152,3.504,1.0606666666666666,0.5113333333333333,0.522,0.526,194.2586,260.2779
1992-11-01,26.748333333333335,23.37,27.349999999999998,4.925,29.62,24.694999999999997,18.036666666666665,82.42666666666666,100.29333333333334,2.0966666666666667,3.51,0.8516666666666667,0.5233333333333333,0.51,0.5066666666666667,231.4224,306.6902
1992-11-11,25.819,23.634,26.118000000000002,4.138,28.176,24.04,18.316,88.043,100.273,2.903,4.446,1.239,0.709,0.621,0.595,389.9655,324.5644
1992-11-21,25.915714285714284,23.365000000000002,26.074285714285715,4.382857142857143,28.452142857142857,24.06714285714286,17.957857142857144,86.2057142857143,100.50428571428571,2.6214285714285714,3.755,1.6135714285714287,0.7364285714285713,0.6792857142857143,0.6721428571428572,496.4655,337.5647
1992-12-01,25.481666666666666,23.09166666666667,25.505,3.9433333333333334,27.863333333333333,23.92,17.658333333333335,86.88499999999999,100.64666666666666,3.6950000000000003,4.965,2.5666666666666664,0.82,0.785,0.7666666666666666,499.2069,341.21
1992-12-11,24.716,22.174,24.753999999999998,3.7590000000000003,26.923000000000002,23.165,16.699,86.099,100.67,3.308,4.582,2.33,0.777,0.752,0.748,335.5862,356.7336
1992-12-21,24.369333333333334,21.372,24.337333333333333,4.707333333333334,27.102666666666668,22.396,15.918000000000001,83.75866666666667,100.75333333333333,3.533333333333333,4.988666666666666,2.3926666666666665,0.8133333333333334,0.7953333333333333,0.7906666666666666,231.6207,339.5899
1993-01-01,23.96666666666667,20.77,24.040000000000003,4.84,26.900000000000002,22.064999999999998,15.268333333333333,82.69833333333334,100.81833333333333,3.5033333333333334,5.08,2.4516666666666667,0.7566666666666667,0.7383333333333333,0.7399999999999999,105.3104,301.2839
1993-01-11,24.669,21.706,24.69,5.397,27.794999999999998,22.396,16.236,84.05799999999999,100.547,2.82,4.196,1.8519999999999999,0.715,0.687,0.6910000000000001,128.8017,237.2716
1993-01-21,24.07133333333333,20.398000000000003,24.215333333333334,5.6899999999999995,27.31066666666667,21.62066666666667,14.974666666666668,80.52133333333333,100.77199999999999,2.7026666666666666,4.088666666666667,1.6219999999999999,0.646,0.6173333333333333,0.6226666666666667,180.5086,180.1767
1993-02-01,24.985,20.065,25.276666666666667,5.901666666666666,28.456666666666667,22.55333333333333,14.618333333333334,75.00333333333333,100.92166666666667,3.901666666666667,5.336666666666667,2.605,0.5566666666666666,0.5516666666666666,0.56,172.6983,143.8716
1993-02-11,25.088,19.967,25.845999999999997,7.805,29.508,21.703,14.659,74.64500000000001,100.63199999999999,2.423,3.5810000000000004,1.489,0.495,0.515,0.524,67.8448,107.4868
1993-02-21,26.923333333333332,20.8475,28.215833333333336,9.565833333333332,32.420833333333334,22.855833333333333,15.4425,71.83416666666666,100.53249999999998,2.44,3.9516666666666667,1.2083333333333333,0.44166666666666665,0.4766666666666666,0.48333333333333334,9.4655,77.2302
1993-03-01,27.03,21.820000000000004,28.078333333333333,6.883333333333333,31.131666666666664,24.24666666666667,16.335,74.365,100.65333333333332,3.27,4.843333333333334,1.9716666666666667,0.4383333333333333,0.46,0.4633333333333334,11.8017,64.8802
1993-03-11,27.474,20.192,28.802999999999997,9.706999999999999,33.076,23.37,14.903,67.813,100.522,2.6350000000000002,4.083,1.345,0.40599999999999997,0.44699999999999995,0.45099999999999996,14.0517,65.8649
1993-03-21,28.569333333333336,20.85666666666667,30.076666666666664,10.967333333333332,34.78666666666666,23.82,15.600666666666665,66.95466666666667,100.5,2.3253333333333335,3.772666666666667,1.0573333333333332,0.388,0.42266666666666663,0.42866666666666664,20.6983,71.8262
1993-04-01,28.91,20.408333333333335,30.816666666666666,10.145000000000001,34.80833333333333,24.665000000000003,15.135,63.26,100.445,2.526666666666667,4.34,1.105,0.34,0.41,0.41,21.1983,78.3716
1993-04-11,29.732,21.696,31.656,10.08,35.521,25.439,16.29,64.891,100.527,2.3489999999999998,3.9659999999999997,1.145,0.357,0.41,0.41,28.1034,91.55
1993-04-21,29.74857142857143,22.059285714285714,31.20642857142857,9.101428571428572,35.005714285714284,25.904285714285717,16.767857142857142,66.32714285714285,100.28571428571429,2.162142857142857,3.6571428571428575,0.9321428571428572,0.3871428571428571,0.4178571428571428,0.4135714285714286,63.3276,104.1287
1993-05-01,29.588333333333335,23.006666666666664,30.743333333333336,8.506666666666666,34.27166666666667,25.763333333333332,17.669999999999998,70.04333333333334,100.16666666666667,2.095,3.4783333333333335,0.9383333333333334,0.4166666666666667,0.42333333333333334,0.42,82.2672,133.4764
1993-05-11,30.026999999999997,22.633,31.05,8.795,34.89,26.093,17.329,67.256,100.289,1.764,2.989,0.729,0.395,0.4149999999999999,0.4149999999999999,127.1121,159.3523
1993-05-21,28.564,23.489333333333335,29.287333333333333,7.312,32.868,25.558,18.200666666666667,75.65866666666668,100.062,4.410666666666667,5.5600000000000005,3.222666666666667,0.44599999999999995,0.444,0.44133333333333336,166.3448,161.1474
1993-06-01,27.819999999999997,23.439999999999998,28.381666666666664,5.66,31.208333333333332,25.548333333333332,18.16,78.20666666666666,99.96499999999999,5.2,6.586666666666667,3.823333333333333,0.48,0.46,0.455,157.0345,108.7931
1993-06-11,27.755000000000003,23.320999999999998,28.238,6.299,31.53,25.232,17.994,78.018,100.19200000000001,5.112,6.465999999999999,3.753,0.504,0.508,0.502,101.6466,49.7503
1993-06-21,28.38714285714286,22.739285714285717,29.255,8.22,33.21642857142857,24.994285714285716,17.361428571428572,73.42428571428572,100.24571428571429,4.901428571428572,6.3064285714285715,3.279285714285714,0.44,0.46785714285714286,0.4735714285714286,17.3362,14.0302
1993-07-01,27.518333333333334,22.106666666666666,28.206666666666667,7.12,31.823333333333334,24.708333333333332,16.703333333333333,73.67666666666666,100.165,5.489999999999999,6.848333333333334,4.09,0.435,0.4583333333333333,0.46,16.8448,21.0032
1993-07-11,27.916000000000004,21.862000000000002,28.841,7.6049999999999995,32.396,24.793,16.467000000000002,71.232,100.116,6.164,7.412000000000001,4.765,0.413,0.445,0.45,46.4397,36.7463
1993-07-21,27.238,22.109333333333332,27.990666666666666,6.883333333333334,31.441333333333333,24.558666666666667,16.698666666666664,75.02866666666667,100.22666666666667,5.8726666666666665,7.146,4.6466666666666665,0.45,0.46199999999999997,0.4593333333333333,61.9224,52.298
1993-08-01,28.015,21.834999999999997,28.87,8.33,33.031666666666666,24.703333333333333,16.408333333333335,70.76333333333334,100.22666666666667,5.608333333333333,6.953333333333333,4.461666666666667,0.415,0.4483333333333333,0.45,54.3621,53.6175
1993-08-11,28.559000000000005,21.57,29.484,9.038,33.932,24.891,16.131,68.021,100.373,5.259,6.322,3.997,0.395,0.43,0.437,28.3448,60.8282
1993-08-21,28.229333333333333,21.81066666666667,29.175333333333334,8.457333333333333,33.291333333333334,24.836666666666666,16.381333333333334,70.212,100.28666666666666,4.960666666666667,6.078,3.8233333333333333,0.4053333333333333,0.42066666666666663,0.422,43.931,70.2537
1993-09-01,28.2,21.545,29.093333333333334,7.843333333333334,32.766666666666666,24.923333333333332,16.113333333333333,69.03166666666667,100.33999999999999,4.75,6.196666666666666,3.2550000000000003,0.4066666666666667,0.435,0.435,64.8104,93.3828
1993-09-11,29.131999999999998,21.782999999999998,30.232,9.292,34.5,25.208000000000002,16.357,66.795,100.35499999999999,3.7590000000000003,4.837000000000001,2.648,0.383,0.417,0.42299999999999993,76.6121,99.7816
1993-09-21,28.075714285714287,22.318571428571428,28.946428571428573,7.317142857142857,32.33357142857143,25.017142857142858,16.910714285714285,72.56642857142857,100.23785714285714,3.623571428571428,4.895714285714286,2.2885714285714287,0.40785714285714286,0.42642857142857143,0.42642857142857143,60.8879,127.15
1993-10-01,27.503333333333334,22.651666666666667,28.171666666666667,7.511666666666667,31.938333333333333,24.423333333333332,17.25166666666667,76.56166666666667,100.27999999999999,4.433333333333334,5.983333333333333,2.888333333333333,0.45166666666666666,0.4466666666666667,0.44166666666666665,68.9138,147.3385
1993-10-11,27.176,22.869999999999997,27.787,6.705,31.119999999999997,24.413999999999998,17.486,78.655,100.247,3.899,5.42,2.641,0.495,0.476,0.466,105.8362,205.3934
1993-10-21,26.567999999999998,23.672666666666668,27.014,4.848666666666667,29.343999999999998,24.492666666666665,18.314666666666668,84.67866666666667,100.46133333333334,1.9713333333333334,2.9433333333333334,1.1013333333333333,0.632,0.5666666666666667,0.552,223.7586,260.2779
1993-11-01,26.153333333333336,24.061666666666667,26.425,3.6649999999999996,28.365,24.698333333333334,18.776666666666667,88.48,100.31,2.4116666666666666,3.768333333333333,1.26,0.715,0.6533333333333333,0.64,364.8707,306.6902
1993-11-11,25.945,23.574,26.258,4.2090000000000005,28.377,24.169999999999998,18.240000000000002,87.098,100.328,1.94,3.151,0.908,0.8029999999999999,0.751,0.734,359.2328,324.5644
1993-11-21,25.912857142857142,23.99142857142857,26.111428571428572,3.9578571428571427,28.27285714285714,24.312142857142856,18.680714285714284,89.40142857142857,100.36928571428572,2.9585714285714286,4.343571428571429,1.6757142857142857,0.8157142857142857,0.795,0.785,451.3966,337.5647
1993-12-01,25.955000000000002,24.189999999999998,26.03833333333333,3.98,28.311666666666667,24.331666666666667,18.93,90.16833333333334,100.20833333333333,3.026666666666667,4.325,1.5466666666666666,0.8466666666666667,0.8383333333333333,0.8316666666666667,665.1552,341.21
1993-12-11,25.500999999999998,23.301,25.6,4.167,27.974,23.807,17.896,87.825,100.49600000000001,2.9050000000000002,4.247,1.796,0.833,0.833,0.8310000000000001,725.2672,356.7336
1993-12-21,25.10533333333333,23.801333333333332,25.02466666666667,2.3873333333333333,26.46466666666667,24.076,18.425333333333334,92.49133333333333,100.63866666666667,3.508,4.754666666666666,2.3893333333333335,0.888,0.8953333333333333,0.8886666666666667,540.0518,339.5899
1994-01-01,24.81,22.355,24.72666666666667,4.61,27.516666666666666,22.91,16.896666666666665,86.50166666666667,100.57833333333333,3.186666666666666,4.665,2.026666666666667,0.8933333333333334,0.9249999999999999,0.92,174.1638,301.2839
1994-01-11,25.078,22.816,25.168,4.473,27.741000000000003,23.267000000000003,17.389,87.494,100.468,2.944,4.118,1.9609999999999999,0.9,0.933,0.925,82.6207,237.2716
1994-01-21,24.510666666666665,21.541333333333334,24.481333333333335,4.818,27.252666666666666,22.432666666666666,16.092,83.90066666666667,100.562,2.972666666666667,4.318,1.9473333333333334,0.8566666666666667,0.8706666666666667,0.8713333333333334,128.2414,180.1767
1994-02-01,25.103333333333335,22.820000000000004,25.12,4.638333333333333,27.80666666666667,23.166666666666668,17.435,87.50999999999999,100.40833333333335,3.016666666666667,4.295,1.7,0.82,0.81,0.8116666666666666,187.9224,143.8716
1994-02-11,25.621,23.195,25.868000000000002,4.946,28.564999999999998,23.619,17.803,86.849,100.401,2.3,3.439,1.379,0.85,0.851,0.849,226.4741,107.4868
1994-02-21,25.018333333333334,21.795,25.22,5.456666666666667,28.147499999999997,22.688333333333333,16.37666666666667,82.80166666666666,100.52666666666666,2.6591666666666667,3.8874999999999997,1.7166666666666668,0.83,0.8266666666666667,0.8250000000000001,153.4828,77.2302
1994-03-01,24.563333333333333,20.651666666666667,24.743333333333336,6.533333333333334,28.173333333333332,21.64,15.298333333333334,79.48,100.605,2.56,3.9266666666666663,1.5783333333333331,0.7866666666666667,0.7733333333333334,0.7733333333333334,71.681,64.8802
1994-03-11,25.575,22.249000000000002,25.712,6.5920000000000005,29.327999999999996,22.735,16.791,82.525,100.493,2.033,3.123,1.128,0.736,0.709,0.716,49.7069,65.8649
1994-03-21,27.012666666666668,23.699333333333335,27.334,7.078666666666667,30.842,23.766000000000002,18.35,83.03266666666667,100.45133333333334,1.8006666666666666,2.9560000000000004,0.8006666666666666,0.666,0.632,0.642,49.3707,71.8262
1994-04-01,26.59,23.97,27.180000000000003,4.848333333333334,29.3,24.455000000000002,18.665,86.19833333333334,100.38666666666667,2.143333333333333,3.206666666666667,0.8483333333333333,0.64,0.5916666666666667,0.5916666666666667,71.5862,78.3716
1994-04-11,27.436,23.499000000000002,27.903000000000002,6.282,30.98,24.7,18.17,80.063,100.385,1.793,2.654,0.9259999999999999,0.613,0.577,0.58,44.9828,91.55
1994-04-21,29.352857142857143,23.105,30.29357142857143,9.58,34.58428571428571,25.002857142857145,17.75642857142857,71.38857142857144,100.21000000000001,1.4600000000000002,2.738571428571429,0.40714285714285714,0.49142857142857144,0.5135714285714286,0.5235714285714286,45.1724,104.1287
1994-05-01,29.51,23.58666666666667,30.346666666666668,7.8500000000000005,33.714999999999996,25.865,18.27,72.22,100.31333333333333,2.195,3.5483333333333333,1.2316666666666667,0.4483333333333333,0.48,0.48166666666666663,29.1983,133.4764
1994-05-11,28.415,23.46,28.949,8.217,33.018,24.802,18.145,76.262,100.29400000000001,3.117,4.399,2.1239999999999997,0.528,0.523,0.518,34.4914,159.3523
1994-05-21,28.569333333333336,23.704,29.13133333333333,6.933333333333334,32.553333333333335,25.62066666666667,18.424666666666667,76.37133333333333,100.07199999999999,4.038,5.449333333333334,2.584,0.4746666666666667,0.492,0.49333333333333335,47.8879,161.1474
1994-06-01,28.224999999999998,23.268333333333334,28.786666666666665,6.108333333333333,31.893333333333334,25.785,17.965,75.47833333333334,99.92,6.19,7.794999999999999,4.713333333333334,0.4716666666666667,0.49833333333333335,0.5,42.7241,108.7931
1994-06-11,27.973000000000003,22.554,28.592000000000002,6.882,32.042,25.162,17.194,74.02000000000001,100.10499999999999,5.174,6.781999999999999,3.724,0.44800000000000006,0.477,0.481,31.9914,49.7503
1994-06-21,28.47142857142857,21.61285714285714,29.382857142857144,8.34142857142857,33.46642857142857,25.124285714285715,16.23071428571429,68.43357142857143,100.12071428571429,5.435714285714285,6.801428571428572,4.026428571428571,0.40785714285714286,0.4492857142857143,0.4557142857142857,4.9741,14.0302
1994-07-01,28.165000000000003,21.888333333333332,29.021666666666665,7.323333333333333,32.428333333333335,25.108333333333334,16.478333333333335,70.18666666666667,100.13333333333333,4.528333333333333,5.536666666666666,3.41,0.39999999999999997,0.43,0.4366666666666667,19.9052,21.0032
1994-07-11,28.355,21.317,29.208999999999996,8.456999999999999,33.239,24.784,15.936000000000002,67.925,100.259,5.371,6.856999999999999,3.6729999999999996,0.414,0.43200000000000005,0.434,44.4052,36.7463
1994-07-21,27.954666666666665,21.759999999999998,28.778666666666666,7.180000000000001,32.20666666666667,25.029999999999998,16.35,70.472,100.18599999999999,5.550666666666667,7.018,4.102666666666667,0.4033333333333333,0.42533333333333334,0.42666666666666664,48.5431,52.298
1994-08-01,27.845,21.92,28.776666666666667,7.165,32.07666666666666,24.91,16.521666666666665,71.71666666666667,100.15666666666668,6.16,7.421666666666667,4.915,0.39999999999999997,0.4166666666666667,0.42,39.1121,53.6175
1994-08-11,29.391000000000002,21.184,30.687,10.048,35.046,24.994,15.776,63.837,100.279,3.9490000000000003,5.2909999999999995,2.481,0.35,0.41,0.41,24.1638,60.8282
1994-08-21,28.917333333333332,21.459333333333333,29.910000000000004,8.076,33.682,25.608,16.060666666666666,65.904,100.252,5.074666666666667,6.3773333333333335,3.7813333333333334,0.3373333333333333,0.40599999999999997,0.41,32.1466,70.2537
1994-09-01,28.455,21.52,29.433333333333334,7.435,32.745,25.311666666666667,16.10333333333333,67.585,100.33166666666666,5.043333333333334,6.125,3.58,0.335,0.41,0.41,49.4483,93.3828
1994-09-11,28.127,22.606,28.842000000000002,6.856999999999999,32.093,25.234,17.187,73.388,100.356,3.0260000000000002,4.340999999999999,1.686,0.4,0.417,0.4149999999999999,78.2845,99.7816
1994-09-21,28.789285714285715,21.735000000000003,30.025000000000002,9.552142857142856,34.17642857142857,24.622142857142855,16.31,68.13000000000001,100.39928571428571,2.8664285714285715,4.4435714285714285,1.4242857142857144,0.4107142857142857,0.4207142857142857,0.4192857142857143,107.4741,127.15
1994-10-01,27.285,22.868333333333336,27.83,7.045000000000001,31.366666666666664,24.323333333333334,17.488333333333333,78.26166666666667,100.27,2.535,4.241666666666666,1.195,0.49333333333333335,0.47000000000000003,0.455,133.9655,147.3385
1994-10-11,26.924,22.591,27.657,6.279,30.49,24.211000000000002,17.151,78.301,100.471,1.748,2.7510000000000003,0.883,0.495,0.496,0.49000000000000005,247.6983,205.3934
1994-10-21,26.354,23.329333333333334,26.944666666666667,5.4719999999999995,29.63,24.15666666666667,17.946666666666665,84.22333333333333,100.40733333333333,1.8760000000000001,3.004,0.85,0.578,0.5366666666666667,0.528,274.8793,260.2779
1994-11-01,25.563333333333333,23.584999999999997,25.848333333333333,3.561666666666667,27.65833333333333,24.095,18.208333333333332,89.00999999999999,100.55666666666667,2.19,3.4116666666666666,0.9216666666666667,0.6549999999999999,0.5816666666666667,0.5716666666666667,460.75,306.6902
1994-11-11,25.979000000000003,23.871,26.129,3.564,28.127,24.562,18.523,88.383,100.474,3.4560000000000004,5.009,2.177,0.704,0.65,0.639,427.7586,324.5644
1994-11-21,25.937142857142856,23.537857142857142,26.097857142857144,4.155,28.445714285714285,24.289285714285715,18.178571428571427,87.04857142857144,100.38285714285713,3.2885714285714287,4.655,2.0535714285714284,0.6192857142857143,0.5885714285714286,0.5928571428571427,757.181,337.5647
1994-12-01,25.985,22.236666666666668,26.308333333333334,5.085,28.968333333333334,23.88166666666667,16.745,80.43666666666667,100.69166666666666,3.6199999999999997,5.315,2.1616666666666666,0.5516666666666666,0.5483333333333333,0.5516666666666667,551.888,341.21
1994-12-11,25.431,21.009,25.860000000000003,6.448,29.195,22.744,15.594,77.6,100.65,3.405,5.043,2.052,0.527,0.526,0.531,462.5604,356.7336
1994-12-21,26.523333333333333,21.992666666666665,27.074666666666666,5.921333333333333,30.077333333333332,24.153333333333332,16.511333333333333,77.14866666666667,100.71266666666666,3.799333333333333,5.294666666666667,2.4606666666666666,0.4746666666666667,0.4953333333333333,0.4986666666666667,90.5172,339.5899
1995-01-01,26.564999999999998,21.605,27.401666666666667,6.396666666666667,30.393333333333334,23.998333333333335,16.111666666666668,75.19833333333334,100.63833333333334,3.6333333333333333,5.1049999999999995,2.1599999999999997,0.44,0.4749999999999999,0.47833333333333333,117.4569,301.2839
1995-01-11,26.413,21.434,27.232,6.5920000000000005,30.226999999999997,23.636000000000003,15.968,75.414,100.619,2.798,4.002000000000001,1.561,0.43200000000000005,0.462,0.465,210.1552,237.2716
1995-01-21,26.16,20.942,27.026,6.39,29.951999999999998,23.563333333333333,15.542666666666666,74.15866666666668,100.68266666666666,3.7873333333333337,5.321333333333333,2.352,0.44599999999999995,0.46066666666666667,0.46,202.7586,180.1767
1995-02-01,27.115,22.573333333333334,27.823333333333334,5.153333333333333,30.290000000000003,25.138333333333335,17.088333333333335,77.02,100.70333333333333,4.468333333333334,5.954999999999999,3.2616666666666667,0.435,0.45333333333333337,0.45333333333333337,148.5172,143.8716
1995-02-11,26.663,20.079,28.026999999999997,8.473,31.581,23.109,14.709999999999999,68.768,100.62,3.177,4.621,1.8739999999999999,0.40499999999999997,0.43899999999999995,0.445,83.6035,107.4868
1995-02-21,27.143333333333334,19.916666666666668,28.704166666666666,9.850833333333334,32.865,23.015,14.633333333333333,67.765,100.49583333333334,2.645,4.286666666666666,1.2941666666666667,0.36333333333333334,0.4175,0.42333333333333334,67.0517,77.2302
1995-03-01,27.168333333333333,19.766666666666666,28.743333333333336,9.553333333333333,32.843333333333334,23.28833333333333,14.485,66.91666666666667,100.55,3.0883333333333334,4.955,1.5533333333333335,0.32833333333333337,0.41,0.41,67.3621,64.8802
1995-03-11,28.344,20.725,30.178000000000004,9.040000000000001,33.673,24.631,15.330000000000002,65.499,100.549,3.0789999999999997,4.7,1.4780000000000002,0.294,0.404,0.41,10.9828,65.8649
1995-03-21,29.184666666666665,21.431333333333335,31.047333333333334,9.183333333333334,34.528,25.345333333333333,16.072666666666667,65.474,100.374,2.646666666666667,4.283333333333333,1.006,0.23733333333333334,0.4,0.4026666666666667,17.5517,71.8262
1995-04-01,28.761666666666667,22.724999999999998,30.135,6.616666666666667,32.656666666666666,26.03833333333333,17.373333333333335,71.875,100.36333333333333,3.2916666666666665,4.785,1.5350000000000001,0.24666666666666667,0.4000000000000001,0.4033333333333333,42.5603,78.3716
1995-04-11,29.841,22.48,31.307,8.225,34.482,26.259000000000004,17.098,66.674,100.361,1.9289999999999998,3.274,0.742,0.343,0.404,0.40599999999999997,105.0862,91.55
1995-04-21,29.232857142857142,22.54357142857143,30.77785714285714,7.202142857142857,33.449285714285715,26.24642857142857,17.181428571428572,68.93357142857143,100.22928571428572,2.2785714285714285,3.5542857142857143,1.0957142857142856,0.335,0.4042857142857143,0.41,145.319,104.1287
1995-05-01,28.92833333333333,23.56833333333333,30.173333333333332,6.801666666666667,32.931666666666665,26.126666666666665,18.36,74.44833333333334,99.83166666666666,2.6666666666666665,4.39,0.9750000000000001,0.36166666666666664,0.40833333333333327,0.41,229.7155,133.4764
1995-05-11,29.468,22.679,30.099,7.853,34.164,26.309000000000005,17.351999999999997,68.713,99.922,6.113,7.807,4.505,0.374,0.41,0.41,177.2845,159.3523
1995-05-21,29.874666666666666,22.128666666666668,31.086666666666666,8.579333333333333,34.70066666666666,26.12066666666667,16.756,65.23733333333332,100.238,3.0300000000000002,4.1866666666666665,1.8299999999999998,0.2853333333333333,0.4006666666666667,0.4053333333333333,153.1552,161.1474
1995-06-01,30.031666666666666,22.275000000000002,31.093333333333334,8.336666666666666,34.846666666666664,26.508333333333336,16.93,65.20666666666666,100.01333333333334,5.135000000000001,6.446666666666666,3.8783333333333334,0.22333333333333336,0.4000000000000001,0.4000000000000001,42.0603,108.7931
1995-06-11,29.3,22.341,30.15,6.8950000000000005,33.455,26.558999999999997,16.964000000000002,67.494,100.045,6.459999999999999,7.725,4.954,0.24900000000000003,0.4,0.4,31.0603,49.7503
1995-06-21,28.67142857142857,21.959285714285716,29.544285714285714,6.939285714285715,32.75142857142857,25.810714285714287,16.553571428571427,68.41642857142857,100.13785714285714,5.547142857142857,6.826428571428571,4.191428571428571,0.265,0.4,0.4,14.7414,14.0302
1995-07-01,29.235,21.628333333333334,30.09,8.26,34.195,25.933333333333334,16.285,65.605,99.93833333333333,6.2250000000000005,7.510000000000001,4.989999999999999,0.255,0.4000000000000001,0.4000000000000001,42.2672,21.0032
1995-07-11,29.252,21.093,30.270999999999997,8.491,34.181,25.691000000000003,15.76,63.65,100.01700000000001,5.712,6.8180000000000005,4.627000000000001,0.229,0.4,0.4,44.8534,36.7463
1995-07-21,28.91466666666667,21.241333333333333,29.935333333333336,7.894,33.43533333333333,25.542666666666666,15.860666666666667,65.056,100.14266666666667,4.524,5.867999999999999,3.0633333333333335,0.2326666666666667,0.4,0.4,77.5345,52.298
1995-08-01,30.111666666666668,21.48,31.421666666666667,9.671666666666667,35.56666666666667,25.895,16.133333333333333,62.48833333333334,100.06333333333333,4.631666666666667,6.071666666666666,3.0233333333333334,0.24333333333333332,0.4000000000000001,0.4000000000000001,57.3534,53.6175
1995-08-11,29.881,21.032,31.273000000000003,9.449,35.407,25.957,15.661000000000001,61.319,100.178,4.173,5.3740000000000006,2.886,0.21800000000000003,0.398,0.4,83.5948,60.8282
1995-08-21,28.95266666666667,21.685333333333332,29.959999999999997,8.012666666666666,33.67466666666667,25.664,16.288,66.542,100.10733333333333,6.212,7.391333333333334,4.926666666666667,0.2966666666666667,0.4,0.4033333333333333,95.7759,70.2537
1995-09-01,28.97,21.573333333333334,29.793333333333333,7.876666666666666,33.53,25.65833333333333,16.185000000000002,66.25,100.195,6.420000000000001,7.781666666666666,5.046666666666667,0.2916666666666667,0.4000000000000001,0.4000000000000001,156.3276,93.3828
1995-09-11,29.76,21.569,30.931,9.366,35.116,25.752,16.145,63.538,100.272,4.242,5.364,3.035,0.244,0.4,0.4,139.0345,99.7816
1995-09-21,29.812857142857144,21.853571428571428,30.970714285714283,8.762857142857143,34.82214285714286,26.05785714285714,16.451428571428572,64.33214285714286,100.22642857142857,4.231428571428571,5.642857142857143,2.7199999999999998,0.22142857142857145,0.4,0.4,132.5776,127.15
1995-10-01,28.694999999999997,21.778333333333336,29.683333333333334,7.131666666666667,32.843333333333334,25.713333333333335,16.355,67.66666666666667,100.24000000000001,4.255,5.178333333333334,3.3716666666666666,0.26833333333333337,0.4000000000000001,0.40166666666666667,150.6293,147.3385
1995-10-11,28.713,22.249000000000002,29.512999999999998,8.378,33.588,25.209,16.864,70.131,100.175,4.093999999999999,5.454,2.696,0.414,0.418,0.4149999999999999,168.4914,205.3934
1995-10-21,28.063333333333333,22.398000000000003,29.016666666666666,6.626,31.817999999999998,25.19,17.008,72.838,100.22266666666665,2.1746666666666665,3.4766666666666666,0.9606666666666667,0.4106666666666667,0.418,0.4166666666666667,215.1552,260.2779
1995-11-01,27.215,23.33666666666667,27.81833333333333,5.751666666666666,30.621666666666666,24.87,18.016666666666666,80.395,100.09666666666668,2.748333333333333,4.28,1.2966666666666666,0.4566666666666667,0.44333333333333336,0.44166666666666665,254.7931,306.6902
1995-11-11,27.601999999999997,22.807,28.383,6.891,31.631999999999998,24.741,17.432,76.69500000000001,100.262,2.887,4.414,1.501,0.461,0.45899999999999996,0.454,315.1897,324.5644
1995-11-21,27.83642857142857,21.092857142857145,28.930714285714284,7.492142857142857,32.107142857142854,24.610714285714288,15.687142857142858,68.23928571428571,100.43142857142857,2.1421428571428573,3.4992857142857146,0.9349999999999999,0.4257142857142857,0.45928571428571424,0.46214285714285713,236.5431,337.5647
1995-12-01,26.293333333333333,20.851666666666667,27.025000000000002,6.071666666666666,29.866666666666664,23.793333333333333,15.420000000000002,73.18666666666667,100.645,3.658333333333333,5.286666666666666,1.8716666666666668,0.43333333333333335,0.445,0.45,126.0,341.21
1995-12-11,26.482,18.568,27.395,7.241,30.68,23.44,13.366999999999999,63.321000000000005,100.74600000000001,3.696,5.321,2.1079999999999997,0.393,0.434,0.43899999999999995,52.9828,356.7336
1995-12-21,26.69,20.57,27.59,6.274666666666667,30.395333333333333,24.12066666666667,15.153333333333334,70.40733333333334,100.77066666666666,4.335999999999999,5.924,2.852,0.38666666666666666,0.424,0.426,66.3103,339.5899
1996-01-01,26.145,19.656666666666666,27.17833333333333,7.083333333333333,30.294999999999998,23.209999999999997,14.361666666666666,68.92999999999999,100.68666666666667,3.8266666666666667,5.3500000000000005,2.2616666666666667,0.36833333333333335,0.4166666666666667,0.42,53.3966,301.2839
1996-01-11,26.562,20.468,27.621,7.006,30.735000000000003,23.73,15.088,70.70599999999999,100.554,3.8840000000000003,5.394,2.288,0.365,0.41,0.4109999999999999,79.1724,237.2716
1996-01-21,26.192666666666664,19.258666666666667,27.512,7.358666666666666,30.528000000000002,23.169333333333334,14.000666666666666,67.10866666666666,100.53066666666668,3.8553333333333333,5.434,2.3400000000000003,0.33533333333333337,0.41,0.41,168.0172,180.1767
1996-02-01,26.415000000000003,20.08666666666667,27.515,6.415,30.343333333333334,23.926666666666666,14.758333333333333,69.47666666666667,100.45,4.533333333333333,6.16,2.9,0.36000000000000004,0.41,0.41,194.1207,143.8716
1996-02-11,26.95,20.328,28.326999999999998,7.718000000000001,31.512,23.797,14.972,68.737,100.47200000000001,3.751,5.182,2.175,0.354,0.41,0.41,153.7931,107.4868
1996-02-21,27.409230769230767,20.98846153846154,28.893846153846155,7.873076923076923,32.098461538461535,24.225384615384616,15.56846153846154,69.82153846153845,100.53846153846153,3.5384615384615383,5.044615384615384,1.956923076923077,0.31461538461538463,0.40384615384615385,0.41000000000000003,77.5776,77.2302
1996-03-01,27.421666666666667,19.66,29.08666666666667,8.255,32.415,24.161666666666665,14.323333333333332,64.45833333333333,100.60000000000001,3.69,5.173333333333333,2.1333333333333333,0.27166666666666667,0.4000000000000001,0.4033333333333333,47.9914,64.8802
1996-03-11,27.761000000000003,19.073,29.845,11.206999999999999,34.382,23.172,13.897,62.517999999999994,100.44800000000001,2.8600000000000003,4.851,1.367,0.211,0.398,0.4,48.0948,65.8649
1996-03-21,29.901333333333334,20.756666666666668,31.914666666666665,10.856666666666666,36.297333333333334,25.439333333333334,15.514666666666667,61.53,100.19066666666666,2.562,4.433333333333334,0.9866666666666667,0.17600000000000002,0.39066666666666666,0.4,26.7328,71.8262
1996-04-01,27.995,22.97666666666667,29.208333333333332,6.091666666666666,31.646666666666665,25.560000000000002,17.651666666666667,75.49,100.15166666666666,2.111666666666667,3.078333333333333,0.965,0.24333333333333332,0.3983333333333334,0.4033333333333333,66.2586,78.3716
1996-04-11,28.738,22.39,30.087,8.038,33.451,25.415,16.986,70.494,100.349,1.902,3.3129999999999997,0.765,0.395,0.41,0.41,119.2672,91.55
1996-04-21,30.002142857142854,22.43857142857143,31.395714285714288,8.121428571428572,34.60928571428571,26.485714285714288,17.108571428571427,66.35857142857142,100.15714285714286,2.302857142857143,3.6149999999999998,1.1078571428571429,0.3242857142857143,0.4057142857142857,0.40785714285714286,107.6034,104.1287
1996-05-01,31.400000000000002,22.115,32.55833333333333,10.25,37.385,27.133333333333336,16.773333333333333,60.52166666666667,100.015,4.8,5.995,3.6766666666666663,0.22,0.4000000000000001,0.4000000000000001,110.5604,133.4764
1996-05-11,31.936,21.374000000000002,33.552,12.016,38.714,26.698,15.991,56.605999999999995,100.267,3.5799999999999996,4.965,1.998,0.188,0.394,0.4,66.6293,159.3523
1996-05-21,31.451999999999998,21.683333333333334,32.838,10.388,37.279333333333334,26.891333333333332,16.333333333333332,58.76200000000001,100.12066666666666,3.0573333333333332,4.701333333333333,1.4873333333333334,0.27066666666666667,0.4,0.4046666666666667,97.2241,161.1474
1996-06-01,29.143333333333334,22.618333333333336,29.983333333333334,7.798333333333333,33.58833333333333,25.790000000000003,17.263333333333332,69.625,100.145,3.0533333333333332,4.298333333333333,1.9316666666666666,0.42,0.41333333333333333,0.4116666666666666,61.2586,108.7931
1996-06-11,27.895999999999997,22.922,28.586000000000002,5.657,31.319,25.663,17.627000000000002,75.701,99.85,6.067,7.5489999999999995,4.5409999999999995,0.45999999999999996,0.449,0.43899999999999995,52.8017,49.7503
1996-06-21,28.946428571428573,22.30785714285714,29.76928571428571,8.336428571428572,33.72857142857143,25.392857142857142,16.912142857142857,69.22285714285714,100.21857142857142,4.01,5.542142857142857,2.3992857142857145,0.40857142857142853,0.4428571428571429,0.44642857142857145,15.3103,14.0302
1996-07-01,29.293333333333333,21.50666666666667,30.435000000000002,9.123333333333333,34.57,25.44666666666667,16.105,64.83333333333333,100.24166666666667,3.2550000000000003,4.5216666666666665,1.8733333333333333,0.385,0.42333333333333334,0.4266666666666667,24.3707,21.0032
1996-07-11,28.597,21.806,29.269,6.836,32.7,25.863,16.436,68.151,99.97,6.1579999999999995,7.474000000000001,4.892,0.369,0.41,0.4149999999999999,48.2931,36.7463
1996-07-21,28.332666666666668,21.266666666666666,29.18933333333333,7.547333333333333,32.86,25.313333333333333,15.856,67.20066666666666,100.25533333333333,6.434666666666667,7.882666666666666,5.0120000000000005,0.336,0.4093333333333333,0.41,52.7931,52.298
1996-08-01,29.416666666666668,21.31833333333333,30.325,9.868333333333334,35.251666666666665,25.385,15.910000000000002,64.04,100.22666666666667,5.553333333333334,6.463333333333334,4.465,0.325,0.4066666666666667,0.41,38.5345,53.6175
1996-08-11,28.487000000000002,21.312,29.431,7.642,33.027,25.384,15.947999999999999,67.037,100.12,5.923,7.022,4.879,0.267,0.4,0.403,55.569,60.8282
1996-08-21,28.027333333333335,21.567333333333334,28.991333333333333,7.600666666666667,32.402,24.801333333333332,16.162666666666667,69.43266666666666,100.17333333333333,4.428,6.096666666666667,2.8846666666666665,0.37933333333333336,0.41,0.41,134.6638,70.2537
1996-09-01,28.96166666666667,21.85666666666667,29.926666666666666,8.351666666666667,33.718333333333334,25.365,16.468333333333334,67.31333333333333,100.06333333333333,4.069999999999999,5.226666666666667,2.9116666666666666,0.3433333333333333,0.40833333333333327,0.41,197.0862,93.3828
1996-09-11,27.973000000000003,22.093,28.672000000000004,6.965000000000001,32.153,25.189,16.712,71.85499999999999,100.026,5.393,6.795999999999999,4.069,0.422,0.417,0.4149999999999999,186.069,99.7816
1996-09-21,27.800714285714285,22.294999999999998,28.500714285714285,6.519285714285714,31.68357142857143,25.165,16.889285714285712,73.33500000000001,100.19428571428571,5.024285714285715,6.432857142857143,3.5914285714285716,0.3942857142857143,0.41,0.41,213.7586,127.15
1996-10-01,29.310000000000002,21.573333333333334,30.534999999999997,9.305,34.848333333333336,25.545,16.165,65.145,100.14666666666666,4.573333333333333,5.861666666666667,3.11,0.3283333333333333,0.40833333333333327,0.41,188.3621,147.3385
1996-10-11,27.838,22.84,28.95,6.68,31.787,25.108,17.469,75.75,100.23299999999999,2.253,3.3619999999999997,1.029,0.403,0.414,0.4149999999999999,309.7069,205.3934
1996-10-21,28.046,21.470666666666666,28.94333333333333,9.229999999999999,33.276666666666664,24.046,16.109333333333332,70.22933333333334,100.24133333333333,3.728,5.28,2.1213333333333333,0.412,0.43066666666666664,0.43066666666666664,233.5086,260.2779
1996-11-01,28.7,20.61,30.10166666666667,9.705,34.07833333333333,24.376666666666665,15.229999999999999,63.696666666666665,100.21833333333332,2.775,4.1066666666666665,1.3616666666666666,0.36000000000000004,0.41,0.41,203.8534,306.6902
1996-11-11,28.698,20.602,30.506999999999998,8.940999999999999,33.928,24.990000000000002,15.209,63.638,100.479,2.2329999999999997,4.016,0.74,0.309,0.40499999999999997,0.41,88.5259,324.5644
1996-11-21,26.770714285714288,22.962142857142858,27.43142857142857,5.626428571428571,30.195714285714285,24.568571428571428,17.61357142857143,80.85642857142857,100.26571428571428,3.329285714285714,4.698571428571428,1.9149999999999998,0.4442857142857143,0.4307142857142857,0.42642857142857143,363.8103,337.5647
1996-12-01,26.941666666666666,18.783333333333335,27.80333333333333,11.045,32.945,21.905,13.651666666666666,64.31333333333333,100.35333333333334,2.085,3.3066666666666666,0.8866666666666667,0.4066666666666667,0.4483333333333333,0.4483333333333333,414.2758,341.21
1996-12-11,26.383,22.485999999999997,27.068,5.629,29.627999999999997,23.997,17.084,80.146,100.262,2.356,3.6799999999999997,1.131,0.417,0.43600000000000005,0.44000000000000006,494.9396,356.7336
1996-12-21,25.94066666666667,20.328666666666667,26.910666666666664,7.117999999999999,30.167333333333332,23.047333333333334,14.925333333333333,72.68266666666666,100.72066666666666,3.504,5.026,1.9813333333333332,0.42266666666666663,0.44333333333333336,0.44333333333333336,196.319,339.5899
1997-01-01,25.425,19.305,26.46666666666667,7.991666666666667,30.076666666666668,22.083333333333332,13.976666666666667,70.77166666666666,100.74666666666667,3.1300000000000003,4.575,1.7883333333333333,0.4066666666666667,0.4266666666666667,0.43166666666666664,138.4138,301.2839
1997-01-11,26.502,20.419,27.693,7.4670000000000005,30.915,23.45,14.972,70.688,100.69,3.553,5.064,2.127,0.378,0.413,0.417,23.6034,237.2716
1997-01-21,26.291999999999998,18.578666666666667,27.778000000000002,8.665333333333333,31.340666666666667,22.676666666666666,13.389333333333333,64.47533333333334,100.59266666666667,3.243333333333333,4.894666666666667,1.7353333333333332,0.31466666666666665,0.4066666666666666,0.41,14.5431,180.1767
1997-02-01,26.845,19.511666666666667,28.661666666666665,9.011666666666667,32.06333333333333,23.048333333333332,14.253333333333332,66.19666666666667,100.43333333333334,2.9416666666666664,4.708333333333333,1.4383333333333332,0.26833333333333337,0.4000000000000001,0.40833333333333327,14.0517,143.8716
1997-02-11,26.324,18.026,27.994,10.102,32.153,22.052,12.981,63.145,100.503,3.028,4.838,1.488,0.24700000000000003,0.4,0.402,46.8793,107.4868
1997-02-21,27.314166666666665,19.139166666666664,29.02416666666667,9.700000000000001,33.025,23.325,13.961666666666666,63.855,100.65750000000001,3.1733333333333333,4.835833333333333,1.6941666666666666,0.21666666666666667,0.4000000000000001,0.4000000000000001,47.1121,77.2302
1997-03-01,27.85166666666667,20.81,29.56,8.421666666666667,32.88833333333333,24.468333333333334,15.35,67.23833333333333,100.68333333333334,3.106666666666667,4.918333333333333,1.4800000000000002,0.305,0.405,0.4066666666666667,45.9397,64.8802
1997-03-11,28.202999999999996,18.808,30.137999999999998,11.977,35.152,23.174,13.782,61.813,100.648,2.609,4.261,1.2429999999999999,0.23700000000000002,0.399,0.4,9.6724,65.8649
1997-03-21,29.678,20.148666666666667,31.613333333333333,11.187999999999999,36.09,24.901333333333334,14.995333333333333,60.504,100.41333333333334,2.766,4.437333333333333,1.2,0.17466666666666666,0.3926666666666667,0.4,26.1466,71.8262
1997-04-01,28.90833333333333,22.045,30.439999999999998,7.4750000000000005,33.17333333333333,25.694999999999997,16.703333333333333,68.87333333333333,100.33333333333333,2.5316666666666667,3.563333333333333,1.4266666666666667,0.2916666666666667,0.39999999999999997,0.4033333333333333,62.9224,78.3716
1997-04-11,29.948,21.425,31.756,10.291,35.753,25.465,16.053,63.331999999999994,100.451,2.148,3.661,0.954,0.377,0.41200000000000003,0.41200000000000003,77.1638,91.55
1997-04-21,29.66857142857143,22.34357142857143,31.333571428571428,8.000714285714286,34.375,26.37642857142857,16.946428571428573,66.69642857142857,100.39142857142858,2.282142857142857,3.656428571428571,1.1042857142857143,0.37071428571428566,0.41,0.41,117.7845,104.1287
1997-05-01,28.025000000000002,23.973333333333333,28.901666666666667,5.493333333333333,31.278333333333336,25.78833333333333,18.698333333333334,79.77,100.27,1.7116666666666667,2.735,0.8083333333333332,0.5083333333333333,0.4466666666666666,0.4333333333333333,164.1638,133.4764
1997-05-11,28.157,23.151,29.058,6.066000000000001,31.591,25.524,17.859,75.761,100.152,1.7260000000000002,2.723,0.753,0.46699999999999997,0.47400000000000003,0.469,229.4741,159.3523
1997-05-21,29.892,22.895333333333333,30.756666666666668,9.272,35.04333333333333,25.77266666666667,17.513333333333332,68.18333333333334,100.28066666666668,3.9186666666666667,5.403333333333333,2.5820000000000003,0.42266666666666663,0.46066666666666667,0.464,186.5603,161.1474
1997-06-01,30.900000000000002,21.666666666666668,32.434999999999995,11.323333333333332,37.22666666666667,25.900000000000002,16.255,60.788333333333334,100.42333333333333,2.85,4.1450000000000005,1.4283333333333335,0.3833333333333333,0.4283333333333333,0.4383333333333333,102.931,108.7931
1997-06-11,29.869,22.119999999999997,31.069,8.655,34.724000000000004,26.07,16.711000000000002,65.288,100.356,2.232,3.45,1.046,0.399,0.425,0.429,26.6293,49.7503
1997-06-21,28.99142857142857,22.395714285714288,29.905714285714286,7.072857142857143,33.010714285714286,25.94,17.025,69.24928571428572,100.2,4.271428571428571,5.523571428571429,3.027142857142857,0.38571428571428573,0.415,0.4178571428571428,8.819,14.0302
1997-07-01,28.66,21.558333333333334,29.513333333333335,7.96,33.27,25.31,16.185,67.24,100.14333333333333,5.163333333333333,6.453333333333333,3.801666666666667,0.39166666666666666,0.42166666666666663,0.42333333333333334,36.6983,21.0032
1997-07-11,28.895,22.357,29.741000000000003,7.702,33.451,25.750999999999998,16.974,69.607,100.279,5.163,6.337,3.804,0.41600000000000004,0.42400000000000004,0.42400000000000004,56.8793,36.7463
1997-07-21,28.261333333333333,22.866666666666667,28.89466666666667,6.764,32.27066666666666,25.508,17.509999999999998,74.07666666666667,100.19533333333334,4.905333333333333,6.339333333333333,3.3800000000000003,0.4433333333333333,0.454,0.45,80.5345,52.298
1997-08-01,28.633333333333336,22.723333333333333,29.233333333333334,7.055,32.821666666666665,25.771666666666665,17.345,71.91833333333334,100.28833333333334,5.665,7.048333333333333,4.38,0.42333333333333334,0.4466666666666667,0.45,64.2672,53.6175
1997-08-11,28.32,22.330000000000002,29.011000000000003,7.622,32.683,25.062,16.894,71.946,100.49,4.493,5.585,3.3230000000000004,0.429,0.446,0.44800000000000006,41.9138,60.8282
1997-08-21,29.028666666666666,22.136000000000003,29.756666666666668,7.968,33.75266666666666,25.784666666666666,16.726666666666667,68.188,100.25399999999999,5.373333333333333,6.492,4.236666666666666,0.39266666666666666,0.428,0.43466666666666665,21.9741,70.2537
1997-09-01,29.71666666666667,21.831666666666667,30.823333333333334,9.533333333333333,35.178333333333335,25.64,16.406666666666666,64.72833333333334,100.31333333333333,2.7583333333333333,4.2700000000000005,1.3716666666666668,0.385,0.42166666666666663,0.42333333333333334,24.6466,93.3828
1997-09-11,27.841,22.779,28.657999999999998,7.0760000000000005,32.082,25.006999999999998,17.384,75.856,100.439,2.455,3.4859999999999998,1.315,0.487,0.471,0.46299999999999997,53.3879,99.7816
1997-09-21,27.63357142857143,22.93285714285714,28.259999999999998,6.909999999999999,31.698571428571427,24.785714285714285,17.507857142857144,76.91071428571429,100.51285714285714,4.052857142857143,5.570714285714286,2.649285714285714,0.4785714285714286,0.4907142857142857,0.4878571428571429,78.4569,127.15
1997-10-01,27.521666666666665,21.988333333333333,28.396666666666665,7.903333333333333,31.919999999999998,24.016666666666666,16.518333333333334,73.83333333333333,100.70333333333333,2.1366666666666667,3.1733333333333333,1.075,0.47333333333333333,0.48,0.48,94.3017,147.3385
1997-10-11,27.159,23.321,28.044,5.784000000000001,30.656,24.872999999999998,17.931,80.761,100.567,2.246,3.357,1.213,0.52,0.499,0.49399999999999994,179.6293,205.3934
1997-10-21,27.232000000000003,23.74866666666667,27.896666666666665,5.241333333333333,30.305333333333333,25.066666666666666,18.371333333333332,82.07066666666667,100.57333333333332,1.6726666666666667,2.5566666666666666,0.91,0.5886666666666667,0.5453333333333333,0.5393333333333333,233.7414,260.2779
1997-11-01,26.451666666666668,24.455,26.765,3.5866666666666664,28.59166666666667,25.006666666666664,19.166666666666668,88.99166666666667,100.56,2.558333333333333,3.7533333333333334,1.5183333333333333,0.7216666666666667,0.6316666666666667,0.6166666666666667,334.0345,306.6902
1997-11-11,26.526999999999997,24.05,26.923000000000002,4.964,29.461000000000002,24.497,18.725,86.7,100.495,1.844,2.7969999999999997,1.087,0.708,0.657,0.652,349.7586,324.5644
1997-11-21,26.53,23.851428571428574,26.853571428571428,4.674285714285714,29.23785714285714,24.565714285714286,18.504285714285714,85.66,100.47642857142857,1.7614285714285713,2.6421428571428573,0.8921428571428571,0.7192857142857143,0.6714285714285715,0.6657142857142857,473.2069,337.5647
1997-12-01,26.44666666666667,24.5,26.588333333333335,3.7816666666666663,28.643333333333334,24.861666666666665,19.236666666666668,89.28166666666668,100.52166666666666,2.855,4.06,1.635,0.71,0.6516666666666667,0.65,513.0948,341.21
1997-12-11,26.46,24.593,26.604000000000003,3.723,28.577999999999996,24.851,19.359,89.68199999999999,100.506,2.318,3.399,1.421,0.725,0.688,0.679,474.2069,356.7336
1997-12-21,25.88266666666667,23.078666666666667,26.038,4.712000000000001,28.628666666666668,23.920666666666666,17.651333333333334,84.92933333333333,100.69666666666667,2.734666666666667,4.017333333333333,1.6506666666666667,0.74,0.6933333333333334,0.6880000000000001,287.2845,339.5899
1998-01-01,25.64,22.665000000000003,25.648333333333337,4.226666666666667,28.115,23.891666666666666,17.211666666666666,83.93833333333333,100.69,3.8266666666666667,5.515,2.368333333333333,0.7116666666666666,0.6749999999999999,0.6733333333333333,203.4483,301.2839
1998-01-11,25.185,22.118000000000002,25.393,5.143,28.189,23.046,16.655,83.524,100.551,3.075,4.461,1.938,0.681,0.64,0.644,127.1293,237.2716
1998-01-21,26.281333333333336,22.403333333333332,26.717333333333332,6.226,29.846666666666668,23.622,16.910666666666668,79.92,100.69866666666667,2.822666666666667,4.131333333333333,1.7166666666666666,0.5700000000000001,0.5613333333333334,0.5686666666666667,114.6896,180.1767
1998-02-01,26.661666666666665,21.221666666666668,27.39833333333333,6.2250000000000005,30.44333333333333,24.218333333333334,15.698333333333332,72.91833333333334,100.82333333333332,3.405,4.733333333333333,2.2416666666666667,0.47833333333333333,0.51,0.5183333333333334,27.9483,143.8716
1998-02-11,27.179000000000002,21.468,28.163999999999998,7.187,31.427,24.238999999999997,15.964000000000002,72.2,100.756,3.195,4.547,1.8969999999999998,0.445,0.48,0.48599999999999993,12.7586,107.4868
1998-02-21,28.518333333333334,21.213333333333335,30.030833333333334,10.605833333333333,34.54833333333333,23.940833333333334,15.813333333333333,67.79166666666667,100.6025,2.3333333333333335,3.750833333333333,1.0758333333333334,0.4041666666666666,0.4483333333333333,0.4558333333333333,6.75,77.2302
1998-03-01,27.886666666666667,20.325,29.451666666666668,9.498333333333333,33.541666666666664,24.045,14.943333333333333,66.21,100.63166666666666,2.8816666666666664,4.4816666666666665,1.5350000000000001,0.38833333333333336,0.425,0.435,7.0259,64.8802
1998-03-11,28.889999999999997,20.721,30.702999999999996,11.381,35.45,24.067,15.418000000000001,65.437,100.502,2.512,4.164,1.2109999999999999,0.365,0.4109999999999999,0.41600000000000004,7.0862,65.8649
1998-03-21,29.103333333333335,21.459333333333333,30.759999999999998,9.717333333333332,34.77133333333333,25.052,16.106,66.32066666666667,100.51666666666667,2.7319999999999998,4.254666666666667,1.4346666666666665,0.3233333333333333,0.4066666666666666,0.41,16.5603,71.8262
1998-04-01,29.953333333333333,23.231666666666666,31.228333333333335,7.821666666666666,34.608333333333334,26.790000000000003,17.853333333333335,68.82000000000001,100.50166666666667,3.106666666666667,4.6866666666666665,1.5566666666666666,0.3983333333333334,0.41,0.41,17.9655,78.3716
1998-04-11,30.091,22.231,31.907,9.93,35.936,26.006,16.913,65.762,100.336,2.648,4.263,1.369,0.358,0.41,0.41,17.3534,91.55
1998-04-21,31.502142857142854,22.27285714285714,33.39214285714286,10.867142857142857,37.58428571428571,26.715714285714284,16.925,60.99142857142857,100.34071428571428,2.1135714285714284,3.607142857142857,0.75,0.30642857142857144,0.4042857142857143,0.40928571428571425,22.4224,104.1287
1998-05-01,31.180000000000003,23.573333333333334,33.005,8.84,36.464999999999996,27.63,18.290000000000003,65.99,100.175,2.2933333333333334,3.8049999999999997,0.9,0.3333333333333333,0.4066666666666667,0.41,79.4138,133.4764
1998-05-11,28.856,24.6,29.641,5.381,31.979000000000003,26.598000000000003,19.488,78.999,100.029,2.93,4.468,1.6800000000000002,0.521,0.46299999999999997,0.45,207.7586,159.3523
1998-05-21,30.175333333333334,24.274,30.946666666666665,8.374666666666666,34.994,26.62,19.072,72.54666666666667,100.092,4.612666666666667,6.102,3.066666666666667,0.45466666666666666,0.4886666666666667,0.49133333333333334,201.3448,161.1474
1998-06-01,29.291666666666668,23.505,30.025000000000002,7.4316666666666675,33.68333333333333,26.248333333333335,18.2,72.49,100.15333333333332,4.4383333333333335,5.8116666666666665,2.688333333333333,0.4283333333333333,0.45333333333333337,0.4583333333333333,144.2931,108.7931
1998-06-11,29.066000000000003,23.323,29.797000000000004,6.593000000000001,32.977999999999994,26.387,18.006,72.593,100.154,5.292,6.631,4.005,0.426,0.45,0.45,17.9655,49.7503
1998-06-21,28.801428571428573,22.709285714285716,29.559285714285714,6.88,32.934285714285714,26.056428571428572,17.37,71.16571428571429,100.08,5.992857142857143,7.524285714285715,4.615,0.41714285714285715,0.4414285714285714,0.44214285714285717,12.75,14.0302
1998-07-01,28.871666666666666,22.099999999999998,29.706666666666667,7.573333333333333,33.37,25.793333333333333,16.713333333333335,68.77833333333334,100.19833333333334,5.348333333333334,6.864999999999999,3.893333333333333,0.4033333333333333,0.43166666666666664,0.43333333333333335,28.2845,21.0032
1998-07-11,28.895,22.536,29.744,7.848000000000001,33.544,25.692,17.175,70.486,100.14500000000001,4.577,5.705,3.431,0.40199999999999997,0.42299999999999993,0.42400000000000004,86.0948,36.7463
1998-07-21,27.58,23.157333333333334,28.326666666666664,6.138,31.255333333333333,25.118,17.825333333333333,78.08333333333333,100.03066666666668,5.234,6.602,3.8133333333333335,0.45866666666666667,0.4626666666666666,0.45866666666666667,116.8621,52.298
1998-08-01,28.22666666666667,22.820000000000004,29.09,6.823333333333333,32.17333333333333,25.346666666666668,17.445,73.825,100.21166666666666,3.8183333333333334,5.495,2.3033333333333332,0.44166666666666665,0.46,0.4583333333333333,118.2758,53.6175
1998-08-11,28.599,23.103,29.505000000000003,7.590999999999999,33.092,25.502000000000002,17.762999999999998,73.799,100.159,4.162,5.651,2.75,0.44000000000000006,0.45599999999999996,0.45499999999999996,84.6379,60.8282
1998-08-21,28.036,22.784666666666666,28.888666666666666,7.53,32.37866666666667,24.850666666666665,17.424,74.99933333333334,100.14533333333334,4.343333333333334,5.843999999999999,2.976,0.44666666666666666,0.4686666666666667,0.4686666666666667,71.181,70.2537
1998-09-01,27.93166666666667,22.708333333333332,28.74,7.363333333333333,32.07666666666667,24.713333333333335,17.293333333333333,74.76,100.32,4.235,5.8,2.643333333333333,0.44,0.455,0.45333333333333337,124.1034,93.3828
1998-09-11,28.422000000000004,22.318,29.357,8.297,33.397,25.095000000000002,16.912,71.461,100.20599999999999,5.1899999999999995,6.611,3.6480000000000006,0.414,0.45,0.45200000000000007,106.7931,99.7816
1998-09-21,27.989285714285717,22.535,28.792142857142856,7.182857142857143,32.28142857142857,25.097857142857144,17.172857142857143,73.93285714285715,100.08071428571428,5.158571428571428,6.721428571428571,3.77,0.4307142857142857,0.445,0.44571428571428573,158.8793,127.15
1998-10-01,28.525000000000002,22.52,29.35666666666667,7.88,33.25333333333334,25.376666666666665,17.150000000000002,71.875,100.14999999999999,4.8500000000000005,6.163333333333333,3.5116666666666667,0.41,0.44333333333333336,0.4466666666666667,160.6724,147.3385
1998-10-11,27.377999999999997,22.915,28.082,6.553999999999999,31.331,24.776,17.56,78.101,100.224,4.636,6.353,2.998,0.449,0.45200000000000007,0.45,176.2328,205.3934
1998-10-21,27.877333333333336,22.887999999999998,28.786,7.546,32.22533333333333,24.678,17.508666666666667,76.17066666666666,100.34933333333333,2.563333333333333,3.779333333333333,1.5153333333333334,0.49266666666666664,0.4806666666666667,0.4733333333333334,150.7414,260.2779
1998-11-01,25.875,23.820000000000004,26.265,4.756666666666667,28.643333333333334,23.886666666666667,18.55333333333333,88.73833333333334,100.11333333333333,3.2566666666666664,4.739999999999999,1.6783333333333335,0.6883333333333334,0.6033333333333334,0.5816666666666667,254.4483,306.6902
1998-11-11,25.927999999999997,23.912,26.143,4.5729999999999995,28.65,24.078,18.622999999999998,88.989,100.263,2.795,4.114,1.7719999999999998,0.739,0.6759999999999999,0.662,254.1552,324.5644
1998-11-21,26.00357142857143,22.612142857142857,26.521428571428572,6.935714285714285,29.802857142857142,22.86785714285714,17.185,82.37928571428571,100.42357142857144,2.087857142857143,2.9185714285714286,1.3399999999999999,0.665,0.625,0.6292857142857143,212.3621,337.5647
1998-12-01,26.116666666666664,23.733333333333334,26.430000000000003,4.33,28.721666666666668,24.39,18.361666666666668,87.08166666666666,100.54166666666667,2.4283333333333332,3.6333333333333333,1.3933333333333333,0.6699999999999999,0.6,0.5966666666666667,267.9224,341.21
1998-12-11,25.669,23.315,25.821999999999996,4.045,28.093,24.052,17.945,87.255,100.501,2.691,3.819,1.6149999999999998,0.727,0.668,0.655,335.3104,356.7336
1998-12-21,25.079333333333334,22.254666666666665,25.077333333333335,4.526666666666666,27.62066666666667,23.092666666666666,16.842,84.912,100.51733333333333,3.008,4.510666666666666,1.9246666666666667,0.7113333333333334,0.6519999999999999,0.644,465.3018,339.5899
1999-01-01,24.810000000000002,23.338333333333335,24.78,2.9299999999999997,26.598333333333333,23.661666666666665,17.971666666666668,91.57333333333334,100.35333333333334,3.546666666666667,4.88,2.5083333333333333,0.88,0.8516666666666667,0.8233333333333334,372.7586,301.2839
1999-01-11,24.805,22.31,24.901999999999997,5.063000000000001,27.740999999999996,22.677,16.864,86.356,100.511,2.968,4.502000000000001,1.7189999999999999,0.843,0.851,0.851,394.6897,237.2716
1999-01-21,24.326,21.318666666666665,24.289333333333335,4.998666666666667,27.216,22.215333333333334,15.901333333333334,83.758,100.47133333333333,3.131333333333333,4.468,1.9266666666666665,0.8373333333333334,0.836,0.838,357.1638,180.1767
1999-02-01,25.473333333333333,23.19,25.661666666666665,5.448333333333333,28.631666666666664,23.185000000000002,17.771666666666665,87.54166666666667,100.48,2.33,3.866666666666667,0.7583333333333333,0.7933333333333333,0.7766666666666667,0.7766666666666667,252.388,143.8716
1999-02-11,25.445,22.889000000000003,25.597,5.0009999999999994,28.406,23.409,17.432,86.119,100.63000000000001,2.86,4.186,1.7630000000000003,0.772,0.752,0.75,207.7586,107.4868
1999-02-21,25.785833333333333,23.561666666666667,25.885,4.0375,28.200833333333335,24.16416666666667,18.173333333333336,87.80166666666666,100.53750000000001,3.215833333333333,4.514166666666667,2.0675,0.8016666666666667,0.7708333333333334,0.7658333333333333,130.3534,77.2302
1999-03-01,25.528333333333332,22.540000000000003,25.80666666666667,6.051666666666667,29.0,22.948333333333334,17.16,84.04166666666667,100.28666666666668,2.4133333333333336,3.728333333333333,1.5166666666666666,0.7466666666666667,0.7283333333333334,0.73,95.3362,64.8802
1999-03-11,25.958999999999996,21.318,26.145999999999997,7.814,30.081,22.269,16.119,76.819,100.14500000000001,1.639,2.5149999999999997,0.795,0.697,0.664,0.67,28.2414,65.8649
1999-03-21,27.287333333333333,22.782,27.91866666666667,8.477333333333332,31.995333333333335,23.517333333333333,17.410666666666668,78.24266666666666,100.26733333333333,1.5793333333333335,2.3453333333333335,0.896,0.5893333333333334,0.5726666666666667,0.584,8.5259,71.8262
1999-04-01,27.34,23.061666666666667,28.138333333333332,6.251666666666666,31.00333333333333,24.751666666666665,17.69333333333333,78.53166666666667,100.26833333333333,2.0566666666666666,3.223333333333333,0.9316666666666666,0.5366666666666667,0.5266666666666667,0.5333333333333333,71.3448,78.3716
1999-04-11,27.887,23.891,28.264,7.390000000000001,32.21,24.819,18.616,80.343,100.136,3.7950000000000004,5.282,2.508,0.562,0.542,0.541,123.6638,91.55
1999-04-21,27.38,23.34714285714286,27.93285714285714,7.6414285714285715,31.764285714285712,24.12357142857143,18.032142857142855,80.1907142857143,100.08714285714287,4.319999999999999,5.735,2.962142857142857,0.5678571428571428,0.5464285714285715,0.5457142857142857,133.9741,104.1287
1999-05-01,28.73166666666667,23.266666666666666,29.395,8.901666666666666,33.80833333333333,24.905,17.925,74.10666666666667,100.15166666666666,3.6,4.9816666666666665,2.505,0.4716666666666667,0.49833333333333335,0.51,101.4655,133.4764
1999-05-11,27.828000000000003,23.333000000000002,28.46,6.898999999999999,31.762999999999998,24.863,17.997999999999998,77.876,100.137,3.4939999999999998,4.827,2.107,0.483,0.495,0.497,85.9396,159.3523
1999-05-21,27.585333333333335,23.305333333333333,28.159333333333333,6.019333333333333,31.154,25.134666666666664,17.96066666666667,78.50266666666667,100.17533333333334,5.057333333333333,6.371333333333333,3.802,0.474,0.4826666666666667,0.482,104.5431,161.1474
1999-06-01,27.465,23.145,28.105,6.4799999999999995,31.320000000000004,24.836666666666662,17.77,78.67666666666666,100.325,4.631666666666667,6.140000000000001,3.435,0.4716666666666667,0.48166666666666663,0.48,77.181,108.7931
1999-06-11,27.083999999999996,22.613999999999997,27.639999999999997,5.9879999999999995,30.691000000000003,24.701,17.225,77.525,100.207,5.995,7.412000000000001,4.659000000000001,0.479,0.488,0.484,38.2328,49.7503
1999-06-21,28.569285714285716,21.78357142857143,29.627142857142854,10.075000000000001,34.2,24.12642857142857,16.382857142857144,69.40142857142857,100.24714285714286,3.869285714285714,5.235,2.6207142857142856,0.41428571428571426,0.4564285714285714,0.4628571428571429,9.4828,14.0302
1999-07-01,28.083333333333332,21.965000000000003,29.175,8.766666666666667,33.13666666666666,24.368333333333336,16.569999999999997,71.41666666666667,100.13,5.073333333333333,6.405,3.5683333333333334,0.40833333333333327,0.44,0.44333333333333336,7.3017,21.0032
1999-07-11,27.927,21.655,28.913999999999998,7.691,32.516999999999996,24.823,16.259,70.673,100.167,5.345000000000001,6.709999999999999,3.968,0.403,0.429,0.434,16.5948,36.7463
1999-07-21,28.07133333333333,21.783333333333335,28.89,7.563999999999999,32.571999999999996,25.006666666666668,16.384666666666668,70.50066666666666,100.19133333333333,6.0553333333333335,7.4206666666666665,4.650666666666667,0.4073333333333334,0.42,0.4213333333333333,22.5172,52.298
1999-08-01,27.923333333333332,21.566666666666666,28.72,8.123333333333333,32.855,24.735,16.153333333333332,70.375,100.20833333333333,5.4816666666666665,6.773333333333333,4.178333333333334,0.4166666666666667,0.44,0.4366666666666667,23.431,53.6175
1999-08-11,28.621,21.891,29.555,9.14,33.835,24.695,16.481,69.126,100.232,4.419,5.681,3.053,0.40800000000000003,0.43200000000000005,0.43200000000000005,27.3707,60.8282
1999-08-21,28.306,21.874000000000002,29.244000000000003,8.18,33.10066666666667,24.922,16.447333333333333,69.82400000000001,100.27466666666666,4.498,5.8886666666666665,2.9406666666666665,0.3993333333333334,0.422,0.4246666666666667,32.8448,70.2537
1999-09-01,28.105,21.441666666666666,28.891666666666666,8.318333333333333,33.05833333333333,24.741666666666664,16.029999999999998,69.19666666666667,100.33666666666666,5.016666666666667,6.510000000000001,3.483333333333333,0.40166666666666667,0.4166666666666667,0.4183333333333333,34.4052,93.3828
1999-09-11,29.389,21.506999999999998,30.589,9.778,35.001,25.224,16.119,64.975,100.151,4.456,5.61,2.955,0.33799999999999997,0.41,0.41,26.0431,99.7816
1999-09-21,28.337142857142855,22.330714285714286,29.35571428571429,7.99,33.01357142857143,25.02285714285714,16.937857142857144,71.89285714285714,100.22142857142856,2.812857142857143,3.9514285714285715,1.8614285714285714,0.43857142857142856,0.4342857142857143,0.42642857142857143,74.4138,127.15
1999-10-01,26.59166666666667,23.205,27.066666666666666,6.015000000000001,30.183333333333334,24.165000000000003,17.853333333333335,82.625,100.08333333333333,2.9866666666666664,4.526666666666666,1.625,0.5283333333333333,0.5183333333333334,0.51,221.9052,147.3385
1999-10-11,26.47,23.049,27.067,5.914,29.996,24.082,17.665,82.41900000000001,100.229,2.992,4.3469999999999995,1.918,0.5349999999999999,0.522,0.519,337.7069,205.3934
1999-10-21,26.358,23.062666666666665,26.733999999999998,6.220666666666667,30.056,23.833333333333332,17.712,83.10533333333333,100.188,3.457333333333333,4.935333333333333,1.9826666666666666,0.5813333333333334,0.5493333333333333,0.5453333333333333,359.4569,260.2779
1999-11-01,27.138333333333335,22.21666666666667,28.11,9.881666666666666,32.555,22.675,16.815,76.84333333333333,100.30833333333334,2.733333333333333,3.966666666666667,1.7750000000000001,0.525,0.5266666666666667,0.5333333333333333,323.319,306.6902
1999-11-11,26.110000000000003,23.051,26.395999999999997,4.683,29.004,24.321,17.645,83.827,100.46000000000001,3.1550000000000002,4.415,1.9490000000000003,0.5780000000000001,0.548,0.546,335.112,324.5644
1999-11-21,25.47214285714286,23.399285714285718,25.675,4.03,27.86285714285714,23.833571428571428,18.035714285714285,88.65928571428572,100.33357142857143,2.65,3.9050000000000002,1.3885714285714286,0.6892857142857143,0.6171428571428572,0.6035714285714285,383.3448,337.5647
1999-12-01,25.44333333333333,22.94666666666667,25.540000000000003,4.78,28.356666666666666,23.578333333333333,17.496666666666666,86.43833333333333,100.57833333333333,3.078333333333333,4.565,1.8099999999999998,0.7433333333333333,0.71,0.7016666666666667,303.5345,341.21
1999-12-11,25.131,22.786,25.294,4.965999999999999,27.912,22.948,17.395,87.29400000000001,100.466,3.1420000000000003,4.475,2.05,0.705,0.664,0.666,314.931,356.7336
1999-12-21,24.682000000000002,20.997333333333334,24.536,4.992666666666667,27.608,22.618666666666666,15.600666666666665,80.65933333333332,100.53533333333333,3.232666666666667,4.812666666666667,2.1473333333333335,0.702,0.6613333333333333,0.6606666666666666,255.8966,339.5899
2000-01-01,24.735,22.558333333333334,24.814999999999998,3.9333333333333336,27.06833333333333,23.136666666666667,17.153333333333332,88.0,100.32666666666667,3.8183333333333334,5.361666666666667,2.495,0.6433333333333334,0.6116666666666667,0.6166666666666667,336.7759,301.2839
2000-01-11,25.238,23.168,25.376,4.012,27.621,23.61,17.775,88.575,100.34,3.165,4.5280000000000005,1.973,0.661,0.617,0.617,340.4483,237.2716
2000-01-21,25.008666666666667,20.652,25.444,6.177333333333333,28.670666666666666,22.494000000000003,15.221333333333332,77.64533333333334,100.64733333333334,3.5006666666666666,5.0553333333333335,2.2706666666666666,0.5519999999999999,0.5493333333333333,0.558,282.7672,180.1767
2000-02-01,26.045,23.098333333333333,26.47,5.223333333333334,29.30666666666667,24.08666666666667,17.691666666666666,84.42666666666666,100.52499999999999,3.5500000000000003,4.913333333333333,2.4216666666666664,0.5933333333333334,0.5466666666666667,0.54,247.5259,143.8716
2000-02-11,25.893,21.059,26.772000000000002,7.851999999999999,30.375,22.519,15.607,76.137,100.436,2.63,3.874,1.568,0.51,0.523,0.53,120.181,107.4868
2000-02-21,26.785384615384615,22.439230769230768,27.679230769230767,6.162307692307692,30.43307692307692,24.267692307692307,17.02,78.11615384615385,100.30615384615385,2.216153846153846,3.5215384615384617,1.0484615384615386,0.49,0.4938461538461538,0.49769230769230766,159.6379,77.2302
2000-03-01,27.118333333333336,22.488333333333333,27.958333333333332,6.265000000000001,30.868333333333336,24.603333333333335,17.06833333333333,76.98,100.38666666666667,2.9233333333333333,4.253333333333333,1.6449999999999998,0.48,0.4916666666666667,0.49499999999999994,111.9655,64.8802
2000-03-11,28.464,21.954,29.880000000000003,9.289,33.940999999999995,24.651,16.584,70.649,100.326,2.007,3.3840000000000003,0.865,0.437,0.47400000000000003,0.48,96.8104,65.8649
2000-03-21,27.95133333333333,21.014,29.239333333333335,8.513333333333334,32.919999999999995,24.404,15.719333333333333,68.62533333333334,100.29533333333333,2.542666666666667,4.12,1.1900000000000002,0.3993333333333334,0.44266666666666665,0.448,63.5776,71.8262
2000-04-01,28.40833333333333,22.823333333333334,29.43166666666667,8.049999999999999,32.97833333333333,24.92833333333333,17.465,73.43666666666667,100.16000000000001,1.9000000000000001,3.0866666666666664,0.7366666666666667,0.47500000000000003,0.46166666666666667,0.4583333333333333,49.2155,78.3716
2000-04-11,29.943,22.446,31.238,9.969,35.675,25.708,17.137,67.363,100.15599999999999,1.7109999999999999,3.246,0.608,0.41899999999999993,0.45499999999999996,0.45600000000000007,61.4828,91.55
2000-04-21,30.099285714285713,22.34857142857143,31.24285714285714,10.143571428571429,35.8,25.655,17.012142857142855,65.92357142857144,100.13571428571429,3.0564285714285715,4.589285714285714,1.6692857142857143,0.4057142857142857,0.4335714285714286,0.43857142857142856,61.0172,104.1287
2000-05-01,30.39833333333333,22.385,31.48,8.353333333333333,34.958333333333336,26.603333333333335,17.036666666666665,64.22,100.23666666666666,2.348333333333333,3.97,1.02,0.37166666666666665,0.415,0.42166666666666663,77.3276,133.4764
2000-05-11,30.443,22.502000000000002,31.525,9.293000000000001,35.785000000000004,26.494,17.163,65.09400000000001,100.201,3.4530000000000003,4.82,2.095,0.376,0.41200000000000003,0.414,64.681,159.3523
2000-05-21,30.014,22.602,31.125999999999998,8.234666666666666,34.84,26.60666666666667,17.247999999999998,66.54933333333334,100.10533333333333,4.428,5.741333333333333,3.0780000000000003,0.38,0.414,0.412,96.6552,161.1474
2000-06-01,28.958333333333332,22.103333333333335,29.72666666666667,6.963333333333334,33.03,26.06833333333333,16.775000000000002,67.99,99.82333333333334,6.5633333333333335,8.049999999999999,4.79,0.4066666666666667,0.43333333333333335,0.43166666666666664,72.7931,108.7931
2000-06-11,28.073,21.767,28.814999999999998,7.3469999999999995,32.423,25.072,16.339,70.131,100.292,5.358,6.88,3.7159999999999997,0.41500000000000004,0.43099999999999994,0.43099999999999994,67.0776,49.7503
2000-06-21,28.292857142857144,22.13714285714286,29.103571428571428,7.422142857142857,32.67285714285715,25.252857142857145,16.75857142857143,70.93714285714286,100.06785714285715,5.472142857142857,6.762142857142857,4.3064285714285715,0.4107142857142857,0.4271428571428571,0.4278571428571429,19.7845,14.0302
2000-07-01,28.256666666666664,21.348333333333333,29.11,8.201666666666666,33.18833333333333,24.985,16.011666666666667,68.13333333333334,99.88166666666666,6.396666666666666,7.576666666666667,5.178333333333334,0.38833333333333336,0.415,0.42,12.4397,21.0032
2000-07-11,28.893,21.155,29.826999999999998,8.981,34.150999999999996,25.166999999999998,15.812999999999999,65.367,100.03099999999999,5.797,7.215000000000001,4.324,0.373,0.41200000000000003,0.413,14.0517,36.7463
2000-07-21,28.840666666666667,21.778000000000002,29.84466666666667,9.405333333333333,34.28733333333333,24.88266666666667,16.414,68.36733333333333,100.10733333333333,4.056666666666667,5.485333333333333,2.694666666666667,0.42533333333333334,0.43666666666666665,0.428,24.6724,52.298
2000-08-01,27.62,22.456666666666667,28.38,7.253333333333333,31.731666666666666,24.476666666666663,17.07,74.77,100.05666666666667,3.228333333333333,4.69,1.9316666666666666,0.47333333333333333,0.49333333333333335,0.4883333333333333,52.7586,53.6175
2000-08-11,27.732999999999997,21.769,28.541000000000004,7.617,32.208000000000006,24.592000000000002,16.357999999999997,71.638,100.196,4.4990000000000006,6.223000000000001,2.835,0.44400000000000006,0.47400000000000003,0.476,78.9914,60.8282
2000-08-21,27.772,22.107333333333333,28.446,6.956,31.892666666666667,24.939333333333334,16.703333333333333,72.69133333333333,100.18066666666667,5.8933333333333335,7.414666666666666,4.426,0.44333333333333336,0.4646666666666667,0.466,94.8879,70.2537
2000-09-01,29.069999999999997,21.995,30.11,10.085,34.81666666666667,24.733333333333334,16.580000000000002,67.99,100.19333333333333,4.198333333333333,5.13,3.0433333333333334,0.405,0.45,0.45333333333333337,79.7845,93.3828
2000-09-11,28.589999999999996,22.154,29.466,9.238,33.86,24.619,16.754,70.306,100.213,3.4170000000000003,4.723000000000001,2.403,0.446,0.457,0.458,132.6293,99.7816
2000-09-21,27.387857142857143,22.925714285714285,28.05857142857143,6.560714285714285,31.162857142857145,24.599999999999998,17.550714285714285,77.81285714285715,100.16571428571429,3.016428571428572,4.452857142857143,1.8214285714285714,0.48357142857142854,0.48928571428571427,0.485,231.9396,127.15
2000-10-01,26.643333333333334,22.42833333333333,27.271666666666665,6.713333333333334,30.506666666666664,23.791666666666668,16.976666666666667,78.91666666666667,100.38,3.3183333333333334,4.881666666666667,1.8833333333333335,0.49000000000000005,0.4883333333333333,0.48500000000000004,309.2155,147.3385
2000-10-11,27.330000000000002,22.824,27.972,8.026,31.921,23.896,17.437,78.16900000000001,100.255,3.9909999999999997,5.3740000000000006,2.7489999999999997,0.502,0.504,0.501,238.1724,205.3934
2000-10-21,27.915333333333333,21.456666666666667,28.887333333333334,8.620000000000001,32.779333333333334,24.159333333333333,16.101333333333333,70.29400000000001,100.26933333333334,3.1053333333333333,4.272666666666667,1.9186666666666667,0.444,0.4766666666666666,0.48000000000000004,137.0345,260.2779
2000-11-01,27.463333333333335,21.90833333333333,28.478333333333335,6.364999999999999,31.328333333333333,24.961666666666662,16.50166666666667,72.89833333333333,100.39166666666667,2.0666666666666664,3.455,0.9216666666666667,0.49333333333333335,0.47333333333333333,0.4716666666666667,108.4914,306.6902
2000-11-11,27.169,22.243000000000002,27.957,5.724,30.568,24.846,16.833,75.377,100.288,3.8240000000000003,5.348,2.3760000000000003,0.483,0.495,0.491,237.4914,324.5644
2000-11-21,25.763571428571428,23.254285714285714,25.916428571428572,4.923571428571429,28.573571428571427,23.650000000000002,17.908571428571427,86.5307142857143,100.32214285714285,3.0092857142857143,4.447142857142857,1.7207142857142856,0.7821428571428571,0.7114285714285714,0.687142857142857,274.4741,337.5647
2000-12-01,26.025000000000002,23.17,26.276666666666667,5.646666666666667,29.168333333333333,23.52,17.741666666666667,84.78333333333333,100.52333333333333,2.3699999999999997,3.723333333333333,1.2816666666666667,0.735,0.6966666666666667,0.6966666666666667,227.8448,341.21
2000-12-11,24.717,21.147,24.82,4.817,27.535000000000004,22.721,15.680000000000001,80.99300000000001,100.558,3.505,4.991,2.404,0.6910000000000001,0.656,0.661,151.6552,356.7336
2000-12-21,25.22266666666667,23.20266666666667,25.259333333333334,3.8753333333333333,27.499333333333333,23.623333333333335,17.826,88.82733333333334,100.336,3.6426666666666665,5.051333333333333,2.448666666666667,0.7200000000000001,0.6613333333333333,0.654,391.7414,339.5899
2001-01-01,25.161666666666665,22.375,25.40833333333333,5.18,28.19333333333333,23.013333333333335,16.916666666666668,84.92833333333333,100.48666666666666,2.908333333333333,4.251666666666666,1.7716666666666665,0.7166666666666667,0.6783333333333333,0.6766666666666667,382.862,301.2839
2001-01-11,24.601,21.857999999999997,24.788,5.071,27.52,22.447,16.413999999999998,85.144,100.517,3.021,4.431,1.807,0.6759999999999999,0.64,0.644,410.9914,237.2716
2001-01-21,24.669333333333334,22.796,24.731333333333335,3.8926666666666665,26.974,23.082,17.39466666666667,89.56733333333334,100.40733333333333,3.432,4.758,2.288,0.7226666666666667,0.6586666666666667,0.6513333333333333,289.6724,180.1767
2001-02-01,24.561666666666667,22.445000000000004,24.891666666666666,5.501666666666666,27.715,22.213333333333335,17.038333333333334,88.38499999999999,100.37666666666667,2.3666666666666667,3.466666666666667,1.2816666666666665,0.7833333333333333,0.7416666666666667,0.725,329.9827,143.8716
2001-02-11,23.860999999999997,20.456,23.961,6.817,27.742,20.925,15.075999999999999,81.944,100.502,2.143,3.3659999999999997,1.158,0.71,0.679,0.6849999999999999,249.9569,107.4868
2001-02-21,25.209166666666665,21.587500000000002,25.528333333333336,8.003333333333332,29.705,21.704166666666666,16.16,81.67666666666666,100.52499999999999,2.07,2.9783333333333335,1.2725,0.6466666666666666,0.6166666666666667,0.625,66.5086,77.2302
2001-03-01,26.23,21.64,26.888333333333332,7.418333333333333,30.465,23.046666666666667,16.175,77.09333333333333,100.645,2.486666666666667,3.7449999999999997,1.5566666666666666,0.5533333333333333,0.55,0.56,16.1121,64.8802
2001-03-11,26.954,20.887999999999998,27.895,9.315,32.483,23.17,15.472999999999999,72.042,100.522,2.184,3.664,1.19,0.479,0.506,0.517,6.3966,65.8649
2001-03-21,29.622666666666667,21.53533333333333,31.006666666666668,10.988,35.837333333333326,24.85,16.184,64.98733333333334,100.20933333333332,1.8513333333333333,3.3833333333333333,0.676,0.40800000000000003,0.458,0.466,21.7845,71.8262
2001-04-01,29.22666666666667,22.355,30.785,8.235,34.015,25.776666666666667,17.01,68.79,100.30499999999999,2.1216666666666666,3.645,0.8383333333333334,0.405,0.435,0.44,45.0604,78.3716
2001-04-11,27.536,23.428,28.312,5.659000000000001,30.895999999999997,25.238999999999997,18.06,79.292,100.444,1.966,3.1060000000000003,0.906,0.515,0.487,0.47800000000000004,130.8966,91.55
2001-04-21,28.445714285714285,23.396428571428572,29.466428571428573,6.837142857142857,32.40571428571429,25.567857142857143,18.087857142857143,75.66428571428571,100.20285714285714,1.9221428571428572,3.1878571428571427,0.9335714285714286,0.4907142857142857,0.49642857142857144,0.4928571428571429,150.3793,104.1287
2001-05-01,29.418333333333333,24.208333333333332,30.180000000000003,8.731666666666667,34.309999999999995,25.58,18.993333333333332,75.5,100.13499999999999,2.8333333333333335,4.1466666666666665,1.5616666666666665,0.4816666666666667,0.49499999999999994,0.49333333333333335,144.2586,133.4764
2001-05-11,29.666000000000004,24.349,30.306,7.631,34.126,26.494,19.153,74.75,100.152,3.97,5.213,2.762,0.446,0.475,0.4779999999999999,62.0431,159.3523
2001-05-21,28.966666666666665,23.374000000000002,29.780666666666665,7.241333333333333,33.214666666666666,25.969333333333335,18.082666666666668,73.59466666666667,100.16866666666667,4.609333333333334,5.808000000000001,3.436,0.42666666666666664,0.454,0.4566666666666667,50.1638,161.1474
2001-06-01,27.3,23.708333333333332,27.775000000000002,5.631666666666667,30.64833333333333,25.015,18.453333333333333,81.93666666666667,99.98833333333333,4.496666666666667,5.803333333333334,3.375,0.6133333333333333,0.545,0.5166666666666667,48.0,108.7931
2001-06-11,27.411,23.408,27.945,6.273,31.133,24.859,18.085,79.863,100.125,4.79,6.175,3.397,0.522,0.531,0.532,44.7672,49.7503
2001-06-21,28.192857142857143,22.797857142857143,28.842857142857145,7.343571428571429,32.496428571428574,25.152142857142856,17.42142857142857,74.07142857142857,100.2057142857143,5.527142857142857,6.82,4.3100000000000005,0.4557142857142857,0.4857142857142857,0.4921428571428571,19.3793,14.0302
2001-07-01,28.224999999999998,22.933333333333334,28.983333333333334,6.9433333333333325,32.32333333333333,25.383333333333336,17.56833333333333,74.34333333333333,100.14833333333333,6.253333333333334,7.44,5.1466666666666665,0.4483333333333333,0.47,0.4716666666666667,9.181,21.0032
2001-07-11,27.679000000000002,22.127000000000002,28.435000000000002,7.328999999999999,31.891,24.561,16.706,73.3,100.237,4.928,6.357,3.53,0.446,0.47000000000000003,0.471,22.181,36.7463
2001-07-21,27.691333333333333,22.346,28.478666666666665,7.587999999999999,32.208666666666666,24.619333333333334,16.958666666666666,74.666,100.122,4.55,5.855333333333333,3.4406666666666665,0.4806666666666667,0.47866666666666663,0.47600000000000003,87.3017,52.298
2001-08-01,27.060000000000002,22.468333333333334,27.71666666666667,7.1433333333333335,31.363333333333333,24.22,17.07,77.27,100.17,5.213333333333334,6.640000000000001,4.153333333333333,0.5266666666666667,0.53,0.5266666666666667,84.0604,53.6175
2001-08-11,28.267000000000003,22.687,28.96,8.265,33.07899999999999,24.819,17.286,73.338,100.283,4.733,6.128,3.4770000000000003,0.45499999999999996,0.489,0.496,71.5345,60.8282
2001-08-21,28.513333333333332,22.39466666666667,29.264,7.723333333333333,33.16133333333333,25.441333333333333,17.016666666666666,71.18733333333333,100.18066666666667,5.587999999999999,6.798666666666667,4.334666666666666,0.4246666666666667,0.46066666666666667,0.4653333333333334,14.7155,70.2537
2001-09-01,29.081666666666667,21.62833333333333,30.111666666666668,10.299999999999999,35.09166666666666,24.78833333333333,16.245,66.92666666666666,100.17333333333333,4.758333333333334,5.8500000000000005,3.5283333333333338,0.41,0.4466666666666667,0.45,20.1724,93.3828
2001-09-11,29.125999999999998,21.766,30.286,9.744,34.708,24.964000000000002,16.386000000000003,67.018,100.209,2.873,4.41,1.3539999999999999,0.40800000000000003,0.43099999999999994,0.43499999999999994,66.8621,99.7816
2001-09-21,27.60928571428571,22.457857142857144,28.291428571428572,6.978571428571429,31.752857142857145,24.773571428571426,17.062142857142856,74.92785714285715,100.19214285714285,4.474285714285714,6.208571428571429,2.900714285714286,0.4564285714285714,0.4571428571428572,0.4521428571428571,107.1379,127.15
2001-10-01,27.271666666666665,22.776666666666667,27.793333333333333,7.0183333333333335,31.705,24.688333333333333,17.415000000000003,78.19,100.11500000000001,4.613333333333333,6.233333333333333,3.2716666666666665,0.5399999999999999,0.505,0.49333333333333335,179.5862,147.3385
2001-10-11,27.689999999999998,22.937,28.343,7.795,32.275,24.479999999999997,17.543,77.011,100.277,4.085,5.5009999999999994,2.936,0.488,0.5,0.5,173.7758,205.3934
2001-10-21,27.35533333333333,23.132,28.084666666666667,6.230666666666667,30.948666666666668,24.718666666666664,17.77,78.86266666666667,100.23933333333333,2.3826666666666667,3.444666666666667,1.3993333333333333,0.48666666666666664,0.49266666666666664,0.49066666666666664,204.8534,260.2779
2001-11-01,28.02,22.37,28.831666666666667,6.510000000000001,31.85166666666667,25.34166666666667,16.956666666666667,72.78333333333333,100.37,1.6033333333333335,2.645,0.7716666666666666,0.47333333333333333,0.48333333333333334,0.48333333333333334,206.6897,306.6902
2001-11-11,26.537,23.476,27.016000000000002,5.513,29.768,24.255000000000003,18.122,84.093,100.283,2.552,3.7350000000000003,1.501,0.562,0.525,0.518,266.112,324.5644
2001-11-21,25.905,22.992142857142856,26.068571428571428,4.112857142857143,28.353571428571428,24.239285714285717,17.577142857142857,84.31142857142858,100.47285714285714,2.995,4.422142857142857,1.9100000000000001,0.6778571428571428,0.615,0.6021428571428571,253.112,337.5647
2001-12-01,25.59,23.456666666666667,25.816666666666666,3.6816666666666666,27.746666666666666,24.06833333333333,18.075,88.27166666666666,100.45166666666667,2.563333333333333,3.813333333333333,1.4633333333333332,0.6699999999999999,0.61,0.61,309.0948,341.21
2001-12-11,25.095,20.298,25.158,6.25,28.662,22.411,14.869,75.613,100.731,2.853,4.220000000000001,1.846,0.596,0.576,0.584,299.5862,356.7336
2001-12-21,25.444666666666667,23.564,25.545333333333335,3.4686666666666666,27.540000000000003,24.067333333333334,18.13533333333333,89.56133333333334,100.74066666666667,3.272666666666667,4.523333333333334,2.2426666666666666,0.74,0.6713333333333333,0.6573333333333333,300.5,339.5899
2002-01-01,25.47666666666667,23.36,25.498333333333335,3.6999999999999997,27.753333333333334,24.051666666666666,17.923333333333332,88.27,100.68333333333334,3.8000000000000003,5.335,2.5483333333333333,0.7733333333333334,0.7283333333333334,0.7166666666666667,180.8276,301.2839
2002-01-11,24.721,21.145,24.781,5.36,27.714,22.353,15.789000000000001,81.02000000000001,100.59299999999999,3.084,4.601,1.955,0.719,0.692,0.696,97.6034,237.2716
2002-01-21,25.21333333333333,22.133333333333333,25.555999999999997,5.882666666666666,28.634,22.752666666666666,16.722666666666665,83.67933333333333,100.514,2.3786666666666667,3.6406666666666667,1.3633333333333333,0.6446666666666666,0.6106666666666667,0.6173333333333333,107.8017,180.1767
2002-02-01,25.981666666666666,23.175,26.12,4.215,28.531666666666666,24.313333333333333,17.783333333333335,85.01166666666667,100.58833333333332,4.0249999999999995,5.308333333333334,3.0,0.6699999999999999,0.6216666666666667,0.6183333333333333,142.5259,143.8716
2002-02-11,25.218,21.918,25.584,5.701,28.476,22.776,16.468,82.518,100.644,3.069,4.359,2.032,0.674,0.627,0.622,136.8707,107.4868
2002-02-21,25.897499999999997,22.021666666666665,26.450833333333332,6.281666666666666,29.5325,23.245833333333334,16.515,79.995,100.79916666666666,3.0124999999999997,4.5525,1.7474999999999998,0.5766666666666667,0.5666666666666667,0.5766666666666667,60.7241,77.2302
2002-03-01,26.540000000000003,21.653333333333336,27.493333333333336,7.671666666666667,31.03333333333333,23.361666666666668,16.215,76.03166666666667,100.47333333333334,2.64,4.156666666666666,1.45,0.5,0.5166666666666667,0.5266666666666667,25.7672,64.8802
2002-03-11,27.307,22.137999999999998,28.407999999999998,7.938,31.969,24.032,16.681,75.045,100.557,2.871,4.3870000000000005,1.5779999999999998,0.46900000000000003,0.49399999999999994,0.5,35.7672,65.8649
2002-03-21,28.44333333333333,22.424,29.716,8.417333333333334,33.31666666666667,24.900666666666666,17.062,72.03266666666667,100.33999999999999,2.3400000000000003,3.788,1.1193333333333333,0.432,0.458,0.4633333333333333,46.4483,71.8262
2002-04-01,29.320000000000004,22.80333333333333,30.66,9.548333333333334,34.67333333333333,25.121666666666666,17.445,70.66833333333334,100.40666666666665,1.8099999999999998,3.1666666666666665,0.75,0.435,0.45999999999999996,0.4583333333333333,61.2155,78.3716
2002-04-11,28.932,23.218,30.177,7.603,33.345,25.743000000000002,17.881999999999998,73.175,100.32000000000001,1.9969999999999999,3.276,0.9279999999999999,0.44299999999999995,0.457,0.454,108.7328,91.55
2002-04-21,28.435714285714287,23.557142857142857,29.520714285714288,6.708571428571429,32.214999999999996,25.505,18.257857142857144,76.19142857142857,100.17,1.9092857142857143,3.0300000000000002,0.9342857142857143,0.4614285714285714,0.46499999999999997,0.4628571428571429,154.5172,104.1287
2002-05-01,27.953333333333333,24.560000000000002,28.621666666666666,5.580000000000001,31.356666666666666,25.776666666666667,19.419999999999998,82.84333333333333,100.03833333333334,2.145,3.4150000000000005,0.8866666666666667,0.5533333333333333,0.5116666666666667,0.5033333333333333,188.5172,133.4764
2002-05-11,29.471000000000004,24.288999999999998,29.932,7.76,34.047000000000004,26.287,19.086000000000002,75.262,100.151,4.602,5.922,3.158,0.47300000000000003,0.496,0.499,133.8707,159.3523
2002-05-21,29.090666666666667,23.628666666666668,29.854,7.598666666666667,33.495333333333335,25.898666666666667,18.322666666666667,74.02933333333334,100.23,4.348,5.783333333333333,3.041333333333333,0.4406666666666667,0.4673333333333333,0.47200000000000003,93.2328,161.1474
2002-06-01,28.896666666666665,23.34,29.776666666666667,7.766666666666667,33.31,25.543333333333333,17.995,73.61666666666666,100.17333333333333,4.358333333333333,5.808333333333334,2.91,0.43166666666666664,0.45999999999999996,0.4633333333333334,30.4052,108.7931
2002-06-11,28.558,23.168,29.357999999999997,7.135,32.8,25.665999999999997,17.883000000000003,74.162,99.92999999999999,5.1850000000000005,6.526999999999999,3.726,0.442,0.458,0.45600000000000007,25.4569,49.7503
2002-06-21,29.011428571428574,22.84642857142857,29.81642857142857,8.31857142857143,33.92285714285715,25.602857142857143,17.474285714285713,71.36642857142857,100.26071428571429,4.850714285714285,6.153571428571429,3.687142857142857,0.4342857142857143,0.4628571428571429,0.4642857142857143,8.9914,14.0302
2002-07-01,29.69333333333333,22.44666666666667,30.785,9.501666666666667,35.31666666666666,25.813333333333333,17.029999999999998,67.17666666666666,100.3,5.771666666666666,6.734999999999999,4.616666666666666,0.395,0.4366666666666667,0.445,7.8362,21.0032
2002-07-11,29.404000000000003,22.0,30.493000000000002,9.323,34.997,25.678000000000004,16.601,66.624,100.15700000000001,6.1530000000000005,7.1209999999999996,5.131,0.385,0.41899999999999993,0.426,11.3793,36.7463
2002-07-21,29.03533333333333,21.876666666666665,30.018666666666668,8.362666666666666,33.992666666666665,25.630666666666666,16.47533333333333,67.14133333333334,100.24666666666667,5.697333333333333,6.665333333333334,4.748666666666667,0.3526666666666667,0.41,0.41133333333333333,29.9052,52.298
2002-08-01,28.365,21.17833333333333,29.401666666666667,7.996666666666666,33.175000000000004,25.173333333333332,15.82,66.85666666666667,100.07,6.681666666666666,8.173333333333334,5.53,0.3766666666666667,0.41,0.41,40.3621,53.6175
2002-08-11,28.612000000000002,21.419999999999998,29.475,8.132,33.427,25.292,16.033,67.369,100.354,5.761,7.212000000000001,4.513,0.341,0.40800000000000003,0.4109999999999999,45.4052,60.8282
2002-08-21,28.848666666666666,22.256000000000004,29.709333333333333,8.109333333333334,33.536,25.42866666666667,16.860666666666667,69.54133333333333,100.26533333333333,4.006666666666667,5.235333333333333,2.905333333333333,0.41133333333333333,0.4246666666666667,0.42266666666666663,41.2759,70.2537
2002-09-01,29.815,21.353333333333335,31.135,11.18,36.14666666666667,24.965,15.94,63.343333333333334,100.29833333333333,4.526666666666666,5.704999999999999,3.2083333333333335,0.36833333333333335,0.4116666666666666,0.41333333333333333,32.0431,93.3828
2002-09-11,29.706,20.964,30.799,10.265,35.613,25.348,15.575999999999999,61.99400000000001,100.349,4.673,6.01,3.105,0.34500000000000003,0.40800000000000003,0.41,36.2155,99.7816
2002-09-21,29.969285714285714,21.692857142857143,31.204285714285714,9.60142857142857,35.42928571428571,25.829285714285714,16.284285714285712,63.57928571428572,100.31857142857143,3.5214285714285714,4.792857142857143,2.2685714285714287,0.35000000000000003,0.40857142857142853,0.41,47.4396,127.15
2002-10-01,28.846666666666668,22.83666666666667,30.45,8.028333333333334,33.59166666666667,25.564999999999998,17.445,71.79,100.32333333333334,1.9633333333333336,3.3249999999999997,0.8066666666666666,0.44166666666666665,0.4266666666666667,0.4183333333333333,112.4914,147.3385
2002-10-11,27.708999999999996,23.202,28.337,7.136,31.875999999999998,24.741,17.842000000000002,78.056,100.334,2.806,4.008,1.687,0.48600000000000004,0.465,0.457,186.8276,205.3934
2002-10-21,26.624000000000002,23.228,27.222666666666665,6.391333333333334,30.361333333333334,23.966,17.854666666666667,82.742,100.32933333333334,3.0266666666666664,4.131333333333333,1.8746666666666667,0.5646666666666668,0.5293333333333333,0.5193333333333333,262.3707,260.2779
2002-11-01,26.363333333333333,23.838333333333335,26.853333333333335,3.908333333333333,28.69666666666667,24.786666666666665,18.491666666666664,86.36333333333334,100.43333333333334,2.015,3.0700000000000003,1.08,0.6183333333333333,0.5683333333333334,0.5583333333333333,322.6724,306.6902
2002-11-11,26.226999999999997,23.884999999999998,26.554000000000002,4.651,29.023000000000003,24.372,18.572,87.399,100.317,2.2199999999999998,3.461,1.2120000000000002,0.653,0.587,0.582,352.1897,324.5644
2002-11-21,25.886428571428574,23.22142857142857,26.14785714285714,5.348571428571428,28.945714285714285,23.597857142857144,17.825714285714287,85.76857142857143,100.53714285714285,1.9478571428571427,2.9707142857142856,1.0285714285714287,0.7335714285714285,0.6735714285714286,0.6635714285714286,281.2414,337.5647
2002-12-01,26.2,23.526666666666667,26.278333333333336,4.5183333333333335,28.845,24.323333333333334,18.156666666666666,85.63499999999999,100.515,2.69,3.888333333333333,1.6283333333333332,0.7133333333333334,0.65,0.6466666666666666,342.112,341.21
2002-12-11,25.754,24.318,25.811,2.968,27.534,24.565,18.990000000000002,91.825,100.696,3.45,4.829,2.322,0.8400000000000001,0.792,0.771,535.7845,356.7336
2002-12-21,25.006000000000004,22.175333333333334,25.015333333333334,4.042,27.326666666666664,23.282666666666668,16.764666666666667,84.59200000000001,100.57199999999999,3.2046666666666668,4.463333333333334,2.1966666666666668,0.8693333333333333,0.8866666666666667,0.8833333333333333,590.569,339.5899
2003-01-01,24.919999999999998,22.55666666666667,24.900000000000002,4.3999999999999995,27.426666666666666,23.025000000000002,17.13,87.02,100.70166666666667,3.1916666666666664,4.735,2.0416666666666665,0.8433333333333333,0.8316666666666667,0.8333333333333334,711.4741,301.2839
2003-01-11,25.05,22.579,25.019,4.236,27.546,23.309,17.121000000000002,86.44300000000001,100.786,3.5159999999999996,4.862,2.3,0.8699999999999999,0.8870000000000001,0.883,443.0172,237.2716
2003-01-21,24.672,21.948666666666668,24.650666666666666,4.814666666666667,27.466,22.651333333333334,16.496666666666666,85.20066666666666,100.66266666666667,2.9133333333333336,4.297333333333333,1.9053333333333333,0.818,0.8186666666666667,0.8213333333333334,370.3707,180.1767
2003-02-01,25.668333333333333,23.421666666666667,25.655,4.363333333333333,28.209999999999997,23.848333333333333,18.008333333333333,87.62333333333333,100.66166666666668,2.975,4.391666666666667,1.8916666666666666,0.795,0.77,0.7683333333333334,97.7931,143.8716
2003-02-11,26.291000000000004,23.993000000000002,26.368000000000002,4.425,28.891,24.467,18.671,87.45599999999999,100.42699999999999,3.186,4.633,2.138,0.795,0.777,0.772,126.3621,107.4868
2003-02-21,25.171666666666667,21.3075,25.514166666666668,6.5683333333333325,28.958333333333332,22.388333333333335,15.798333333333334,79.76,100.66000000000001,2.1425,3.205833333333333,1.4225,0.7233333333333333,0.7008333333333333,0.7066666666666667,115.4224,77.2302
2003-03-01,25.798333333333332,21.951666666666668,26.175,6.163333333333334,29.38,23.218333333333334,16.53,80.03333333333333,100.44333333333333,1.9983333333333333,2.9466666666666668,1.2366666666666666,0.67,0.6333333333333333,0.6433333333333334,84.4741,64.8802
2003-03-11,26.8,23.398000000000003,27.298000000000002,5.646,30.089,24.444,18.018,82.25699999999999,100.509,2.448,3.4579999999999997,1.5939999999999999,0.632,0.607,0.612,96.319,65.8649
2003-03-21,26.88266666666667,23.409333333333333,27.40666666666667,6.051333333333333,30.333333333333332,24.280666666666665,18.042666666666666,82.22133333333333,100.47600000000001,2.0933333333333333,3.1006666666666667,1.212,0.6253333333333334,0.5853333333333333,0.5873333333333333,110.3621,71.8262
2003-04-01,28.515,23.038333333333338,29.333333333333332,9.061666666666666,33.54833333333333,24.49,17.68,74.395,100.26833333333333,1.7216666666666667,2.9600000000000004,0.8283333333333335,0.52,0.53,0.5416666666666666,113.2586,78.3716
2003-04-11,28.6,23.127,29.817,8.267999999999999,33.323,25.056,17.774,74.144,100.422,2.342,3.569,1.318,0.471,0.495,0.505,55.431,91.55
2003-04-21,28.863571428571426,23.494285714285716,30.09714285714286,7.517142857142857,33.167142857142856,25.650714285714287,18.193571428571428,74.65714285714286,100.25214285714286,2.1242857142857146,3.255714285714286,1.1385714285714286,0.45785714285714285,0.47285714285714286,0.4764285714285714,112.5948,104.1287
2003-05-01,28.926666666666666,24.46666666666667,29.561666666666667,6.826666666666667,32.90833333333333,26.084999999999997,19.286666666666665,78.27,100.12333333333333,2.8033333333333332,3.975,1.5883333333333336,0.48833333333333334,0.49,0.48500000000000004,196.7931,133.4764
2003-05-11,28.996999999999996,23.563,29.415,6.976999999999999,33.025,26.047000000000004,18.305,74.012,100.049,4.622999999999999,5.9990000000000006,3.557,0.472,0.481,0.48,214.2845,159.3523
2003-05-21,29.596,23.860000000000003,30.112000000000002,8.404,34.534666666666666,26.131333333333334,18.587333333333333,73.14866666666667,100.22666666666667,4.352666666666666,5.646,3.152,0.45733333333333337,0.48000000000000004,0.4793333333333333,145.8966,161.1474
2003-06-01,29.99,23.5,30.668333333333333,9.171666666666667,35.181666666666665,26.008333333333336,18.186666666666667,70.06333333333333,100.06333333333333,4.136666666666667,5.548333333333333,2.638333333333333,0.4266666666666667,0.47,0.4749999999999999,52.181,108.7931
2003-06-11,29.494999999999997,23.374000000000002,30.206,7.744,33.888,26.141000000000002,18.041999999999998,71.15599999999999,100.188,3.685,4.983,2.4189999999999996,0.417,0.45099999999999996,0.45499999999999996,9.8534,49.7503
2003-06-21,28.134999999999998,22.669285714285714,28.87142857142857,6.654285714285714,32.01642857142857,25.361428571428572,17.290714285714284,73.57214285714285,100.15285714285714,4.418571428571428,6.060714285714285,2.992857142857143,0.42642857142857143,0.4478571428571429,0.45,15.681,14.0302
2003-07-01,28.13,22.23,29.16,8.16,32.74166666666667,24.583333333333332,16.826666666666668,72.08166666666666,100.16833333333334,4.698333333333333,6.066666666666666,3.1366666666666667,0.4116666666666666,0.44,0.44,55.2931,21.0032
2003-07-11,28.45,22.568,29.387999999999998,7.306,32.648,25.34,17.18,72.06800000000001,100.16900000000001,4.306,5.764,2.645,0.41,0.43,0.43200000000000005,58.181,36.7463
2003-07-21,28.82133333333333,23.173333333333332,29.42733333333333,7.03,32.86866666666666,25.84,17.83,73.07066666666667,100.22,4.09,5.515333333333333,2.7173333333333334,0.414,0.4293333333333333,0.43066666666666664,68.4224,52.298
2003-08-01,28.496666666666666,22.801666666666666,29.308333333333334,7.206666666666667,32.72833333333333,25.518333333333334,17.425,73.02166666666666,100.29833333333333,4.618333333333333,5.926666666666667,3.158333333333333,0.40166666666666667,0.42,0.42,38.25,53.6175
2003-08-11,28.875,22.712,29.716,7.306,33.163,25.857999999999997,17.34,70.825,100.162,4.486,5.775,3.122,0.389,0.4109999999999999,0.413,59.4569,60.8282
2003-08-21,28.698,21.983999999999998,29.514,8.156666666666666,33.414,25.255333333333333,16.576,68.988,100.23533333333333,4.917333333333334,6.104666666666668,3.656,0.386,0.4133333333333333,0.4133333333333333,60.5259,70.2537
2003-09-01,28.49666666666667,22.108333333333334,29.334999999999997,8.368333333333334,33.225,24.86,16.685,70.18666666666667,100.33333333333333,4.888333333333333,6.2250000000000005,3.565,0.41333333333333333,0.4283333333333333,0.42,78.5776,93.3828
2003-09-11,29.195,21.642000000000003,30.159000000000002,9.846,34.999,25.154,16.253999999999998,66.532,100.265,5.208,6.333,3.7310000000000003,0.383,0.417,0.41899999999999993,120.3362,99.7816
2003-09-21,29.40285714285714,22.252857142857145,30.398571428571426,9.314285714285715,34.767857142857146,25.45285714285714,16.875714285714285,67.86571428571429,100.22571428571429,3.564285714285714,5.057142857142857,2.1435714285714287,0.3992857142857143,0.41857142857142854,0.41714285714285715,130.1293,127.15
2003-10-01,28.546666666666667,22.736666666666668,29.36,7.381666666666667,32.821666666666665,25.436666666666667,17.376666666666665,72.42833333333333,100.07000000000001,3.485,5.173333333333333,1.625,0.42333333333333334,0.42333333333333334,0.42,141.1638,147.3385
2003-10-11,28.804000000000002,22.389,29.851999999999997,8.745000000000001,33.75,25.006,16.986,70.54400000000001,100.303,3.4939999999999998,4.715999999999999,1.972,0.414,0.41899999999999993,0.41899999999999993,140.3879,205.3934
2003-10-21,28.355999999999998,22.283333333333335,29.288666666666664,8.174,33.117333333333335,24.946666666666665,16.88533333333333,71.91333333333334,100.40733333333333,3.2013333333333334,4.701333333333333,1.758,0.43066666666666664,0.4393333333333333,0.4393333333333333,142.3017,260.2779
2003-11-01,26.508333333333336,23.206666666666667,27.338333333333335,5.183333333333334,29.643333333333334,24.458333333333332,17.80333333333333,82.885,100.44833333333334,2.438333333333333,3.6816666666666666,1.325,0.5516666666666666,0.48833333333333334,0.47000000000000003,191.9828,306.6902
2003-11-11,26.473000000000003,23.948,26.8,4.111,28.922000000000004,24.812,18.628,86.488,100.44300000000001,3.066,4.559,1.707,0.67,0.5980000000000001,0.5770000000000001,259.2328,324.5644
2003-11-21,25.892857142857142,23.74857142857143,25.989285714285717,3.987142857142857,28.142857142857142,24.15857142857143,18.40357142857143,88.21857142857142,100.50142857142858,3.1157142857142857,4.577142857142857,1.8164285714285715,0.7528571428571428,0.6935714285714286,0.6807142857142858,400.0948,337.5647
2003-12-01,25.820000000000004,23.486666666666668,25.85166666666667,4.066666666666666,28.276666666666667,24.208333333333332,18.098333333333333,87.19666666666667,100.485,3.4166666666666665,4.96,2.2783333333333333,0.795,0.775,0.7716666666666666,337.319,341.21
2003-12-11,25.312,22.137,25.318,5.5729999999999995,28.444,22.869999999999997,16.687,83.17999999999999,100.501,3.036,4.3740000000000006,1.9489999999999998,0.762,0.744,0.744,227.3966,356.7336
2003-12-21,25.641333333333332,22.496666666666666,25.759333333333334,5.349333333333333,28.763333333333332,23.415333333333333,17.00733333333333,83.35,100.72600000000001,2.877333333333333,4.248,1.7926666666666666,0.6933333333333334,0.6653333333333333,0.6713333333333333,84.0345,339.5899
2004-01-01,25.48,21.905,25.705,5.046666666666667,28.47,23.423333333333332,16.398333333333333,81.115,100.73333333333333,3.3816666666666664,4.97,2.231666666666667,0.6233333333333334,0.6033333333333334,0.61,63.1983,301.2839
2004-01-11,25.581,22.536,25.727999999999998,4.902,28.573,23.669,17.047,83.737,100.687,3.971,5.54,2.755,0.647,0.607,0.606,44.1207,237.2716
2004-01-21,25.518666666666668,21.738666666666667,26.002666666666666,6.176,29.13266666666667,22.954666666666665,16.320666666666668,80.47800000000001,100.46466666666667,2.75,4.129333333333333,1.6413333333333333,0.5753333333333333,0.5533333333333333,0.5593333333333333,21.319,180.1767
2004-02-01,26.576666666666668,22.545,27.290000000000003,6.27,30.21166666666667,23.941666666666666,17.11,79.59333333333333,100.47000000000001,2.953333333333333,4.32,1.718333333333333,0.515,0.5183333333333334,0.5216666666666666,31.9828,143.8716
2004-02-11,26.449,21.959,27.278,6.281000000000001,30.232,23.951,16.473000000000003,77.424,100.716,3.2909999999999995,4.715999999999999,2.05,0.518,0.509,0.513,32.3793,107.4868
2004-02-21,25.430769230769233,19.536923076923078,26.423846153846153,8.50923076923077,30.405384615384612,21.896153846153844,14.254615384615384,71.76,100.56461538461538,2.7207692307692306,4.295384615384616,1.5653846153846156,0.47384615384615386,0.4930769230769231,0.4969230769230769,46.3362,77.2302
2004-03-01,26.623333333333335,19.726666666666667,28.09,9.671666666666667,32.288333333333334,22.623333333333335,14.433333333333332,68.36666666666666,100.46333333333332,2.396666666666667,4.151666666666666,1.1316666666666666,0.4183333333333333,0.45999999999999996,0.47,33.1724,64.8802
2004-03-11,27.383,22.806,28.318,6.468999999999999,31.221999999999998,24.750999999999998,17.419999999999998,77.526,100.54400000000001,2.9989999999999997,4.12,1.814,0.4680000000000001,0.471,0.473,36.9828,65.8649
2004-03-21,29.32,22.384,30.720666666666666,10.463333333333333,35.20466666666666,24.738,17.062,69.52066666666666,100.31133333333334,2.0473333333333334,3.5633333333333335,0.7333333333333333,0.42,0.4533333333333333,0.4553333333333333,41.3793,71.8262
2004-04-01,28.448333333333334,22.771666666666665,29.465,8.185,33.10166666666667,24.92,17.413333333333334,73.53166666666667,100.55833333333334,2.01,3.3383333333333334,0.9899999999999999,0.445,0.45,0.45,59.8103,78.3716
2004-04-11,29.444,23.165,30.508,8.475,34.082,25.606,17.833000000000002,71.332,100.313,1.685,2.883,0.496,0.413,0.44400000000000006,0.44800000000000006,67.3362,91.55
2004-04-21,30.196428571428573,23.16142857142857,31.634285714285713,9.022142857142857,35.385,26.361428571428572,17.864285714285714,68.545,100.1557142857143,1.9964285714285714,3.5464285714285713,0.6357142857142858,0.4192857142857143,0.43285714285714283,0.4342857142857143,91.7155,104.1287
2004-05-01,28.245,24.035,28.755,6.051666666666667,31.813333333333333,25.758333333333336,18.86,79.095,99.84333333333332,2.848333333333333,4.551666666666667,1.1916666666666667,0.5266666666666667,0.49,0.4766666666666666,179.6121,133.4764
2004-05-11,29.557,23.528,30.145999999999997,7.729000000000001,34.037,26.306,18.267000000000003,71.918,100.046,3.803,5.319999999999999,2.3129999999999997,0.45,0.472,0.475,177.6983,159.3523
2004-05-21,28.481333333333335,23.236,29.020666666666667,6.944,32.61466666666667,25.67,17.890666666666668,74.70466666666667,100.20866666666667,5.1193333333333335,6.691999999999999,3.6653333333333338,0.4653333333333334,0.474,0.474,233.0604,161.1474
2004-06-01,28.201666666666668,23.146666666666665,28.78,6.82,32.288333333333334,25.47,17.791666666666668,75.51,100.245,5.243333333333333,6.821666666666666,3.813333333333333,0.46166666666666667,0.48,0.48,128.1983,108.7931
2004-06-11,28.276,22.804,28.845,7.1930000000000005,32.551,25.36,17.427,73.75699999999999,100.211,5.647,7.26,4.111,0.45199999999999996,0.477,0.477,114.6293,49.7503
2004-06-21,28.856428571428573,22.11642857142857,29.73785714285714,8.922142857142857,34.03785714285714,25.114285714285717,16.684285714285714,69.11571428571429,100.38785714285714,5.0528571428571425,6.505714285714285,3.5135714285714283,0.4121428571428571,0.45,0.4542857142857143,7.8534,14.0302
2004-07-01,28.59166666666667,22.173333333333332,29.258333333333336,7.411666666666666,33.03,25.62,16.816666666666666,69.85333333333334,100.07166666666666,5.8133333333333335,7.126666666666666,4.293333333333334,0.42333333333333334,0.435,0.44,34.2155,21.0032
2004-07-11,28.014999999999997,22.206,28.752999999999997,7.626,32.409,24.782999999999998,16.819,72.593,100.139,4.868,6.4,3.37,0.437,0.45200000000000007,0.45099999999999996,47.2931,36.7463
2004-07-21,28.434,22.194000000000003,29.219333333333335,7.859999999999999,33.07866666666667,25.216666666666665,16.8,70.72466666666666,100.14733333333334,5.1113333333333335,6.359333333333334,3.6806666666666668,0.4086666666666667,0.4373333333333333,0.4406666666666667,50.8707,52.298
2004-08-01,28.633333333333336,21.923333333333332,29.405,7.785,33.37833333333333,25.593333333333334,16.541666666666668,68.895,100.11333333333334,6.123333333333334,7.593333333333334,4.708333333333333,0.3866666666666667,0.4166666666666667,0.42166666666666663,38.6552,53.6175
2004-08-11,29.117,21.794,30.052,8.748000000000001,34.251,25.505000000000003,16.369999999999997,66.869,100.338,5.1850000000000005,6.2829999999999995,3.8689999999999998,0.368,0.41,0.414,36.5259,60.8282
2004-08-21,29.189333333333334,21.991333333333333,30.11733333333333,8.518666666666666,34.26866666666667,25.752666666666666,16.59,67.19133333333333,100.242,5.327333333333333,6.333333333333333,4.372,0.38999999999999996,0.41,0.41,63.181,70.2537
2004-09-01,29.255,21.468333333333334,30.290000000000003,8.681666666666667,34.305,25.618333333333336,16.061666666666667,64.72833333333334,100.15333333333332,3.705,4.986666666666666,2.0883333333333334,0.36999999999999994,0.41,0.41,104.569,93.3828
2004-09-11,28.6,21.935,29.46,7.794,33.004000000000005,25.21,16.509,69.042,100.39,3.847,5.077,2.694,0.35500000000000004,0.41,0.41,139.75,99.7816
2004-09-21,27.502142857142854,23.22214285714286,28.095,6.705,31.42214285714286,24.719285714285714,17.867142857142856,78.99214285714285,100.24428571428572,3.2564285714285712,4.712142857142857,1.825,0.5478571428571428,0.4928571428571429,0.4757142857142857,312.4741,127.15
2004-10-01,27.081666666666667,22.845,27.548333333333332,7.1933333333333325,31.395,24.206666666666667,17.425,79.05,100.375,4.548333333333333,5.843333333333334,3.405,0.555,0.55,0.5516666666666667,337.7069,147.3385
2004-10-11,27.374000000000002,23.832,27.778000000000002,6.245,31.016000000000002,24.772,18.487000000000002,82.082,100.50699999999999,2.472,3.7039999999999997,1.423,0.576,0.54,0.539,454.2759,205.3934
2004-10-21,26.35533333333333,24.084666666666667,26.658666666666665,4.1066666666666665,28.71466666666667,24.61,18.77466666666667,87.68466666666667,100.42800000000001,2.603333333333333,3.7520000000000002,1.5979999999999999,0.724,0.6486666666666667,0.6306666666666666,473.3794,260.2779
2004-11-01,26.081666666666667,23.94666666666667,26.253333333333334,4.206666666666667,28.575,24.373333333333335,18.636666666666667,88.29166666666667,100.36833333333334,2.9250000000000003,4.506666666666667,1.6666666666666667,0.7833333333333333,0.7416666666666667,0.7316666666666666,481.5,306.6902
2004-11-11,26.069,24.353,26.137,3.3579999999999997,28.064999999999998,24.705000000000002,19.073,90.401,100.476,2.694,3.781,1.7489999999999999,0.826,0.795,0.782,421.0948,324.5644
2004-11-21,26.23,24.005714285714284,26.129285714285714,3.698571428571429,28.485714285714288,24.79,18.677857142857142,87.75999999999999,100.51714285714286,3.35,4.745,2.3249999999999997,0.8457142857142858,0.8457142857142858,0.845,308.819,337.5647
2004-12-01,25.858333333333334,23.56833333333333,25.921666666666667,4.526666666666666,28.495,23.965,18.198333333333334,87.52,100.63166666666666,2.725,3.9000000000000004,1.7533333333333332,0.84,0.84,0.84,292.2586,341.21
2004-12-11,25.593,23.603,25.5,3.3230000000000004,27.544999999999998,24.219,18.231,88.938,100.55499999999999,3.825,5.372999999999999,2.77,0.8869999999999999,0.8869999999999999,0.876,454.9914,356.7336
2004-12-21,24.554,21.441333333333333,24.308666666666667,5.048666666666667,27.360666666666667,22.313333333333333,16.04,83.20466666666667,100.51933333333334,2.9440000000000004,4.443333333333333,1.8646666666666667,0.8986666666666667,0.928,0.9193333333333334,463.3018,339.5899
2005-01-01,24.926666666666666,22.511666666666667,24.848333333333333,4.05,27.304999999999996,23.256666666666664,17.041666666666668,86.65333333333335,100.64999999999999,2.9783333333333335,4.358333333333333,1.9883333333333333,0.9116666666666667,0.955,0.9416666666666665,437.0086,301.2839
2005-01-11,24.663,21.721,24.601000000000003,4.720000000000001,27.405,22.684,16.247,83.937,100.569,3.113,4.603,2.002,0.869,0.897,0.8949999999999999,291.25,237.2716
2005-01-21,25.522,23.252666666666663,25.541999999999998,4.244000000000001,28.014,23.770666666666667,17.85533333333333,87.50399999999999,100.54666666666667,3.062,4.486000000000001,2.0286666666666666,0.8753333333333334,0.8933333333333333,0.8886666666666667,250.6207,180.1767
2005-02-01,25.245,22.42833333333333,25.411666666666665,5.1450000000000005,28.30333333333333,23.15833333333333,16.958333333333332,84.75,100.62333333333333,2.7216666666666662,4.113333333333333,1.6600000000000001,0.84,0.8483333333333333,0.8516666666666666,209.4828,143.8716
2005-02-11,25.216,21.669999999999998,25.308,5.795,28.488999999999997,22.692,16.168,81.141,100.719,3.11,4.449,2.1149999999999998,0.791,0.785,0.785,92.0259,107.4868
2005-02-21,25.66416666666667,22.4325,25.995,6.085,29.108333333333334,23.021666666666665,16.9775,82.80583333333334,100.60416666666667,2.3225000000000002,3.329166666666667,1.5933333333333335,0.7258333333333332,0.7033333333333333,0.7091666666666666,16.9741,77.2302
2005-03-01,26.28,23.095,26.566666666666666,5.621666666666667,29.495,23.875,17.63,83.10666666666667,100.80666666666667,2.4183333333333334,3.4299999999999997,1.575,0.6683333333333333,0.6383333333333333,0.6466666666666666,41.5776,64.8802
2005-03-11,26.435000000000002,23.379,26.761000000000003,5.226,29.493000000000002,24.267,17.982,83.819,100.63,2.237,3.382,1.249,0.666,0.626,0.627,52.1896,65.8649
2005-03-21,27.567999999999998,23.301333333333332,28.24866666666667,7.3053333333333335,31.744000000000003,24.43933333333333,17.949333333333335,78.84133333333332,100.36266666666667,1.9013333333333333,3.003333333333333,0.9753333333333333,0.572,0.558,0.5673333333333334,67.1896,71.8262
2005-04-01,26.945000000000004,24.573333333333334,27.233333333333334,4.398333333333333,29.448333333333334,25.051666666666666,19.41,87.45833333333333,100.20333333333333,2.3850000000000002,3.7099999999999995,0.7400000000000001,0.6816666666666666,0.6016666666666667,0.5866666666666667,117.431,78.3716
2005-04-11,27.669,24.272,28.07,6.509,31.287,24.778,18.982,82.649,100.487,1.54,2.469,0.647,0.632,0.598,0.6,130.8448,91.55
2005-04-21,28.317857142857143,24.444285714285712,28.895714285714288,6.190714285714286,31.767142857142858,25.57357142857143,19.208571428571428,80.4692857142857,100.39142857142858,1.6028571428571428,2.447857142857143,0.8621428571428572,0.5814285714285715,0.5564285714285714,0.5599999999999999,193.7328,104.1287
2005-05-01,28.48166666666667,24.540000000000003,28.978333333333335,6.173333333333333,31.926666666666666,25.755,19.368333333333332,80.21833333333333,100.13666666666666,1.8500000000000003,2.765,1.0583333333333333,0.58,0.5466666666666667,0.5433333333333333,178.8362,133.4764
2005-05-11,29.624000000000002,24.172,30.187,8.916,34.528,25.612000000000002,18.944,74.37,100.154,2.917,4.127000000000001,2.044,0.49800000000000005,0.518,0.524,167.2242,159.3523
2005-05-21,29.830666666666666,23.959999999999997,30.644000000000002,7.913333333333333,34.17066666666666,26.258666666666667,18.709333333333333,72.53333333333333,100.16333333333334,2.8993333333333333,4.1626666666666665,1.9346666666666665,0.4473333333333333,0.47533333333333333,0.482,148.0604,161.1474
2005-06-01,29.375,24.03333333333333,30.12,6.966666666666666,33.42166666666667,26.458333333333332,18.798333333333332,74.34333333333333,100.015,4.331666666666667,5.78,2.7449999999999997,0.4266666666666667,0.4583333333333333,0.4633333333333334,81.181,108.7931
2005-06-11,29.197000000000003,23.475,29.879,7.017999999999999,33.375,26.357999999999997,18.188,72.786,100.029,5.463,6.948,4.046,0.42400000000000004,0.45200000000000007,0.45499999999999996,67.2586,49.7503
2005-06-21,28.752857142857145,22.66142857142857,29.634999999999998,7.654285714285714,33.29142857142857,25.635714285714283,17.30857142857143,71.64785714285713,100.155,5.632142857142857,6.972142857142857,4.385,0.4121428571428571,0.4414285714285714,0.44357142857142856,6.069,14.0302
2005-07-01,29.135,22.848333333333333,30.005,7.838333333333334,33.775,25.938333333333333,17.468333333333334,70.78333333333333,100.33,5.025,6.378333333333334,3.598333333333333,0.39666666666666667,0.42,0.425,11.7845,21.0032
2005-07-11,28.266000000000002,22.476,29.069,6.918000000000001,32.393,25.474,17.096,72.423,100.19,5.0649999999999995,6.356,3.81,0.418,0.42400000000000004,0.422,37.1034,36.7463
2005-07-21,28.668,22.345333333333333,29.528666666666666,7.680666666666667,33.257333333333335,25.577333333333335,16.95,70.29933333333334,100.17733333333334,5.999333333333333,7.486666666666666,4.661333333333333,0.39799999999999996,0.418,0.422,44.6552,52.298
2005-08-01,29.103333333333335,22.098333333333333,30.025000000000002,8.885,34.35333333333333,25.473333333333333,16.703333333333333,68.29166666666667,100.26166666666666,5.863333333333333,7.239999999999999,4.546666666666667,0.37999999999999995,0.4116666666666666,0.4116666666666666,50.1552,53.6175
2005-08-11,29.451,21.945999999999998,30.354000000000003,8.778,34.579,25.804000000000002,16.558,66.45,100.2,5.356,6.43,4.307,0.35300000000000004,0.41,0.41,35.4483,60.8282
2005-08-21,29.444666666666667,22.062666666666665,30.537333333333333,8.752,34.43533333333333,25.682666666666666,16.670666666666666,66.57866666666668,100.21466666666667,3.7479999999999998,4.937333333333333,2.564,0.37600000000000006,0.41,0.41,50.7155,70.2537
2005-09-01,28.238333333333333,22.849999999999998,28.94666666666667,7.226666666666667,32.656666666666666,25.429999999999996,17.526666666666667,73.97833333333334,99.90499999999999,5.923333333333333,7.135000000000001,4.818333333333333,0.4483333333333333,0.4266666666666667,0.42333333333333334,106.6293,93.3828
2005-09-11,28.121,22.43,28.858999999999998,7.078999999999999,32.260000000000005,25.177,17.016,72.58099999999999,100.215,5.305,6.4959999999999996,4.064,0.413,0.43200000000000005,0.43,111.3966,99.7816
2005-09-21,29.41357142857143,21.763571428571428,30.446428571428573,10.156428571428572,35.24357142857143,25.08857142857143,16.33857142857143,66.04428571428572,100.37214285714286,4.453571428571428,5.706428571428572,3.1992857142857143,0.3885714285714286,0.41714285714285715,0.42,96.3879,127.15
2005-10-01,29.333333333333332,22.03833333333333,30.43166666666667,8.416666666666666,33.901666666666664,25.485,16.633333333333333,66.74,100.33833333333332,2.1350000000000002,3.6833333333333336,0.8116666666666666,0.3666666666666667,0.41,0.41,112.8276,147.3385
2005-10-11,27.936,23.212,28.669,6.723999999999999,31.872000000000003,25.146,17.872,77.012,100.211,3.1390000000000002,4.713,1.704,0.476,0.45099999999999996,0.442,199.2414,205.3934
2005-10-21,27.021333333333335,23.626666666666665,27.636666666666667,6.1226666666666665,30.665333333333333,24.540666666666667,18.295333333333335,82.77533333333334,100.30533333333332,3.296,4.593999999999999,2.17,0.5533333333333333,0.5193333333333333,0.512,328.9655,260.2779
2005-11-01,26.113333333333333,24.084999999999997,26.436666666666667,4.0633333333333335,28.584999999999997,24.52333333333333,18.82,88.94500000000001,100.29,2.585,3.73,1.5033333333333332,0.7183333333333334,0.615,0.5866666666666667,482.6896,306.6902
2005-11-11,26.212,24.005000000000003,26.385,4.295,28.655,24.363,18.727,88.05699999999999,100.355,2.38,3.3230000000000004,1.4460000000000002,0.748,0.701,0.6839999999999999,577.362,324.5644
2005-11-21,25.29357142857143,23.125714285714285,25.443571428571428,4.197857142857143,27.69214285714286,23.495714285714286,17.747857142857143,88.14642857142857,100.37571428571428,2.777142857142857,3.8921428571428573,1.805,0.8150000000000001,0.7835714285714286,0.7728571428571429,533.7155,337.5647
2005-12-01,25.706666666666667,23.07166666666667,26.131666666666664,6.358333333333333,29.201666666666668,22.84,17.7,86.0,100.28833333333334,1.9766666666666666,2.99,0.94,0.7966666666666667,0.7816666666666667,0.7799999999999999,317.8362,341.21
2005-12-11,25.121000000000002,23.218,25.282,4.321,27.619999999999997,23.298000000000002,17.847,89.38199999999999,100.337,3.161,4.601,1.9949999999999999,0.794,0.771,0.767,188.7931,356.7336
2005-12-21,24.734666666666666,21.972666666666665,24.790000000000003,5.717333333333333,27.994000000000003,22.275333333333332,16.584,85.162,100.494,2.8953333333333333,4.050666666666666,1.9173333333333331,0.7899999999999999,0.7726666666666666,0.7693333333333334,114.431,339.5899
2006-01-01,24.798333333333332,23.043333333333333,24.833333333333332,3.5066666666666664,26.92833333333333,23.418333333333333,17.618333333333336,90.125,100.49000000000001,3.401666666666667,4.626666666666667,2.4966666666666666,0.7783333333333333,0.7416666666666667,0.7366666666666667,201.5345,301.2839
2006-01-11,24.987000000000002,23.648000000000003,24.979,3.2659999999999996,26.917,23.651,18.285,92.369,100.45599999999999,2.902,4.189,1.886,0.8210000000000001,0.7939999999999999,0.78,275.5517,237.2716
2006-01-21,23.802,20.396,23.802666666666667,5.672666666666667,27.036,21.36466666666667,14.966000000000001,81.70266666666666,100.74933333333334,2.7893333333333334,4.192666666666667,1.6506666666666665,0.798,0.784,0.7806666666666667,258.4397,180.1767
2006-02-01,25.333333333333332,22.361666666666668,25.30666666666667,5.1033333333333335,28.326666666666668,23.224999999999998,16.876666666666665,84.04,100.76166666666666,3.3083333333333336,4.658333333333333,2.27,0.7833333333333333,0.7566666666666667,0.755,173.0345,143.8716
2006-02-11,25.279,22.387,25.437,5.087,28.294999999999998,23.211,16.901,84.354,100.647,3.09,4.424,2.032,0.771,0.747,0.747,31.8103,107.4868
2006-02-21,25.25916666666667,22.47666666666667,25.507499999999997,5.8116666666666665,28.579166666666666,22.766666666666666,17.039166666666667,85.14583333333333,100.45416666666667,2.215,3.455833333333333,1.3275,0.695,0.6625,0.6708333333333334,69.9828,77.2302
2006-03-01,26.286666666666665,24.333333333333332,26.371666666666666,4.183333333333334,28.625,24.439999999999998,19.053333333333335,89.28000000000002,100.47833333333334,2.14,3.0433333333333334,1.22,0.7200000000000001,0.6616666666666667,0.6516666666666667,113.5172,64.8802
2006-03-11,26.619999999999997,23.571,27.061,5.484,29.766000000000002,24.278,18.195,83.864,100.501,1.9780000000000002,2.757,1.302,0.674,0.638,0.641,123.1121,65.8649
2006-03-21,27.373333333333335,22.431333333333335,27.981333333333335,7.708,31.684666666666665,23.976,17.048666666666666,76.18733333333333,100.34733333333334,1.82,2.8819999999999997,0.8473333333333333,0.5653333333333334,0.5533333333333333,0.5626666666666666,112.6466,71.8262
2006-04-01,28.531666666666666,22.71166666666667,29.603333333333335,9.111666666666666,33.468333333333334,24.355,17.313333333333333,73.00166666666667,100.35166666666667,1.545,2.5283333333333333,0.8116666666666666,0.49666666666666665,0.52,0.5233333333333333,51.1466,78.3716
2006-04-11,28.863999999999997,23.144,29.881999999999998,7.864,33.175,25.309,17.803,73.111,100.22,1.307,2.557,0.457,0.4720000000000001,0.485,0.492,111.2069,91.55
2006-04-21,29.07785714285714,23.03357142857143,29.928571428571427,8.839285714285714,33.96857142857143,25.127857142857145,17.675,72.04928571428572,100.22642857142857,2.5557142857142856,3.765,1.5342857142857143,0.4657142857142857,0.4907142857142857,0.4921428571428571,94.3879,104.1287
2006-05-01,29.361666666666668,23.738333333333333,29.933333333333334,7.63,33.574999999999996,25.948333333333334,18.453333333333333,73.47,100.26666666666667,1.96,3.5083333333333333,0.8816666666666667,0.49666666666666665,0.48500000000000004,0.48166666666666663,123.8966,133.4764
2006-05-11,29.076,23.829,29.657,7.064,32.88,25.814,18.53,74.689,100.253,2.0810000000000004,3.051,1.1179999999999999,0.46799999999999997,0.488,0.488,71.2672,159.3523
2006-05-21,28.552,22.933333333333334,29.327333333333335,7.506,32.977333333333334,25.472666666666665,17.574,73.22,100.16733333333333,5.2459999999999996,6.894,3.6246666666666667,0.44,0.466,0.4706666666666666,69.319,161.1474
2006-06-01,28.575,22.741666666666664,29.281666666666666,7.353333333333334,32.87833333333333,25.53,17.333333333333332,72.28166666666667,100.27999999999999,3.9299999999999997,5.145,2.6666666666666665,0.4116666666666666,0.45,0.45166666666666666,34.0948,108.7931
2006-06-11,29.407999999999998,22.439,30.351,9.654,34.813,25.157,17.057,68.718,100.211,4.135,5.37,2.956,0.4,0.438,0.442,19.319,49.7503
2006-06-21,29.210714285714285,22.679285714285715,29.98785714285714,8.05,33.915,25.86285714285714,17.33857142857143,69.87428571428572,100.03285714285714,5.1499999999999995,6.409999999999999,3.822857142857143,0.39999999999999997,0.42428571428571427,0.4271428571428571,9.8362,14.0302
2006-07-01,28.388333333333332,22.115,28.97666666666667,6.88,32.541666666666664,25.65833333333333,16.701666666666668,70.365,100.245,6.333333333333333,7.958333333333333,4.888333333333334,0.42333333333333334,0.42166666666666663,0.42333333333333334,14.5603,21.0032
2006-07-11,28.627,22.488999999999997,29.419,7.938,33.449,25.517000000000003,17.109,71.282,100.202,5.961,7.156999999999999,4.723,0.398,0.421,0.421,13.8534,36.7463
2006-07-21,28.704,21.832,29.565333333333335,8.422666666666666,33.67266666666667,25.25,16.418,68.266,100.23466666666667,4.824,6.085333333333334,3.5973333333333333,0.38466666666666666,0.4106666666666666,0.412,33.0862,52.298
2006-08-01,29.295,21.57166666666667,30.316666666666666,9.555,34.80833333333333,25.25,16.205000000000002,65.96,100.21666666666665,4.756666666666667,5.875,3.596666666666667,0.3233333333333333,0.4066666666666667,0.41,31.5172,53.6175
2006-08-11,28.737000000000002,21.744,29.689,8.425,33.653,25.229,16.345,68.07000000000001,100.25,5.65,7.053,4.173,0.33599999999999997,0.40599999999999997,0.41,32.9655,60.8282
2006-08-21,28.513333333333332,22.084666666666667,29.396,9.081333333333333,33.79266666666667,24.711333333333336,16.685333333333332,70.44933333333333,100.27199999999999,4.075333333333334,5.62,2.6413333333333333,0.41933333333333334,0.438,0.4326666666666667,28.0776,70.2537
2006-09-01,28.771666666666665,22.72,29.8,8.481666666666667,33.71333333333333,25.228333333333335,17.363333333333333,71.71666666666667,100.14166666666667,2.4683333333333333,4.185,1.3316666666666668,0.43999999999999995,0.4483333333333333,0.4483333333333333,134.1293,93.3828
2006-09-11,27.891000000000002,22.173,28.673000000000002,7.427,32.247,24.822,16.759999999999998,72.894,100.313,3.9859999999999998,5.827,2.1420000000000003,0.446,0.462,0.45600000000000007,137.9828,99.7816
2006-09-21,28.372857142857146,22.275714285714287,29.135714285714283,8.229285714285714,33.112857142857145,24.882857142857144,16.857857142857142,71.54071428571429,100.35857142857142,3.8442857142857143,5.307142857142857,2.572142857142857,0.41428571428571426,0.4442857142857143,0.44642857142857145,148.2414,127.15
2006-10-01,28.893333333333334,21.855,30.051666666666666,11.01,35.13166666666667,24.116666666666664,16.42833333333333,68.77166666666666,100.35666666666667,4.511666666666667,5.923333333333333,2.7550000000000003,0.39166666666666666,0.425,0.43166666666666664,47.1724,147.3385
2006-10-11,28.125,22.584,29.163,8.464,33.034000000000006,24.571,17.163,73.977,100.532,3.16,4.505,1.638,0.453,0.44299999999999995,0.43999999999999995,202.9741,205.3934
2006-10-21,26.57,23.57,27.146,4.759333333333333,29.37,24.610666666666667,18.191333333333333,84.27533333333334,100.49333333333334,1.9186666666666667,3.0146666666666664,0.9906666666666667,0.6526666666666666,0.584,0.5646666666666668,423.3362,260.2779
2006-11-01,26.275000000000002,23.921666666666667,26.736666666666665,4.1866666666666665,28.77333333333333,24.591666666666665,18.584999999999997,87.19833333333334,100.42666666666666,1.87,2.7583333333333333,1.1316666666666666,0.7083333333333334,0.6533333333333333,0.6516666666666667,545.7845,306.6902
2006-11-11,25.711000000000002,23.612000000000002,26.082,3.6079999999999997,27.822000000000003,24.214,18.237000000000002,88.42,100.47200000000001,2.025,2.9370000000000003,1.162,0.8,0.736,0.72,552.388,324.5644
2006-11-21,26.08142857142857,23.805714285714284,26.20642857142857,4.2821428571428575,28.57857142857143,24.297857142857143,18.47142857142857,87.56285714285715,100.41785714285713,2.21,3.3200000000000003,1.3514285714285716,0.845,0.8407142857142856,0.8314285714285715,342.5431,337.5647
2006-12-01,25.88,22.80666666666667,25.78333333333333,4.13,28.40833333333333,24.276666666666667,17.325,83.425,100.61166666666666,3.67,5.0633333333333335,2.6283333333333334,0.8250000000000001,0.8133333333333334,0.8066666666666666,279.1293,341.21
2006-12-11,25.647,23.084,25.639999999999997,4.1850000000000005,28.081,23.894,17.658,85.962,100.606,3.3310000000000004,4.6450000000000005,2.221,0.849,0.845,0.837,225.7931,356.7336
2006-12-21,24.874000000000002,21.759999999999998,24.67733333333333,4.47,27.513333333333332,23.040666666666667,16.352666666666668,83.25733333333334,100.59066666666666,3.481333333333333,4.8406666666666665,2.4553333333333334,0.8433333333333334,0.8453333333333333,0.8413333333333333,222.5345,339.5899
2007-01-01,23.74,19.378333333333334,23.59,5.921666666666667,27.09,21.17,13.996666666666668,77.22833333333334,100.78000000000002,2.4783333333333335,3.48,1.7216666666666667,0.79,0.7833333333333333,0.7833333333333333,191.8621,301.2839
2007-01-11,25.265,22.827,25.250999999999998,4.345000000000001,27.851,23.506,17.366,86.582,100.648,3.803,5.354,2.6559999999999997,0.818,0.798,0.792,122.5086,237.2716
2007-01-21,24.882,21.75133333333333,24.848666666666666,4.772,27.660666666666668,22.889333333333337,16.262666666666668,83.14866666666667,100.77266666666667,3.4033333333333333,4.8646666666666665,2.302,0.7613333333333333,0.738,0.74,185.1034,180.1767
2007-02-01,24.661666666666665,20.828333333333333,24.679999999999996,6.18,28.16,21.97666666666667,15.348333333333334,79.905,100.76166666666666,2.766666666666667,4.001666666666666,1.805,0.7016666666666667,0.6766666666666667,0.6816666666666666,146.6034,143.8716
2007-02-11,25.565,22.130000000000003,25.845999999999997,6.968000000000001,29.380000000000003,22.412,16.656,82.20599999999999,100.622,2.122,3.162,1.178,0.682,0.638,0.642,102.3535,107.4868
2007-02-21,25.583333333333332,22.1725,26.016666666666666,5.760833333333333,28.935833333333335,23.171666666666667,16.723333333333333,82.095,100.495,2.81,4.069166666666667,1.6616666666666664,0.635,0.5958333333333333,0.6008333333333333,39.9397,77.2302
2007-03-01,25.68166666666667,21.80333333333333,26.205,7.984999999999999,30.255,22.27,16.336666666666666,80.38666666666667,100.515,2.06,3.276666666666667,1.1283333333333332,0.5916666666666667,0.5733333333333334,0.58,40.8879,64.8802
2007-03-11,26.394,21.625,27.24,7.925,30.939,23.009999999999998,16.199,76.524,100.482,2.527,3.868,1.48,0.512,0.525,0.533,46.3707,65.8649
2007-03-21,27.037333333333333,19.601333333333333,28.13,10.949333333333334,33.33733333333333,22.386000000000003,14.42,67.84066666666666,100.50533333333333,2.179333333333333,3.677333333333333,1.162,0.436,0.47400000000000003,0.484,24.1983,71.8262
2007-04-01,28.293333333333333,23.448333333333334,29.248333333333335,7.383333333333333,32.565000000000005,25.18166666666667,18.128333333333334,76.85666666666667,100.36500000000001,2.2516666666666665,3.8633333333333333,1.0083333333333333,0.47833333333333333,0.47000000000000003,0.4683333333333333,139.5776,78.3716
2007-04-11,26.827999999999996,24.330000000000002,27.223000000000003,4.609,29.526,24.922,19.082,86.64500000000001,100.321,2.158,3.166,1.1809999999999998,0.6849999999999999,0.6060000000000001,0.585,162.6638,91.55
2007-04-21,28.101428571428574,24.20357142857143,28.53142857142857,6.757142857142857,31.77857142857143,25.024285714285718,18.93857142857143,80.455,100.32642857142856,1.5564285714285713,2.5321428571428575,0.6185714285714285,0.6035714285714285,0.5735714285714285,0.5764285714285714,174.3362,104.1287
2007-05-01,28.815,24.706666666666667,29.233333333333334,7.2683333333333335,32.83166666666666,25.561666666666667,19.571666666666665,79.61333333333333,100.11333333333333,2.5733333333333333,3.473333333333333,1.5233333333333334,0.5333333333333333,0.5383333333333334,0.5433333333333333,67.931,133.4764
2007-05-11,28.843,23.865000000000002,29.252999999999997,7.5329999999999995,33.269999999999996,25.732999999999997,18.636000000000003,76.194,100.14,4.665,6.207,3.4619999999999997,0.489,0.51,0.517,42.9828,159.3523
2007-05-21,29.38,23.441333333333333,30.116,8.437999999999999,34.028666666666666,25.59,18.124000000000002,72.30733333333335,100.23133333333334,3.1093333333333333,4.399333333333333,2.068,0.448,0.4746666666666666,0.4799999999999999,92.0862,161.1474
2007-06-01,30.203333333333333,23.290000000000003,31.19333333333333,9.456666666666667,35.40333333333333,25.95,18.005,68.85333333333334,100.07333333333334,2.8783333333333334,4.348333333333334,1.4799999999999998,0.415,0.455,0.46166666666666667,86.931,108.7931
2007-06-11,28.532999999999998,23.506999999999998,29.124000000000002,6.57,32.399,25.829,18.238,75.649,99.961,4.279,5.868,2.723,0.453,0.45899999999999996,0.45499999999999996,90.3017,49.7503
2007-06-21,27.94214285714286,22.749285714285715,28.527142857142856,6.6621428571428565,31.865714285714287,25.20285714285714,17.40285714285714,74.62642857142858,100.05071428571429,5.098571428571428,6.550714285714285,3.5435714285714286,0.44857142857142857,0.47428571428571425,0.475,26.431,14.0302
2007-07-01,28.986666666666665,22.49,29.643333333333334,8.038333333333332,33.714999999999996,25.676666666666666,17.121666666666666,69.91666666666667,100.24666666666667,5.076666666666667,6.851666666666667,3.4333333333333336,0.415,0.45166666666666666,0.455,23.8362,21.0032
2007-07-11,28.922000000000004,22.433,29.633,7.5120000000000005,33.424,25.915,17.058,69.8,100.15,5.79,7.095999999999999,4.5200000000000005,0.40599999999999997,0.43899999999999995,0.445,28.5948,36.7463
2007-07-21,27.728,22.456000000000003,28.527333333333335,7.302666666666667,31.992666666666665,24.69,17.067999999999998,74.49933333333334,100.12466666666666,4.1386666666666665,5.463333333333334,2.742,0.44466666666666665,0.448,0.446,81.6724,52.298
2007-08-01,28.151666666666667,22.281666666666666,28.810000000000002,8.018333333333333,32.641666666666666,24.62,16.865,72.10666666666667,100.25833333333333,4.218333333333333,5.676666666666667,2.78,0.44,0.4716666666666667,0.47333333333333333,90.5086,53.6175
2007-08-11,28.498,22.232999999999997,29.244999999999997,8.533,33.498000000000005,24.965,16.839,71.063,100.186,4.755,6.107,3.439,0.42000000000000004,0.45099999999999996,0.453,87.5259,60.8282
2007-08-21,28.360666666666663,22.6,29.124666666666666,8.016,33.094,25.078,17.224,72.82466666666666,100.17266666666666,4.186,5.447333333333333,2.792666666666667,0.436,0.45,0.45066666666666666,63.6293,70.2537
2007-09-01,28.593333333333334,22.22666666666667,29.403333333333332,8.351666666666667,33.461666666666666,25.111666666666668,16.846666666666668,70.375,100.17833333333334,4.755,6.196666666666666,3.1033333333333335,0.4183333333333333,0.45,0.45,81.3362,93.3828
2007-09-11,27.742,22.982999999999997,28.485000000000003,7.398000000000001,31.999000000000002,24.601,17.651,76.94300000000001,100.11699999999999,3.315,4.853,1.918,0.485,0.47800000000000004,0.476,93.569,99.7816
2007-09-21,28.351428571428574,22.649285714285714,29.059285714285714,7.694285714285714,32.86857142857143,25.175,17.27785714285714,72.95071428571428,100.18642857142856,4.997857142857143,6.593571428571429,3.4899999999999998,0.4271428571428571,0.4614285714285714,0.4635714285714286,65.0776,127.15
2007-10-01,28.084999999999997,22.255,28.768333333333334,8.15,32.90833333333333,24.761666666666667,16.878333333333334,72.49,100.15333333333332,5.083333333333333,6.95,3.4333333333333336,0.42,0.4483333333333333,0.45,57.3879,147.3385
2007-10-11,27.467000000000002,22.887999999999998,28.247000000000003,7.081999999999999,31.493000000000002,24.413,17.499000000000002,77.80699999999999,100.308,2.511,3.95,1.342,0.49800000000000005,0.47300000000000003,0.469,198.3793,205.3934
2007-10-21,26.067333333333334,23.271333333333335,26.575333333333333,5.3646666666666665,29.234666666666666,23.87066666666667,17.911333333333335,85.328,100.23933333333333,2.9346666666666663,4.169333333333333,1.7913333333333334,0.618,0.5646666666666668,0.5519999999999999,298.9483,260.2779
2007-11-01,26.05666666666667,23.268333333333334,26.441666666666666,4.6049999999999995,28.665000000000003,24.061666666666667,17.893333333333334,84.98833333333333,100.315,1.4883333333333333,2.4166666666666665,0.5683333333333334,0.685,0.61,0.6016666666666667,333.3793,306.6902
2007-11-11,26.122000000000003,22.247999999999998,26.395999999999997,5.996,29.421,23.426,16.84,80.039,100.326,2.2030000000000003,3.37,1.2530000000000001,0.6719999999999999,0.634,0.629,197.6896,324.5644
2007-11-21,25.814999999999998,22.392142857142858,26.07785714285714,5.42,28.962142857142858,23.544285714285714,16.972857142857144,82.11642857142859,100.53357142857143,2.4549999999999996,3.692142857142857,1.4592857142857143,0.6357142857142858,0.6007142857142858,0.5985714285714285,125.1293,337.5647
2007-12-01,26.255,21.338333333333335,26.395,5.528333333333333,29.485,23.953333333333333,15.865,75.25166666666667,100.58,3.8383333333333334,5.478333333333333,2.5566666666666666,0.5516666666666666,0.5583333333333333,0.5633333333333334,108.7155,341.21
2007-12-11,25.821999999999996,23.038,25.958999999999996,3.808,28.181,24.372,17.658,85.126,100.279,3.874,5.161,2.714,0.633,0.584,0.5740000000000001,397.9224,356.7336
2007-12-21,24.62,22.132,24.592,4.65,27.264,22.61466666666667,16.748,86.438,100.46133333333334,2.7573333333333334,3.9593333333333334,1.7326666666666668,0.8053333333333333,0.7653333333333333,0.7493333333333333,573.3362,339.5899
2008-01-01,24.958333333333332,22.595,25.00333333333333,4.819999999999999,27.668333333333333,22.846666666666668,17.151666666666667,87.06333333333333,100.59666666666668,3.203333333333333,4.655,2.0566666666666666,0.79,0.7600000000000001,0.755,571.888,301.2839
2008-01-11,24.759,22.175,24.804,4.5729999999999995,27.411,22.84,16.699,85.848,100.64500000000001,3.415,4.7909999999999995,2.271,0.8,0.776,0.77,284.8103,237.2716
2008-01-21,24.859333333333332,21.772,24.942666666666664,5.650666666666667,28.075333333333333,22.426,16.361333333333334,83.484,100.41266666666667,2.2126666666666663,3.3333333333333335,1.3679999999999999,0.7453333333333333,0.718,0.7193333333333333,90.9138,180.1767
2008-02-01,25.418333333333333,22.141666666666666,25.445000000000004,5.761666666666667,28.724999999999998,22.96166666666667,16.713333333333335,82.70666666666666,100.40166666666666,1.9966666666666668,3.2533333333333334,0.9333333333333332,0.6983333333333333,0.6566666666666667,0.6633333333333334,124.3017,143.8716
2008-02-11,25.975,23.464,26.219,4.745,28.818,24.072,18.067,86.437,100.497,2.4989999999999997,3.7090000000000005,1.627,0.711,0.665,0.661,96.7586,107.4868
2008-02-21,25.181538461538462,21.32384615384615,25.39846153846154,5.88,28.54692307692308,22.66769230769231,15.952307692307691,80.02,100.61,2.64,3.933076923076923,1.633076923076923,0.6576923076923078,0.6092307692307692,0.6107692307692307,111.4483,77.2302
2008-03-01,25.865,23.06833333333333,26.334999999999997,5.351666666666667,28.968333333333334,23.618333333333336,17.64,85.06166666666667,100.46333333333332,2.558333333333333,4.006666666666667,1.295,0.6733333333333333,0.62,0.6166666666666667,137.7672,64.8802
2008-03-11,25.490000000000002,23.357,25.748,4.203,27.799,23.592,17.999000000000002,88.25699999999999,100.345,2.656,3.804,1.6329999999999998,0.795,0.733,0.71,275.5345,65.8649
2008-03-21,26.492,24.012666666666668,26.766666666666666,5.5040000000000004,29.487333333333332,23.983333333333334,18.733999999999998,86.82199999999999,100.26466666666667,2.062,2.9046666666666665,1.1700000000000002,0.8166666666666667,0.808,0.8033333333333333,299.6897,71.8262
2008-04-01,27.064999999999998,23.886666666666667,27.569999999999997,6.206666666666667,30.51,24.301666666666666,18.555,83.49,100.39166666666667,1.7283333333333335,2.8349999999999995,0.855,0.785,0.77,0.7683333333333334,268.7155,78.3716
2008-04-11,26.453999999999997,23.844,26.834000000000003,4.68,29.121,24.44,18.536,85.94300000000001,100.264,1.67,2.42,0.969,0.8099999999999999,0.787,0.78,143.2672,91.55
2008-04-21,27.322857142857142,24.175714285714285,27.632857142857144,5.920714285714285,30.565714285714286,24.64428571428571,18.955714285714286,83.71571428571428,100.14428571428572,2.0621428571428573,3.0928571428571425,1.0807142857142857,0.7685714285714286,0.7435714285714285,0.7421428571428572,126.6466,104.1287
2008-05-01,27.345,25.0,27.493333333333336,5.651666666666666,30.655,25.003333333333334,19.896666666666665,87.45,100.13666666666667,3.776666666666667,5.19,2.598333333333333,0.7316666666666666,0.7066666666666667,0.7083333333333334,64.0,133.4764
2008-05-11,27.076,24.461000000000002,27.308,5.961,30.494,24.53,19.238,86.20599999999999,100.29299999999999,3.5980000000000003,4.965999999999999,2.487,0.692,0.662,0.665,54.3276,159.3523
2008-05-21,27.231333333333335,24.450666666666667,27.509999999999998,5.764666666666667,30.573333333333334,24.804666666666666,19.246,85.45,100.184,3.488,4.662000000000001,2.4433333333333334,0.6273333333333333,0.6,0.6046666666666667,37.7586,161.1474
2008-06-01,26.871666666666666,24.156666666666666,27.194999999999997,5.551666666666667,30.081666666666667,24.531666666666666,18.911666666666665,85.77166666666666,100.18,3.783333333333333,5.326666666666667,2.466666666666667,0.6383333333333333,0.5866666666666666,0.5866666666666666,45.3276,108.7931
2008-06-11,26.76,23.731,27.122000000000003,6.1049999999999995,30.371,24.268,18.431,84.421,100.19200000000001,3.997,5.41,2.814,0.614,0.5820000000000001,0.58,39.319,49.7503
2008-06-21,27.542857142857144,23.237142857142857,28.035714285714285,7.357857142857143,31.847857142857144,24.49285714285714,17.87857142857143,78.83928571428571,100.22071428571428,4.301428571428572,5.764285714285714,2.9235714285714285,0.5214285714285715,0.53,0.5357142857142857,15.8103,14.0302
2008-07-01,28.013333333333335,22.820000000000004,28.56833333333333,8.173333333333334,32.57666666666667,24.401666666666667,17.425,75.27166666666666,100.30166666666666,3.9066666666666667,5.3500000000000005,2.473333333333333,0.4683333333333333,0.49666666666666665,0.5016666666666666,7.5603,21.0032
2008-07-11,28.301,22.712,29.058,7.851999999999999,32.829,24.976,17.346,73.431,100.148,4.305,5.521,3.016,0.44699999999999995,0.476,0.48200000000000004,27.681,36.7463
2008-07-21,27.566,22.663999999999998,28.249333333333333,6.640666666666666,31.506000000000004,24.86466666666667,17.296666666666667,75.86266666666667,100.03733333333334,5.098666666666667,6.6433333333333335,3.6559999999999997,0.45466666666666666,0.47533333333333333,0.4766666666666666,53.1638,52.298
2008-08-01,28.14833333333333,22.74,28.919999999999998,7.9316666666666675,32.6,24.671666666666667,17.365,74.04,100.10166666666667,3.9783333333333335,5.138333333333333,2.6816666666666666,0.4266666666666667,0.4566666666666667,0.4583333333333333,60.7155,53.6175
2008-08-11,28.169999999999998,21.729,28.827999999999996,8.106,32.958,24.853,16.332,69.9,100.158,5.11,6.769,3.3619999999999997,0.421,0.446,0.45,51.3879,60.8282
2008-08-21,28.40266666666667,22.336000000000002,29.366,8.424666666666667,33.20933333333333,24.785333333333334,16.932000000000002,71.474,100.19200000000001,2.936,4.402,1.6773333333333333,0.42266666666666663,0.44466666666666665,0.444,86.569,70.2537
2008-09-01,28.358333333333334,22.066666666666666,29.27,8.16,32.885,24.724999999999998,16.650000000000002,70.47,100.22833333333334,2.985,4.33,1.6266666666666667,0.41333333333333333,0.44166666666666665,0.44166666666666665,102.3793,93.3828
2008-09-11,28.343,22.16,29.061,8.464,33.39,24.927,16.791,71.582,100.226,4.9590000000000005,6.5409999999999995,3.275,0.41500000000000004,0.43899999999999995,0.43899999999999995,94.1034,99.7816
2008-09-21,29.552142857142858,21.38214285714286,30.807142857142857,11.633571428571429,35.957857142857144,24.322142857142858,16.007857142857144,64.85142857142857,100.31428571428572,3.18,4.552142857142857,1.8578571428571427,0.37,0.4121428571428571,0.4164285714285714,41.1207,127.15
2008-10-01,29.58666666666667,21.465,31.151666666666667,10.358333333333333,35.245,24.888333333333335,16.096666666666668,64.52,100.30666666666667,1.7116666666666667,3.143333333333333,0.4183333333333333,0.38166666666666665,0.4166666666666667,0.41333333333333333,37.1034,147.3385
2008-10-11,28.142000000000003,23.057,29.226999999999997,6.483,31.919,25.44,17.682,75.363,100.365,2.0629999999999997,3.228,0.921,0.46399999999999997,0.44799999999999995,0.438,133.1207,205.3934
2008-10-21,27.291999999999998,22.81,27.896,6.569333333333333,31.181333333333335,24.611333333333334,17.489333333333335,78.06333333333333,100.29733333333334,2.8179999999999996,4.463333333333334,1.4693333333333334,0.5106666666666667,0.5033333333333333,0.49733333333333335,152.5776,260.2779
2008-11-01,27.881666666666664,19.848333333333333,28.846666666666668,8.578333333333333,32.89,24.313333333333333,14.528333333333334,63.58166666666667,100.40499999999999,1.9416666666666667,3.0749999999999997,1.0266666666666666,0.43,0.47333333333333333,0.48,159.6638,306.6902
2008-11-11,26.815999999999995,23.28,27.387,5.672,30.104000000000003,24.434,17.956,82.288,100.204,2.7150000000000003,4.039,1.484,0.5900000000000001,0.536,0.523,127.2672,324.5644
2008-11-21,26.069285714285716,23.96142857142857,26.240714285714287,4.075,28.43,24.354285714285712,18.67142857142857,88.4742857142857,100.27285714285713,3.2192857142857143,5.042857142857143,1.73,0.6864285714285714,0.6221428571428572,0.6078571428571429,268.6034,337.5647
2008-12-01,25.655,22.901666666666667,25.90833333333333,5.131666666666667,28.673333333333332,23.546666666666667,17.466666666666665,85.21833333333333,100.49833333333333,2.6983333333333337,3.78,1.7233333333333334,0.7016666666666667,0.655,0.655,415.0776,341.21
2008-12-11,25.653000000000002,23.658,25.761000000000003,3.79,27.856,24.064,18.323,88.974,100.454,3.189,4.598,2.065,0.767,0.708,0.697,439.7672,356.7336
2008-12-21,24.911333333333335,21.400666666666666,24.776,5.02,27.767999999999997,22.746666666666666,15.985999999999999,81.40933333333332,100.562,3.134,4.391333333333334,2.134666666666667,0.7413333333333333,0.7126666666666667,0.7093333333333334,281.6207,339.5899
2009-01-01,24.525000000000002,20.623333333333335,24.43166666666667,5.916666666666667,27.866666666666664,21.953333333333333,15.228333333333333,79.685,100.60666666666667,2.748333333333333,3.9466666666666668,1.8016666666666667,0.7000000000000001,0.6516666666666667,0.6566666666666667,196.9052,301.2839
2009-01-11,24.896,21.78,24.797,4.796,27.666000000000004,22.868000000000002,16.272,83.293,100.814,3.572,4.926,2.5260000000000002,0.742,0.701,0.6950000000000001,108.2155,237.2716
2009-01-21,24.860666666666667,20.89466666666667,24.95266666666667,5.904,28.258,22.352,15.466000000000001,79.33733333333333,100.58733333333333,2.8026666666666666,4.202,1.7773333333333334,0.6426666666666667,0.6166666666666667,0.6246666666666666,112.6293,180.1767
2009-02-01,24.311666666666667,18.891666666666666,24.643333333333334,7.388333333333333,28.63,21.238333333333333,13.588333333333333,72.80166666666666,100.74166666666667,2.42,3.6816666666666666,1.58,0.555,0.5483333333333333,0.56,22.3017,143.8716
2009-02-11,25.272,18.804000000000002,26.057,8.546000000000001,30.211000000000002,21.663,13.553999999999998,69.11800000000001,100.592,2.336,3.746,1.355,0.48200000000000004,0.508,0.518,20.5517,107.4868
2009-02-21,27.25916666666667,20.948333333333334,28.310833333333335,8.826666666666666,32.365833333333335,23.53916666666667,15.599166666666667,70.95916666666666,100.40166666666666,2.6933333333333334,4.2924999999999995,1.3558333333333332,0.4291666666666667,0.4683333333333333,0.47583333333333333,6.3707,77.2302
2009-03-01,27.368333333333336,18.66,28.080000000000002,12.104999999999999,34.413333333333334,22.308333333333334,13.695,64.65666666666667,100.39166666666667,1.755,3.046666666666667,0.7416666666666667,0.44,0.4683333333333333,0.465,112.7241,64.8802
2009-03-11,26.337,23.012999999999998,26.895999999999997,5.8759999999999994,29.776999999999997,23.899,17.651,83.187,100.453,2.287,3.4769999999999994,1.1869999999999998,0.597,0.542,0.525,172.1207,65.8649
2009-03-21,27.55,22.492666666666665,28.521333333333335,7.844666666666667,32.164,24.323333333333334,17.074,75.69666666666667,100.39866666666667,1.9206666666666665,3.0780000000000003,1.0393333333333332,0.5086666666666667,0.5193333333333333,0.524,229.4914,71.8262
2009-04-01,28.59,23.625,29.473333333333333,6.579999999999999,32.42166666666667,25.846666666666668,18.290000000000003,75.72666666666667,100.31833333333333,2.223333333333333,3.3816666666666664,1.1333333333333333,0.4883333333333333,0.49666666666666665,0.49833333333333335,185.9655,78.3716
2009-04-11,27.267000000000003,24.484,27.599,4.8229999999999995,30.063,25.238,19.311,85.319,100.065,2.968,4.199,1.738,0.6910000000000001,0.625,0.6,174.9569,91.55
2009-04-21,28.172857142857143,24.50357142857143,28.520714285714288,7.072857142857143,32.004285714285714,24.927857142857142,19.3,81.625,100.30142857142857,1.9707142857142856,3.082142857142857,1.0985714285714285,0.6442857142857142,0.6121428571428572,0.6178571428571429,131.9741,104.1287
2009-05-01,28.47,24.331666666666667,28.84166666666667,8.571666666666667,33.08833333333333,24.52,19.085,79.80166666666666,100.33166666666666,2.51,3.938333333333333,1.5383333333333333,0.5650000000000001,0.5533333333333333,0.5633333333333334,82.2069,133.4764
2009-05-11,29.022000000000002,24.258000000000003,29.445,7.909999999999999,33.415,25.506999999999998,19.062,77.143,100.059,3.002,4.178,1.8829999999999998,0.5,0.518,0.528,82.4828,159.3523
2009-05-21,28.323333333333334,23.634666666666664,28.800666666666665,6.311333333333334,32.13666666666666,25.824,18.372,76.97533333333334,100.016,4.930000000000001,6.38,3.548666666666667,0.478,0.4966666666666667,0.5,89.7414,161.1474
2009-06-01,29.06833333333333,23.348333333333333,29.679999999999996,7.501666666666666,33.58,26.076666666666668,18.025000000000002,72.73833333333333,100.19166666666666,5.808333333333334,7.075,4.551666666666667,0.4383333333333333,0.47333333333333333,0.4766666666666666,76.6466,108.7931
2009-06-11,28.694,23.064,29.366000000000003,7.369,33.08,25.709000000000003,17.69,73.168,100.268,5.498,6.772,4.057,0.417,0.453,0.45899999999999996,26.9655,49.7503
2009-06-21,28.417857142857144,22.594285714285714,29.169999999999998,7.187857142857142,32.64214285714286,25.454285714285714,17.229285714285712,72.30714285714285,100.13357142857144,5.467142857142856,6.789285714285714,4.133571428571429,0.40857142857142853,0.44,0.44357142857142856,5.9483,14.0302
2009-07-01,28.168333333333333,21.763333333333332,29.025000000000002,7.663333333333334,32.785000000000004,25.125,16.348333333333333,69.81333333333333,100.15500000000002,6.0,7.088333333333334,4.825,0.40166666666666667,0.425,0.4283333333333333,14.2241,21.0032
2009-07-11,28.653,22.05,29.52,8.177,33.53,25.355,16.637999999999998,69.28099999999999,100.226,5.712999999999999,7.065,4.328,0.386,0.41200000000000003,0.4149999999999999,22.9052,36.7463
2009-07-21,29.168666666666663,22.11,30.078666666666667,8.687333333333333,34.27466666666667,25.587333333333333,16.706666666666667,67.88266666666667,100.27733333333335,5.102666666666666,6.398666666666667,3.755333333333333,0.36533333333333334,0.41,0.41,23.6897,52.298
2009-08-01,29.290000000000003,22.19666666666667,30.285,8.275,34.300000000000004,26.02333333333333,16.794999999999998,67.625,100.20833333333333,6.003333333333334,7.14,4.7716666666666665,0.30833333333333335,0.4033333333333333,0.41,16.8534,53.6175
2009-08-11,29.016000000000002,22.389,29.881,8.144,33.789,25.648000000000003,17.023,69.413,100.096,4.643,5.843,3.543,0.363,0.406,0.41,120.3448,60.8282
2009-08-21,28.041333333333334,22.631333333333334,28.892666666666667,7.492666666666667,32.436,24.945333333333334,17.230666666666664,74.08733333333333,100.28133333333334,3.8766666666666665,5.367333333333334,2.444,0.43866666666666665,0.45,0.4453333333333333,134.8879,70.2537
2009-09-01,28.136666666666667,22.138333333333332,28.955,7.468333333333334,32.63166666666667,25.165000000000003,16.721666666666668,71.44833333333334,100.24166666666667,6.328333333333333,7.866666666666667,4.883333333333334,0.42333333333333334,0.44,0.44,138.2586,93.3828
2009-09-11,29.415,22.267000000000003,30.583999999999996,9.564,34.900999999999996,25.339000000000002,16.875,67.751,100.226,4.0280000000000005,5.382,2.631,0.389,0.425,0.429,47.7069,99.7816
2009-09-21,28.639999999999997,22.506428571428568,29.56,8.23,33.45357142857143,25.22357142857143,17.11642857142857,71.43785714285714,100.26142857142858,4.622142857142857,5.981428571428571,3.31,0.39785714285714285,0.415,0.4178571428571428,39.8707,127.15
2009-10-01,28.78,21.311666666666667,29.665000000000003,8.635,33.89833333333333,25.26,15.92,66.33333333333333,100.24833333333333,6.138333333333333,7.988333333333333,4.18,0.37666666666666665,0.41333333333333333,0.41333333333333333,43.6552,147.3385
2009-10-11,28.991000000000003,21.36,30.476999999999997,10.095,34.687,24.593,15.972999999999999,66.20700000000001,100.385,2.322,3.768,0.975,0.389,0.421,0.417,49.7931,205.3934
2009-10-21,28.089333333333336,21.854666666666667,29.31,7.833333333333333,32.788,24.955333333333332,16.48,71.10733333333334,100.43599999999999,2.2126666666666663,3.8280000000000003,1.0546666666666666,0.4646666666666667,0.45466666666666666,0.44933333333333336,132.8362,260.2779
2009-11-01,26.584999999999997,23.91,27.003333333333334,4.246666666666667,29.036666666666665,24.78833333333333,18.615,85.77,100.28666666666668,3.14,4.666666666666667,1.9399999999999997,0.6666666666666666,0.5683333333333334,0.5433333333333333,311.5517,306.6902
2009-11-11,26.187,24.174,26.517000000000003,4.482,28.586000000000002,24.104000000000003,18.933,89.0,100.12100000000001,2.711,4.0600000000000005,1.4369999999999998,0.79,0.73,0.705,459.5086,324.5644
2009-11-21,25.987142857142857,23.095,26.21,4.918571428571428,28.773571428571426,23.855,17.680714285714284,84.505,100.60928571428572,1.967857142857143,3.0985714285714288,1.0035714285714286,0.8335714285714285,0.8164285714285714,0.8078571428571429,405.4569,337.5647
2009-12-01,25.918333333333333,23.493333333333336,26.108333333333334,4.1883333333333335,28.326666666666668,24.136666666666667,18.078333333333333,86.68666666666667,100.555,2.2866666666666666,3.328333333333333,1.43,0.8383333333333333,0.8283333333333333,0.8233333333333333,363.638,341.21
2009-12-11,25.872000000000003,23.903,25.911,3.818,28.127999999999997,24.311,18.584,89.064,100.354,3.3230000000000004,4.715,2.057,0.842,0.8300000000000001,0.8230000000000001,426.3104,356.7336
2009-12-21,25.42866666666667,23.48,25.438,3.7060000000000004,27.611333333333334,23.902,18.093333333333337,89.12866666666667,100.6,2.876,3.958666666666667,1.9053333333333333,0.8893333333333333,0.914,0.906,540.138,339.5899
2010-01-01,24.463333333333335,21.34166666666667,24.421666666666667,5.023333333333333,27.30333333333333,22.28333333333333,15.888333333333334,83.065,100.54833333333333,2.9766666666666666,4.538333333333333,1.8550000000000002,0.86,0.8816666666666667,0.8833333333333333,426.7242,301.2839
2010-01-11,25.452,23.193,25.617,5.103,28.305,23.201,17.762,87.64500000000001,100.68199999999999,2.697,3.8259999999999996,1.6,0.8560000000000001,0.868,0.867,215.1638,237.2716
2010-01-21,25.072,21.942,25.134666666666664,5.010666666666666,28.02733333333333,23.017999999999997,16.441333333333333,83.20466666666667,100.76066666666667,3.1906666666666665,4.589333333333333,2.12,0.8053333333333333,0.8,0.804,71.2759,180.1767
2010-02-01,25.22666666666667,22.156666666666666,25.346666666666668,4.62,28.013333333333335,23.395,16.663333333333334,83.44833333333334,100.69166666666666,3.151666666666667,4.445,2.145,0.7566666666666667,0.7366666666666667,0.7366666666666667,46.6293,143.8716
2010-02-11,25.384,22.107999999999997,25.577,5.661,28.615999999999996,22.961000000000002,16.65,82.513,100.59400000000001,2.686,4.057,1.583,0.715,0.679,0.683,58.1897,107.4868
2010-02-21,25.742500000000003,22.4025,26.0825,6.890833333333333,29.63416666666667,22.742499999999996,16.9175,82.62,100.64,2.1283333333333334,3.0725,1.4416666666666667,0.6733333333333333,0.6458333333333334,0.6491666666666667,53.6379,77.2302
2010-03-01,25.709999999999997,20.796666666666667,26.118333333333336,9.328333333333333,30.89833333333333,21.57166666666667,15.38,76.19833333333334,100.61833333333334,1.58,2.4033333333333333,0.855,0.5883333333333333,0.5733333333333334,0.5833333333333334,47.1552,64.8802
2010-03-11,27.560000000000002,22.518,28.360000000000003,8.031,32.126999999999995,24.095,17.064,75.721,100.66799999999999,2.569,3.912,1.482,0.507,0.524,0.534,9.931,65.8649
2010-03-21,28.534,22.961333333333336,29.636666666666667,8.386000000000001,33.32066666666667,24.934,17.591333333333335,73.838,100.432,2.208666666666667,3.509333333333333,1.1246666666666667,0.47200000000000003,0.4853333333333333,0.4886666666666667,41.3966,71.8262
2010-04-01,28.981666666666666,23.128333333333334,30.01,8.608333333333333,33.665,25.05666666666667,17.790000000000003,72.99,100.40833333333335,1.9566666666666668,3.0416666666666665,1.105,0.4583333333333333,0.48166666666666663,0.48333333333333334,50.9828,78.3716
2010-04-11,29.405,23.857,30.330000000000002,7.848000000000001,33.652,25.802,18.579,73.894,100.35,1.7530000000000001,2.904,0.873,0.466,0.477,0.48,78.7069,91.55
2010-04-21,28.976428571428574,24.603571428571428,29.659285714285716,6.825,32.8,25.974285714285713,19.414285714285715,78.62142857142858,100.38214285714285,1.6878571428571427,2.7392857142857143,0.8928571428571429,0.5585714285714286,0.525,0.5192857142857144,109.2845,104.1287
2010-05-01,28.38,25.075,28.605,4.961666666666667,31.23,26.271666666666665,20.018333333333334,82.905,100.14333333333333,1.7433333333333332,2.9516666666666667,0.8300000000000001,0.6333333333333333,0.5783333333333333,0.5616666666666666,157.8621,133.4764
2010-05-11,28.917,25.118000000000002,29.330000000000002,6.638,32.435,25.798000000000002,20.087,81.076,100.057,2.027,3.22,0.931,0.596,0.5650000000000001,0.563,165.4052,159.3523
2010-05-21,28.196,24.783333333333335,28.64333333333333,6.093333333333334,31.741333333333333,25.651333333333334,19.650666666666666,82.58733333333333,100.12933333333334,4.518666666666666,5.932,3.208666666666667,0.5566666666666666,0.5413333333333334,0.544,112.2241,161.1474
2010-06-01,29.246666666666666,24.18166666666667,29.959999999999997,7.911666666666666,33.66833333333333,25.76,18.93166666666667,75.68666666666667,100.31666666666666,3.9316666666666666,5.33,2.831666666666667,0.47,0.5016666666666666,0.5116666666666667,61.931,108.7931
2010-06-11,27.701999999999998,23.432,28.262,5.777,31.103,25.326,18.104,78.513,100.15799999999999,4.71,6.076,3.3259999999999996,0.48200000000000004,0.491,0.491,30.8621,49.7503
2010-06-21,28.49285714285714,22.951428571428572,29.198571428571427,8.097142857142858,33.235,25.134999999999998,17.604285714285712,73.8157142857143,100.17571428571429,4.6499999999999995,6.143571428571429,3.0778571428571433,0.4707142857142857,0.48714285714285716,0.48857142857142855,19.9483,14.0302
2010-07-01,28.25,22.24,28.893333333333334,8.016666666666667,32.99166666666667,24.97666666666667,16.87666666666667,72.01166666666667,100.13333333333333,5.435,7.091666666666666,3.9783333333333335,0.435,0.465,0.47333333333333333,33.6293,21.0032
2010-07-11,27.796,23.294,28.509000000000004,7.226000000000001,31.925,24.698,17.952,77.988,100.239,3.2409999999999997,4.364,2.021,0.503,0.489,0.485,58.4138,36.7463
2010-07-21,27.907333333333334,22.518666666666665,28.624000000000002,7.1946666666666665,32.234,25.038666666666664,17.12933333333333,74.03733333333334,100.14733333333334,5.369333333333333,6.712000000000001,3.916,0.4553333333333333,0.4806666666666667,0.48133333333333334,75.4483,52.298
2010-08-01,28.491666666666664,22.69333333333333,29.208333333333332,7.921666666666667,33.105,25.180000000000003,17.295,72.48833333333333,100.22833333333334,4.836666666666667,6.053333333333334,3.74,0.4166666666666667,0.455,0.46,62.1207,53.6175
2010-08-11,28.356,22.947,29.083,7.302,32.763999999999996,25.462,17.589,74.062,100.114,4.6850000000000005,6.017,3.3259999999999996,0.45,0.458,0.45499999999999996,108.7241,60.8282
2010-08-21,27.093999999999998,22.784,27.70266666666667,6.737333333333334,31.108,24.371333333333332,17.420666666666666,78.61533333333334,100.10733333333334,4.655333333333333,6.060666666666666,3.3006666666666664,0.5326666666666667,0.5153333333333333,0.5073333333333333,148.3707,70.2537
2010-09-01,27.471666666666664,22.76,28.064999999999998,8.063333333333333,32.15833333333333,24.095,17.365,77.125,100.27666666666666,3.9916666666666667,5.57,2.4499999999999997,0.51,0.52,0.5216666666666666,175.2328,93.3828
2010-09-11,27.567,22.985,28.026,7.4239999999999995,32.022000000000006,24.597,17.621000000000002,77.68199999999999,100.199,3.947,5.16,2.573,0.521,0.514,0.514,162.1121,99.7816
2010-09-21,26.87642857142857,23.335,27.427857142857142,6.167142857142857,30.49285714285714,24.32785714285714,17.992857142857144,82.00071428571428,100.19642857142857,2.7078571428571427,4.0600000000000005,1.51,0.6228571428571429,0.5657142857142857,0.5535714285714286,277.0086,127.15
2010-10-01,26.405,24.191666666666666,26.77,4.53,29.17,24.641666666666666,18.973333333333333,88.00833333333333,100.02166666666666,3.545,4.88,2.36,0.725,0.6583333333333333,0.6433333333333334,335.7241,147.3385
2010-10-11,26.544,23.619999999999997,26.863,6.177,30.247000000000003,24.069,18.293,84.776,100.205,4.58,6.335,3.191,0.655,0.623,0.624,289.819,205.3934
2010-10-21,26.694666666666667,22.9,27.375999999999998,7.600666666666666,30.998,23.396,17.505333333333333,80.938,100.288,2.99,3.9939999999999998,2.0706666666666664,0.5793333333333333,0.5566666666666666,0.5613333333333334,190.5431,260.2779
2010-11-01,25.64,23.246666666666666,25.948333333333334,4.655,28.27333333333333,23.616666666666664,17.881666666666668,87.075,100.325,2.6133333333333333,3.6833333333333336,1.58,0.6983333333333333,0.635,0.6166666666666667,197.0776,306.6902
2010-11-11,26.252,23.285,26.619999999999997,5.701,29.456,23.758,17.895000000000003,84.364,100.377,1.972,3.0170000000000003,0.882,0.704,0.648,0.64,268.5517,324.5644
2010-11-21,25.452857142857145,23.504285714285714,25.756428571428568,3.815714285714286,27.625714285714285,23.810000000000002,18.170714285714286,89.19714285714285,100.24571428571429,2.2728571428571427,3.36,1.3092857142857142,0.8485714285714286,0.7999999999999999,0.7807142857142857,404.7931,337.5647
2010-12-01,24.593333333333334,23.343333333333334,24.790000000000003,2.6833333333333336,26.064999999999998,23.38,18.066666666666666,92.70833333333333,99.91833333333334,4.4383333333333335,6.196666666666666,2.606666666666667,0.9433333333333334,0.9716666666666667,0.9566666666666667,547.5172,341.21
2010-12-11,25.253999999999998,23.082,25.442,5.428,28.262,22.832,17.714,88.076,100.237,2.168,3.364,1.185,0.93,0.967,0.961,501.7242,356.7336
2010-12-21,24.743333333333336,23.026,24.770666666666667,3.103333333333333,26.504,23.400666666666666,17.64,90.27466666666666,100.34733333333334,2.7626666666666666,3.8233333333333333,1.7719999999999998,0.9453333333333334,0.9733333333333333,0.9606666666666667,628.3448,339.5899
2011-01-01,24.298333333333332,22.929999999999996,24.345,2.6333333333333333,25.776666666666667,23.145,17.546666666666667,92.07333333333334,100.19333333333333,3.466666666666667,4.858333333333333,2.095,0.975,0.9966666666666667,0.9833333333333334,727.4656,301.2839
2011-01-11,24.779000000000003,23.657,24.66,2.442,26.202999999999996,23.762999999999998,18.335,93.425,100.248,3.6340000000000003,4.583,2.63,0.9869999999999999,0.999,0.993,828.7414,237.2716
2011-01-21,24.500666666666667,22.123333333333335,24.409333333333333,4.334666666666666,26.988,22.65,16.69066666666667,86.83,100.54933333333334,3.27,4.4093333333333335,2.342,0.9179999999999999,0.9566666666666667,0.9453333333333334,630.612,180.1767
2011-02-01,24.858333333333334,23.75,24.791666666666668,2.1933333333333334,26.168333333333333,23.974999999999998,18.400000000000002,93.52,100.375,3.515,4.78,2.263333333333333,0.9833333333333334,0.9983333333333334,0.9866666666666667,590.8706,143.8716
2011-02-11,24.756,22.119999999999997,24.726,4.6129999999999995,27.456,22.845000000000002,16.706,85.61800000000001,100.353,2.696,3.944,1.732,0.942,0.975,0.9650000000000001,451.0345,107.4868
2011-02-21,25.47,22.498333333333335,25.570833333333336,5.3808333333333325,28.559166666666666,23.179166666666664,17.06,84.02083333333333,100.5,1.9775,3.0625,1.1433333333333333,0.8791666666666668,0.9058333333333334,0.9025,350.8103,77.2302
2011-03-01,25.44666666666667,23.02333333333333,25.691666666666666,4.7316666666666665,28.153333333333336,23.425,17.598333333333333,86.72166666666665,100.44666666666666,2.7066666666666666,3.8533333333333335,1.7116666666666667,0.8766666666666666,0.8966666666666666,0.8916666666666666,63.431,64.8802
2011-03-11,25.881,22.753999999999998,25.915,5.603,29.121000000000002,23.52,17.387999999999998,83.519,100.365,2.283,3.5759999999999996,1.2530000000000001,0.8379999999999999,0.844,0.849,66.7414,65.8649
2011-03-21,26.85,23.493333333333332,27.183333333333334,6.200666666666666,30.374000000000002,24.173333333333336,18.136000000000003,82.68733333333333,100.36733333333333,1.7486666666666666,2.5046666666666666,0.962,0.7993333333333333,0.7886666666666666,0.7906666666666667,47.9396,71.8262
2011-04-01,26.650000000000002,21.768333333333334,26.891666666666666,8.995,31.248333333333335,22.255,16.305,76.135,100.48666666666666,1.3283333333333334,2.061666666666667,0.7483333333333334,0.7416666666666667,0.7216666666666667,0.7283333333333334,47.9828,78.3716
2011-04-11,27.086000000000002,23.695999999999998,27.542,5.502,30.207,24.703,18.335,82.263,100.45599999999999,1.629,2.416,0.999,0.734,0.692,0.692,147.6293,91.55
2011-04-21,27.037142857142857,24.023571428571426,27.398571428571426,4.832857142857143,29.73,24.897142857142857,18.777142857142856,84.13428571428572,100.18357142857143,1.8764285714285713,2.7514285714285713,0.9985714285714286,0.8192857142857143,0.7842857142857144,0.7692857142857142,272.6293,104.1287
2011-05-01,27.481666666666666,25.256666666666664,27.47666666666667,5.25,30.653333333333336,25.401666666666667,20.203333333333333,88.03000000000002,100.19166666666666,3.9250000000000003,5.136666666666667,2.8383333333333334,0.8166666666666668,0.8116666666666666,0.81,279.3276,133.4764
2011-05-11,27.413,24.582,27.718,7.589,31.569,23.981,19.404,85.505,100.23299999999999,3.012,4.276999999999999,2.081,0.776,0.761,0.761,183.3276,159.3523
2011-05-21,27.626666666666665,24.764666666666663,27.90666666666667,6.155333333333333,31.101999999999997,24.946,19.612666666666666,85.096,100.212,3.106666666666667,4.382666666666666,1.9933333333333332,0.734,0.702,0.7046666666666667,69.1034,161.1474
2011-06-01,27.26833333333333,24.473333333333333,27.576666666666668,5.908333333333334,30.8,24.893333333333334,19.276666666666667,85.41666666666667,100.18166666666666,4.171666666666667,5.883333333333333,2.5050000000000003,0.685,0.65,0.655,48.6034,108.7931
2011-06-11,26.835,23.91,27.133,6.046,30.346999999999998,24.302,18.641,84.761,100.292,4.04,5.647,2.664,0.638,0.607,0.612,36.1293,49.7503
2011-06-21,27.87642857142857,23.424285714285713,28.381428571428568,7.352857142857142,32.18785714285714,24.833571428571428,18.11857142857143,78.25928571428572,100.08,4.760714285714286,6.149285714285715,3.531428571428571,0.5342857142857144,0.5392857142857144,0.5492857142857143,5.2672,14.0302
2011-07-01,27.906666666666666,23.01,28.44333333333333,7.211666666666666,32.20333333333333,24.991666666666664,17.671666666666667,76.28166666666667,100.13833333333334,4.115,5.451666666666667,3.0833333333333335,0.47833333333333333,0.5016666666666666,0.51,16.1034,21.0032
2011-07-11,27.627,22.689,28.244999999999997,6.817,31.731,24.913,17.323,75.95899999999999,100.154,5.138,6.452,3.882,0.489,0.499,0.501,21.8966,36.7463
2011-07-21,27.904666666666667,22.487333333333332,28.529333333333334,7.228666666666666,32.248,25.017999999999997,17.094,73.94133333333333,100.15133333333333,5.101333333333333,6.421333333333334,3.6906666666666665,0.44133333333333336,0.47333333333333333,0.4766666666666666,38.681,52.298
2011-08-01,28.525000000000002,22.39,29.28333333333333,8.063333333333334,33.435,25.371666666666666,16.986666666666668,71.04166666666667,100.17166666666667,5.215,6.535,3.8983333333333334,0.41333333333333333,0.45,0.45333333333333337,27.931,53.6175
2011-08-11,27.998,22.682,28.644,7.491,32.511,25.02,17.298,74.412,100.13300000000001,4.174,5.266,3.119,0.45999999999999996,0.461,0.458,77.4828,60.8282
2011-08-21,28.123333333333335,22.525333333333332,28.858,8.274666666666667,32.965333333333334,24.69066666666667,17.123333333333335,73.38266666666667,100.212,4.382000000000001,5.827333333333333,2.9733333333333336,0.46,0.478,0.47733333333333333,81.6207,70.2537
2011-09-01,28.363333333333333,22.498333333333335,29.088333333333335,7.838333333333334,32.98833333333334,25.14833333333333,17.09,72.20833333333333,100.24166666666667,4.501666666666667,5.881666666666667,3.145,0.4283333333333333,0.455,0.4583333333333333,97.0,93.3828
2011-09-11,27.782,22.843,28.434000000000005,7.619,32.333,24.714,17.47,76.111,100.19800000000001,4.772,6.284000000000001,3.46,0.497,0.483,0.475,86.9138,99.7816
2011-09-21,28.733571428571427,22.29,29.617142857142856,9.973571428571429,34.35285714285714,24.37714285714286,16.88142857142857,70.71785714285714,100.32714285714285,3.665714285714286,4.989285714285714,2.3685714285714283,0.4307142857142857,0.4685714285714285,0.4735714285714286,74.6552,127.15
2011-10-01,28.94333333333333,22.581666666666667,29.766666666666666,9.371666666666668,34.13333333333333,24.763333333333332,17.19333333333333,70.84333333333333,100.29666666666667,2.408333333333333,3.85,1.3116666666666668,0.4566666666666667,0.4583333333333333,0.4583333333333333,136.8879,147.3385
2011-10-11,28.006999999999998,23.072,28.695,7.731,32.419,24.686,17.699,76.393,100.337,2.1100000000000003,3.2369999999999997,1.283,0.525,0.495,0.485,233.4138,205.3934
2011-10-21,26.563333333333333,23.609333333333332,26.916,4.521333333333334,29.146666666666665,24.625333333333334,18.277333333333335,84.44200000000001,100.25333333333333,2.2006666666666663,3.2606666666666664,1.2193333333333334,0.7446666666666667,0.664,0.6393333333333333,455.8966,260.2779
2011-11-01,26.036666666666665,23.153333333333336,26.366666666666664,4.831666666666667,28.643333333333334,23.813333333333333,17.77,84.58333333333333,100.38833333333332,1.5716666666666665,2.475,0.8316666666666667,0.8116666666666666,0.8000000000000002,0.7983333333333333,410.5,306.6902
2011-11-11,26.137999999999998,22.355,26.306,5.515,29.327999999999996,23.81,16.912,80.2,100.482,1.934,2.966,1.139,0.788,0.774,0.773,355.1897,324.5644
2011-11-21,26.25142857142857,24.271428571428572,26.315714285714286,3.4828571428571427,28.257857142857144,24.774285714285714,19.035,89.03285714285714,100.30857142857143,3.079285714285714,4.562142857142858,1.792142857142857,0.88,0.8735714285714286,0.86,352.5259,337.5647
2011-12-01,25.921666666666667,22.425,25.933333333333334,5.185,28.866666666666664,23.68166666666667,17.008333333333333,81.52833333333334,100.34333333333332,1.7,2.7266666666666666,0.7999999999999999,0.8883333333333333,0.9266666666666667,0.92,342.862,341.21
2011-12-11,25.868000000000002,23.468,25.79,4.037000000000001,28.226999999999997,24.193,18.11,86.851,100.428,2.701,3.847,1.802,0.892,0.9179999999999999,0.908,425.7069,356.7336
2011-12-21,24.986666666666668,22.994666666666667,24.926666666666666,4.4159999999999995,27.471333333333334,23.054666666666666,17.63,88.97933333333334,100.374,3.4006666666666665,4.519333333333333,2.3526666666666665,0.9193333333333334,0.958,0.9473333333333332,303.9052,339.5899
2012-01-01,25.366666666666664,22.986666666666665,25.349999999999998,5.755,28.611666666666665,22.853333333333335,17.578333333333333,87.10333333333334,100.605,2.3833333333333333,3.6466666666666665,1.2249999999999999,0.8816666666666667,0.91,0.9066666666666667,300.4483,301.2839
2012-01-11,24.702,21.693,24.709,5.181,27.655,22.471,16.267000000000003,83.763,100.65,2.839,4.076,1.86,0.859,0.881,0.877,134.6121,237.2716
2012-01-21,24.186,20.612666666666666,24.219333333333335,5.879333333333333,27.558666666666667,21.68,15.175999999999998,81.02466666666666,100.51466666666667,2.2786666666666666,3.174666666666667,1.5186666666666668,0.7959999999999999,0.7886666666666666,0.7913333333333334,37.4052,180.1767
2012-02-01,25.118333333333336,22.584999999999997,25.173333333333332,4.568333333333333,27.77,23.201666666666664,17.13,86.16666666666667,100.58666666666666,3.465,4.805000000000001,2.3733333333333335,0.7666666666666666,0.7316666666666666,0.73,113.8017,143.8716
2012-02-11,25.39,22.764,25.505000000000003,4.739,28.163,23.423,17.328,85.72999999999999,100.5,2.646,3.804,1.6480000000000001,0.776,0.746,0.742,151.8017,107.4868
2012-02-21,25.386153846153846,22.04769230769231,25.625384615384615,5.926153846153846,28.744615384615386,22.82,16.616153846153846,82.31230769230768,100.32538461538462,2.336923076923077,3.6061538461538465,1.4176923076923076,0.7323076923076923,0.6976923076923077,0.7023076923076922,152.1466,77.2302
2012-03-01,26.185,22.67833333333333,26.646666666666665,8.586666666666666,30.865,22.275000000000002,17.283333333333335,82.35333333333334,100.295,1.805,2.545,1.16,0.7000000000000001,0.6716666666666667,0.6766666666666667,55.3017,64.8802
2012-03-11,26.637999999999998,22.821,27.113999999999997,7.417999999999999,30.756,23.339,17.456,80.826,100.348,1.989,3.059,1.066,0.652,0.62,0.627,20.5603,65.8649
2012-03-21,26.578666666666667,21.741333333333333,27.296,8.687999999999999,31.391333333333332,22.705333333333332,16.345333333333333,76.81666666666666,100.57,1.9306666666666668,2.7993333333333337,1.1746666666666667,0.5726666666666667,0.554,0.5613333333333334,55.7759,71.8262
2012-04-01,27.84,23.126666666666665,28.628333333333334,7.928333333333334,32.155,24.223333333333333,17.711666666666666,77.09333333333333,100.54333333333334,1.6466666666666665,2.3433333333333333,0.9550000000000001,0.5633333333333334,0.545,0.5466666666666667,119.0862,78.3716
2012-04-11,27.949,23.735,28.609,6.553999999999999,31.633999999999997,25.083000000000002,18.421,79.012,100.346,1.458,2.266,0.643,0.591,0.548,0.548,169.9914,91.55
2012-04-21,27.75714285714286,24.035714285714285,28.065714285714286,6.236428571428571,31.15357142857143,24.91857142857143,18.79,81.16785714285713,100.17357142857144,1.9914285714285713,3.0828571428571427,1.02,0.6114285714285714,0.5664285714285714,0.5635714285714285,161.5431,104.1287
2012-05-01,27.905,22.698333333333334,28.613333333333333,10.293333333333335,33.696666666666665,23.403333333333336,17.325,75.74,100.21166666666666,3.783333333333333,5.091666666666667,2.6983333333333337,0.5266666666666667,0.5366666666666667,0.5416666666666666,105.3534,133.4764
2012-05-11,29.517000000000003,22.987000000000002,30.451999999999998,10.514,35.279,24.768,17.628,70.337,100.184,3.0740000000000003,4.436,2.053,0.45499999999999996,0.49399999999999994,0.502,50.9914,159.3523
2012-05-21,29.495333333333335,23.017333333333333,30.182666666666666,8.150666666666666,34.275333333333336,26.124666666666666,17.700666666666667,70.06666666666666,100.1,5.196,6.594666666666667,3.856666666666667,0.41466666666666663,0.4553333333333333,0.46266666666666667,22.0,161.1474
2012-06-01,29.796666666666667,23.198333333333334,30.47,7.521666666666666,34.385,26.865,17.903333333333332,69.42666666666666,100.01166666666666,5.998333333333334,7.221666666666667,4.698333333333333,0.40166666666666667,0.4366666666666667,0.445,14.75,108.7931
2012-06-11,29.189999999999998,22.740000000000002,29.967000000000002,7.992,33.917,25.925,17.39,69.938,100.09700000000001,5.288,6.579000000000001,3.814,0.4,0.42400000000000004,0.43099999999999994,13.1638,49.7503
2012-06-21,28.486428571428572,22.34857142857143,29.212857142857143,7.985,33.205714285714286,25.22142857142857,16.950714285714287,71.26857142857143,100.25071428571428,4.972142857142857,6.227142857142857,3.483571428571428,0.40214285714285714,0.4178571428571428,0.42,7.2931,14.0302
2012-07-01,28.80333333333333,21.72,29.575,8.543333333333333,33.97833333333333,25.439999999999998,16.396666666666665,68.04166666666667,99.93833333333333,5.64,7.158333333333334,4.011666666666667,0.4033333333333333,0.415,0.4183333333333333,9.9828,21.0032
2012-07-11,28.78,22.793,29.544,7.595999999999999,33.157,25.561,17.467000000000002,72.013,100.024,3.942,5.332,2.556,0.43500000000000005,0.426,0.422,48.0172,36.7463
2012-07-21,29.08,22.28933333333333,29.874000000000002,8.488666666666667,34.099333333333334,25.608,16.910666666666668,68.866,100.17800000000001,4.951333333333333,6.126,3.8313333333333333,0.39466666666666667,0.4246666666666667,0.42866666666666664,48.2672,52.298
2012-08-01,29.42,21.691666666666666,30.473333333333333,9.781666666666666,35.20666666666667,25.421666666666667,16.286666666666665,65.72,100.26833333333333,5.0200000000000005,6.288333333333333,3.5533333333333332,0.35333333333333333,0.41,0.41,49.4138,53.6175
2012-08-11,29.466,21.85,30.474,9.161,34.769,25.610000000000003,16.436,65.738,100.267,4.456,5.743,2.988,0.34199999999999997,0.41,0.41,15.819,60.8282
2012-08-21,28.836000000000002,21.586666666666666,29.801333333333332,8.296,33.61666666666667,25.31866666666667,16.192666666666668,67.00399999999999,100.222,4.446,5.892666666666667,2.9979999999999998,0.36533333333333334,0.4093333333333333,0.41,20.9052,70.2537
2012-09-01,28.828333333333333,21.94666666666667,29.643333333333334,8.743333333333334,33.88833333333333,25.145,16.540000000000003,68.325,100.23833333333334,4.263333333333334,5.801666666666667,2.796666666666667,0.39999999999999997,0.41,0.41,57.1207,93.3828
2012-09-11,28.865999999999996,21.813,29.662,8.269,33.711,25.441,16.412,67.662,100.337,4.525,5.963,2.852,0.371,0.41,0.41,71.0517,99.7816
2012-09-21,28.78357142857143,22.24857142857143,29.647142857142857,9.504999999999999,34.31357142857143,24.812857142857144,16.85214285714286,70.49071428571429,100.30428571428571,3.483571428571429,4.973571428571428,2.27,0.43714285714285717,0.43071428571428566,0.425,128.1638,127.15
2012-10-01,29.331666666666667,21.53,30.400000000000002,11.586666666666668,35.69166666666667,24.108333333333334,16.123333333333335,66.40666666666667,100.39166666666667,2.3249999999999997,3.75,1.1016666666666668,0.39999999999999997,0.44333333333333336,0.4466666666666667,148.5086,147.3385
2012-10-11,27.77,23.278,28.549,7.278999999999999,32.034,24.755000000000003,17.919,78.465,100.418,1.7149999999999999,2.715,0.866,0.601,0.518,0.502,360.2414,205.3934
2012-10-21,26.123333333333335,23.900666666666666,26.447333333333333,4.169333333333333,28.564,24.396,18.598666666666666,87.84666666666666,100.25800000000001,2.7266666666666666,4.062,1.588,0.756,0.6786666666666666,0.6579999999999999,555.0259,260.2779
2012-11-01,26.28333333333333,23.743333333333336,26.544999999999998,5.575,29.334999999999997,23.758333333333336,18.4,86.415,100.35833333333333,1.7233333333333334,2.5233333333333334,1.0566666666666666,0.8316666666666667,0.8283333333333333,0.8166666666666668,550.3448,306.6902
2012-11-11,26.064,23.749000000000002,26.291000000000004,4.12,28.418,24.299,18.407999999999998,87.287,100.432,2.067,3.128,1.163,0.844,0.834,0.825,394.8362,324.5644
2012-11-21,25.93357142857143,22.957142857142856,25.98785714285714,5.042142857142857,28.829285714285714,23.785,17.568571428571428,84.23714285714286,100.44500000000001,1.929285714285714,2.862142857142857,1.0857142857142856,0.8564285714285714,0.8564285714285714,0.8521428571428571,249.5259,337.5647
2012-12-01,25.30666666666667,22.771666666666665,25.36,5.14,28.251666666666665,23.11,17.416666666666668,86.29166666666667,100.40833333333335,2.665,3.7383333333333333,1.7666666666666666,0.87,0.8816666666666667,0.8816666666666667,240.5,341.21
2012-12-11,25.259999999999998,22.447,25.193,4.827,28.066000000000003,23.237000000000002,16.987000000000002,84.707,100.59299999999999,2.602,3.786,1.75,0.8619999999999999,0.8720000000000001,0.8699999999999999,511.1294,356.7336
2012-12-21,25.645333333333333,24.207333333333334,25.508666666666667,2.7373333333333334,27.252,24.515333333333334,18.936,91.74666666666667,100.32533333333335,3.252666666666667,4.352,2.1126666666666667,0.9733333333333333,0.9933333333333334,0.9793333333333333,719.069,339.5899
2013-01-01,25.378333333333334,23.325,25.24,3.9516666666666667,27.598333333333333,23.643333333333334,17.935,88.47833333333334,100.48,2.845,4.465,1.7516666666666667,0.9516666666666667,0.9833333333333334,0.975,1004.4913,301.2839
2013-01-11,24.769,22.578,24.648,3.944,26.933999999999997,22.988,17.212,87.825,100.582,2.9059999999999997,4.196,1.877,0.958,0.9869999999999999,0.978,669.9742,237.2716
2013-01-21,24.686666666666667,21.865333333333336,24.616666666666667,4.650666666666667,27.365333333333336,22.714,16.39,84.60333333333332,100.73266666666667,3.0679999999999996,4.172,2.1986666666666665,0.8953333333333333,0.932,0.9246666666666667,451.2845,180.1767
2013-02-01,25.463333333333335,23.175,25.49,4.569999999999999,28.16333333333333,23.59166666666667,17.72,87.40500000000002,100.69,3.0733333333333337,4.301666666666667,2.0083333333333333,0.8833333333333333,0.8983333333333334,0.8916666666666666,177.4483,143.8716
2013-02-11,25.515,23.256999999999998,25.574,4.502,28.091,23.592000000000002,17.851,87.60499999999999,100.48400000000001,2.503,3.662,1.4929999999999999,0.9109999999999999,0.9369999999999999,0.9259999999999999,294.6724,107.4868
2013-02-21,25.49083333333333,22.291666666666668,25.706666666666667,5.745833333333334,28.778333333333332,23.034166666666668,16.835833333333333,82.89,100.59083333333332,2.2033333333333336,3.283333333333333,1.4166666666666667,0.8850000000000001,0.9175,0.9125,193.2155,77.2302
2013-03-01,25.96166666666667,23.416666666666668,26.103333333333335,4.671666666666667,28.555000000000003,23.88,18.038333333333334,86.175,100.55333333333333,2.91,4.093333333333333,1.9533333333333331,0.8633333333333333,0.87,0.8649999999999999,227.8276,64.8802
2013-03-11,26.673000000000002,24.031,26.918,5.0280000000000005,29.637,24.611,18.695,85.837,100.601,2.376,3.258,1.64,0.853,0.867,0.865,137.5517,65.8649
2013-03-21,26.98,23.62933333333333,27.276,5.962000000000001,30.36466666666667,24.403333333333332,18.294666666666668,82.45733333333334,100.40466666666666,1.7246666666666668,2.5253333333333337,1.1046666666666667,0.8200000000000001,0.8119999999999999,0.8133333333333334,221.7241,71.8262
2013-04-01,27.486666666666665,23.365,27.723333333333333,7.265,31.358333333333334,24.09,18.044999999999998,79.115,100.33999999999999,1.445,2.1133333333333333,0.6066666666666667,0.7833333333333333,0.7733333333333334,0.7733333333333334,130.8534,78.3716
2013-04-11,27.907999999999998,24.595,28.351999999999997,6.0969999999999995,31.189999999999998,25.093,19.392000000000003,82.96700000000001,100.311,1.623,2.468,0.851,0.771,0.738,0.736,110.5259,91.55
2013-04-21,28.475714285714286,24.699285714285715,28.864285714285717,5.9471428571428575,31.663571428571426,25.717142857142857,19.525714285714287,80.67428571428572,100.27785714285714,1.4228571428571428,2.195,0.6892857142857143,0.7378571428571429,0.705,0.7064285714285713,45.9052,104.1287
2013-05-01,28.03,24.826666666666668,28.290000000000003,4.9383333333333335,30.721666666666664,25.78,19.711666666666666,83.29166666666667,100.08999999999999,1.7083333333333333,2.813333333333333,0.89,0.7383333333333333,0.6933333333333334,0.69,96.4741,133.4764
2013-05-11,27.824,24.957,28.004,5.483,31.017000000000003,25.536,19.878,85.093,100.054,3.6769999999999996,5.143,2.123,0.736,0.692,0.688,161.4828,159.3523
2013-05-21,27.409333333333333,24.646,27.533333333333335,5.5873333333333335,30.671333333333333,25.082666666666668,19.478,85.44200000000001,100.19866666666667,3.9406666666666665,5.376,2.716,0.6880000000000001,0.6553333333333333,0.66,159.4655,161.1474
2013-06-01,27.088333333333335,24.011666666666667,27.333333333333332,5.3,30.271666666666665,24.974999999999998,18.766666666666666,83.91666666666667,100.045,4.918333333333333,6.503333333333333,3.516666666666667,0.6466666666666666,0.6116666666666667,0.615,110.6466,108.7931
2013-06-11,27.167,23.427,27.427,6.063,30.799,24.735999999999997,18.115000000000002,80.905,100.006,5.936999999999999,7.439,4.544,0.591,0.571,0.578,28.6724,49.7503
2013-06-21,27.522142857142857,23.267142857142858,27.935714285714287,6.405714285714287,31.377857142857145,24.972857142857144,17.904285714285713,78.61642857142859,100.19857142857143,5.316428571428572,6.465714285714285,4.132857142857143,0.5192857142857144,0.5264285714285715,0.5321428571428571,16.0603,14.0302
2013-07-01,27.595,22.570000000000004,28.063333333333333,6.905,31.776666666666667,24.871666666666666,17.203333333333333,75.47833333333334,100.08833333333332,5.246666666666667,6.843333333333334,3.7266666666666666,0.49666666666666665,0.505,0.5066666666666667,31.5431,21.0032
2013-07-11,26.881999999999998,22.945,27.278000000000002,5.7829999999999995,30.351,24.564,17.585,80.025,100.13,5.032,6.431,3.786,0.525,0.526,0.523,41.8621,36.7463
2013-07-21,27.720000000000002,22.322,28.202,6.889333333333334,31.895333333333333,25.005333333333333,16.928,73.896,100.18533333333333,5.489333333333334,6.914,4.162,0.46199999999999997,0.4873333333333333,0.49133333333333334,46.319,52.298
2013-08-01,27.741666666666664,22.183333333333334,28.375,6.733333333333333,31.763333333333335,25.03,16.773333333333333,73.20833333333333,100.17166666666667,5.798333333333333,7.218333333333334,4.3549999999999995,0.44166666666666665,0.4666666666666666,0.4716666666666667,80.8793,53.6175
2013-08-11,27.276999999999997,22.862000000000002,27.835,6.927,31.356,24.431,17.498,78.238,100.152,4.357,5.714,3.2339999999999995,0.499,0.493,0.489,95.2845,60.8282
2013-08-21,28.698,22.56933333333333,29.61733333333333,8.9,33.815333333333335,24.913333333333334,17.182666666666666,71.492,100.19800000000001,3.816666666666667,5.072666666666667,2.5439999999999996,0.44,0.4693333333333333,0.474,111.4483,70.2537
2013-09-01,27.45,22.546666666666667,28.18166666666667,7.486666666666667,31.813333333333333,24.323333333333334,17.13,76.30166666666666,100.39166666666667,2.983333333333333,4.553333333333334,1.7100000000000002,0.5,0.48666666666666664,0.48,158.4741,93.3828
2013-09-11,27.394,22.555,28.131999999999998,7.364,31.711000000000002,24.349,17.151,76.407,100.214,4.96,6.704000000000001,3.218,0.47400000000000003,0.487,0.485,170.0172,99.7816
2013-09-21,28.612142857142857,22.365000000000002,29.50714285714286,9.160714285714286,33.92714285714286,24.764285714285712,16.967857142857145,71.16928571428572,100.1907142857143,4.626428571428571,6.166428571428571,3.130714285714286,0.42142857142857143,0.46214285714285713,0.4657142857142857,146.6034,127.15
2013-10-01,28.746666666666666,21.831666666666667,29.825,10.131666666666666,34.51833333333334,24.39,16.438333333333333,68.95,100.32,3.4566666666666666,4.748333333333334,2.2416666666666667,0.395,0.4366666666666667,0.445,57.2414,147.3385
2013-10-11,28.919999999999998,22.158,29.951999999999998,9.659,34.375,24.718,16.749000000000002,69.238,100.329,3.697,5.085,2.2039999999999997,0.399,0.425,0.43099999999999994,101.6379,205.3934
2013-10-21,27.598000000000003,22.767333333333333,28.34333333333333,7.248666666666667,31.657333333333334,24.408666666666665,17.371333333333332,76.64266666666666,100.334,2.464,3.67,1.3513333333333333,0.466,0.4593333333333333,0.456,113.0172,260.2779
2013-11-01,27.06833333333333,23.573333333333334,27.52,4.793333333333333,30.048333333333332,25.251666666666665,18.188333333333333,81.895,100.52166666666666,2.2983333333333333,3.7266666666666666,1.3016666666666667,0.5433333333333333,0.5066666666666667,0.49666666666666665,131.4396,306.6902
2013-11-11,26.554000000000002,22.997,26.970999999999997,5.2219999999999995,29.612000000000002,24.391,17.59,81.53,100.34400000000001,2.805,4.493,1.408,0.558,0.534,0.527,124.5172,324.5644
2013-11-21,26.267857142857142,22.792142857142856,26.705714285714286,5.722857142857143,29.676428571428573,23.951428571428572,17.374285714285715,81.99000000000001,100.40857142857143,1.8935714285714285,2.9792857142857145,1.002857142857143,0.6035714285714285,0.5621428571428572,0.5564285714285714,173.5776,337.5647
2013-12-01,25.348333333333333,23.478333333333335,25.383333333333336,3.293333333333333,27.32166666666667,24.028333333333336,18.128333333333334,89.52166666666666,100.34666666666665,3.4066666666666667,4.958333333333333,1.9833333333333334,0.7599999999999999,0.6549999999999999,0.63,278.7069,341.21
2013-12-11,25.491,22.762,25.553,5.4990000000000006,28.615,23.115000000000002,17.383,85.46900000000001,100.271,2.464,3.721,1.293,0.716,0.675,0.669,223.3879,356.7336
2013-12-21,24.792666666666666,21.639333333333333,24.846666666666668,4.772666666666667,27.648666666666667,22.876666666666665,16.142,83.04133333333333,100.65799999999999,3.3800000000000003,4.876666666666667,2.194,0.6646666666666667,0.626,0.63,177.7241,339.5899
2014-01-01,24.709999999999997,22.33666666666667,24.85166666666667,4.406666666666666,27.44333333333333,23.035,16.876666666666665,87.04166666666667,100.51333333333332,3.5733333333333337,4.885000000000001,2.4166666666666665,0.635,0.5883333333333333,0.59,118.6552,301.2839
2014-01-11,25.147,22.801,25.22,4.511,27.869999999999997,23.361,17.346,87.151,100.663,3.089,4.426,1.904,0.6950000000000001,0.627,0.62,244.5086,237.2716
2014-01-21,24.858666666666668,21.392666666666667,24.937333333333335,5.540666666666667,28.115333333333336,22.576,15.897333333333334,81.69066666666667,100.73066666666666,3.320666666666667,4.878666666666667,2.2079999999999997,0.6473333333333334,0.6106666666666667,0.6133333333333333,228.6466,180.1767
2014-02-01,24.709999999999997,20.564999999999998,24.998333333333335,6.718333333333334,28.618333333333336,21.903333333333336,15.155,78.59166666666667,100.46833333333332,3.0716666666666668,4.445,2.013333333333333,0.595,0.5750000000000001,0.58,152.6983,143.8716
2014-02-11,25.59,19.391,26.207,8.623000000000001,30.479000000000003,21.853,14.123,70.25,100.423,2.257,3.403,1.324,0.506,0.524,0.533,12.1121,107.4868
2014-02-21,26.97,22.0975,27.92833333333333,6.976666666666667,31.108333333333334,24.13416666666667,16.6125,75.82416666666667,100.65666666666668,3.2358333333333333,4.610833333333333,1.9175000000000002,0.4891666666666667,0.49333333333333335,0.49833333333333335,48.3707,77.2302
2014-03-01,26.951666666666668,21.55,27.866666666666664,7.454999999999999,31.278333333333332,23.82166666666667,16.061666666666667,73.575,100.57833333333333,2.901666666666667,4.135,1.8033333333333335,0.48,0.5033333333333333,0.505,59.2241,64.8802
2014-03-11,27.317,20.829,28.285000000000004,7.007000000000001,31.486,24.478,15.38,68.888,100.673,3.397,4.848,2.086,0.44000000000000006,0.475,0.481,61.7931,65.8649
2014-03-21,28.3,21.329333333333334,29.59333333333333,9.180666666666667,33.654666666666664,24.471999999999998,15.991999999999999,68.78666666666666,100.46133333333334,2.758666666666667,4.3453333333333335,1.4200000000000002,0.4073333333333334,0.448,0.45266666666666666,23.6897,71.8262
2014-04-01,29.348333333333333,21.551666666666666,30.923333333333332,10.133333333333333,35.08833333333333,24.951666666666668,16.215,65.97,100.38666666666666,2.5033333333333334,4.05,1.205,0.36666666666666664,0.42333333333333334,0.43166666666666664,23.8621,78.3716
2014-04-11,29.476,22.345,30.903,9.55,34.83,25.282,16.95,68.242,100.491,1.797,2.976,0.749,0.413,0.434,0.434,38.1379,91.55
2014-04-21,29.539285714285715,23.364285714285717,30.65642857142857,7.727142857142858,33.972857142857144,26.247142857142855,18.03642857142857,71.3442857142857,100.35071428571429,1.5735714285714286,2.4864285714285717,0.6478571428571429,0.445,0.44214285714285717,0.43785714285714283,107.6724,104.1287
2014-05-01,27.575,24.516666666666666,28.21666666666667,4.785,30.46666666666667,25.68166666666667,19.328333333333333,84.38666666666667,100.23833333333334,2.8633333333333333,3.766666666666667,1.765,0.5716666666666667,0.5133333333333333,0.4916666666666667,249.4483,133.4764
2014-05-11,28.238,24.616999999999997,28.665,6.994,32.124,25.128,19.433,81.799,100.269,2.606,3.617,1.814,0.604,0.567,0.558,235.4655,159.3523
2014-05-21,28.572,24.339333333333336,29.034666666666666,7.17,32.62866666666667,25.458666666666666,19.124666666666666,79.19200000000001,100.196,3.3066666666666666,4.602,2.0233333333333334,0.5126666666666667,0.522,0.5246666666666667,193.9224,161.1474
2014-06-01,28.846666666666664,24.14,29.531666666666666,6.79,32.80166666666667,26.011666666666667,18.95,76.93833333333333,99.95333333333333,4.458333333333333,5.72,3.1016666666666666,0.47,0.49499999999999994,0.5016666666666666,46.2328,108.7931
2014-06-11,28.794,23.708,29.344,6.593999999999999,32.798,26.206,18.451,75.258,99.988,5.6049999999999995,7.025,4.137,0.446,0.4779999999999999,0.481,38.2586,49.7503
2014-06-21,29.32785714285714,23.15357142857143,30.067857142857143,8.063571428571429,34.12571428571429,26.064285714285713,17.79642857142857,71.18785714285714,100.18571428571428,5.541428571428571,6.709285714285714,4.170714285714285,0.4128571428571428,0.45071428571428573,0.4564285714285714,10.2155,14.0302
2014-07-01,28.95,23.268333333333334,29.57166666666667,6.9366666666666665,33.141666666666666,26.206666666666667,17.945,72.78,100.105,5.1066666666666665,6.238333333333333,3.973333333333333,0.4183333333333333,0.44,0.44,11.75,21.0032
2014-07-11,28.595999999999997,22.446,29.238,7.149000000000001,32.902,25.755000000000003,17.054,70.894,100.176,6.303,7.453999999999999,5.128,0.403,0.429,0.433,16.0431,36.7463
2014-07-21,29.167333333333332,22.398666666666667,29.956666666666667,8.155333333333333,34.086,25.92866666666667,17.016000000000002,68.96266666666666,100.242,5.928666666666667,6.998,4.866666666666666,0.372,0.412,0.414,17.5862,52.298
2014-08-01,28.855,22.326666666666668,29.683333333333334,7.845,33.62833333333333,25.783333333333335,16.95,69.69666666666667,100.18666666666667,5.9750000000000005,7.051666666666667,4.821666666666666,0.36833333333333335,0.41,0.41,35.6724,53.6175
2014-08-11,27.962,22.186,28.682,7.203,32.257,25.056,16.767,72.426,100.328,4.577,5.931,3.246,0.44299999999999995,0.434,0.42800000000000005,81.7586,60.8282
2014-08-21,28.151999999999997,22.31066666666667,28.922,8.374,33.00266666666666,24.627333333333336,16.914666666666665,72.66666666666667,100.23266666666667,3.508,4.910666666666667,2.03,0.44599999999999995,0.4633333333333333,0.458,103.7586,70.2537
2014-09-01,28.016666666666666,22.481666666666666,28.646666666666665,6.755,32.01,25.25333333333333,17.09,73.405,100.32666666666667,4.2283333333333335,5.728333333333333,2.665,0.4266666666666667,0.45,0.45,89.4569,93.3828
2014-09-11,28.78,22.187,29.683,9.008,34.108,25.1,16.779,69.95599999999999,100.319,4.8469999999999995,6.21,3.518,0.421,0.445,0.449,60.3103,99.7816
2014-09-21,28.884999999999998,22.84142857142857,29.895714285714288,8.289285714285715,33.714999999999996,25.427857142857142,17.486428571428572,72.14285714285714,100.28714285714285,2.6585714285714284,3.8992857142857145,1.4535714285714287,0.4635714285714286,0.455,0.4492857142857143,144.6724,127.15
2014-10-01,27.353333333333335,23.43166666666667,27.97666666666667,6.023333333333333,30.798333333333332,24.776666666666667,18.05666666666667,80.27166666666666,100.46833333333332,2.1466666666666665,3.1283333333333334,1.195,0.56,0.5333333333333333,0.52,243.9224,147.3385
2014-10-11,27.617,23.683,28.22,7.018000000000001,31.676,24.657,18.355,80.513,100.286,3.143,4.587,1.748,0.5389999999999999,0.523,0.521,315.9828,205.3934
2014-10-21,26.471999999999998,23.484666666666666,26.944666666666667,4.752666666666666,29.214666666666666,24.459999999999997,18.1,84.10933333333332,100.482,1.556,2.444,0.7753333333333334,0.7006666666666667,0.6206666666666667,0.6066666666666667,293.612,260.2779
2014-11-01,25.465,23.17833333333333,25.88,5.071666666666666,28.325,23.251666666666665,17.761666666666667,87.72833333333334,100.46833333333332,3.4883333333333333,4.635,2.3516666666666666,0.7416666666666667,0.6916666666666668,0.6766666666666667,233.1466,306.6902
2014-11-11,26.345,23.073,26.559000000000005,6.1259999999999994,29.677,23.553,17.706,83.125,100.467,2.127,3.218,1.09,0.7,0.658,0.658,286.2414,324.5644
2014-11-21,25.627857142857145,23.937857142857144,25.679285714285715,3.142857142857143,27.41857142857143,24.275714285714287,18.624285714285715,90.46857142857142,100.38428571428572,2.692857142857143,3.8685714285714283,1.602857142857143,0.8714285714285713,0.8392857142857143,0.8178571428571428,419.0345,337.5647
2014-12-01,25.566666666666666,23.71666666666667,25.535,3.3833333333333333,27.503333333333334,24.115,18.353333333333335,89.61500000000001,100.50166666666667,2.4683333333333333,3.6833333333333336,1.555,0.9083333333333333,0.935,0.9283333333333333,606.862,341.21
2014-12-11,25.599,23.893,25.738,3.8259999999999996,27.854000000000003,24.026,18.543,90.426,100.566,2.129,3.105,1.222,0.921,0.96,0.951,700.3794,356.7336
2014-12-21,25.269333333333336,24.036,25.233999999999998,2.969333333333333,27.003333333333334,24.034,18.72533333333333,92.89266666666666,100.41133333333333,3.4313333333333333,4.715999999999999,2.317333333333333,0.9753333333333333,0.9933333333333334,0.9826666666666667,988.6724,339.5899
2015-01-01,25.613333333333333,23.319999999999997,25.77333333333333,5.295000000000001,28.68166666666667,23.385,17.893333333333334,87.45833333333333,100.58666666666666,1.8733333333333333,2.973333333333333,0.9916666666666666,0.9283333333333333,0.9700000000000001,0.96,752.9569,301.2839
2015-01-11,24.207,20.985,24.261,5.5920000000000005,27.441000000000003,21.85,15.508000000000001,82.643,100.697,2.432,3.652,1.5230000000000001,0.8720000000000001,0.906,0.9029999999999999,514.4483,237.2716
2015-01-21,24.843999999999998,22.149333333333335,25.026,5.0280000000000005,27.791999999999998,22.763333333333332,16.643333333333334,85.33733333333333,100.76066666666667,2.788,3.9106666666666667,1.9033333333333333,0.8133333333333332,0.8106666666666666,0.8119999999999999,10.5517,180.1767
2015-02-01,25.358333333333334,23.051666666666666,25.355,4.128333333333333,27.91,23.781666666666666,17.566666666666666,87.28333333333335,100.795,3.5083333333333333,4.76,2.3649999999999998,0.8233333333333333,0.7933333333333333,0.785,66.681,143.8716
2015-02-11,25.188,22.497999999999998,25.3,4.953,28.086000000000002,23.127000000000002,17.041,85.431,100.639,2.7350000000000003,3.9299999999999997,1.798,0.828,0.819,0.8160000000000001,74.9397,107.4868
2015-02-21,25.435833333333335,22.0925,25.615,5.6025,28.699166666666667,23.098333333333333,16.6875,82.33999999999999,100.5675,2.5233333333333334,3.6725,1.6116666666666666,0.7916666666666666,0.775,0.7725,95.9828,77.2302
2015-03-01,26.396666666666665,23.385,26.849999999999998,6.248333333333334,29.933333333333334,23.683333333333334,17.963333333333335,84.09333333333333,100.59166666666665,2.1966666666666668,3.0866666666666664,1.4466666666666665,0.7666666666666666,0.7466666666666667,0.745,43.5948,64.8802
2015-03-11,26.285000000000004,23.025,26.621,5.497,29.490999999999996,23.993000000000002,17.572,82.74300000000001,100.732,2.531,3.6420000000000003,1.668,0.731,0.696,0.698,59.181,65.8649
2015-03-21,26.448666666666668,22.851999999999997,26.81,6.587999999999999,30.176,23.588,17.439333333333334,81.42066666666666,100.57866666666668,2.0146666666666664,2.8506666666666667,1.3193333333333332,0.6739999999999999,0.6346666666666666,0.6366666666666667,57.4397,71.8262
2015-04-01,27.53333333333333,24.471666666666668,27.90833333333333,5.91,30.799999999999997,24.891666666666666,19.245,84.06333333333333,100.27,1.7633333333333334,2.4983333333333335,1.0733333333333335,0.7066666666666667,0.6433333333333334,0.6383333333333333,90.6983,78.3716
2015-04-11,27.236,23.847,27.705000000000002,5.642,30.413999999999998,24.77,18.506,82.376,100.525,1.659,2.3760000000000003,0.985,0.711,0.651,0.645,107.1896,91.55
2015-04-21,27.454285714285714,24.329285714285714,27.794285714285714,5.314285714285715,30.335714285714285,25.020714285714288,19.056428571428572,83.62071428571429,100.42999999999999,1.6307142857142856,2.3892857142857147,0.9457142857142856,0.7257142857142858,0.6714285714285715,0.6657142857142857,106.3707,104.1287
2015-05-01,27.995,24.43166666666667,28.233333333333334,5.441666666666666,30.89833333333333,25.451666666666668,19.175,81.53166666666667,100.36166666666666,1.1333333333333333,1.7933333333333332,0.49333333333333335,0.7266666666666666,0.6783333333333333,0.6750000000000002,155.8793,133.4764
2015-05-11,27.659,24.732,27.964,4.957,30.335,25.378,19.579,84.59400000000001,100.232,1.5470000000000002,2.4859999999999998,0.6220000000000001,0.8109999999999999,0.76,0.743,266.1034,159.3523
2015-05-21,27.619333333333334,24.982000000000003,27.724666666666668,5.883333333333334,31.113333333333333,25.22733333333333,19.85666666666667,86.10866666666668,100.29400000000001,3.5326666666666666,4.991333333333333,2.348,0.7873333333333333,0.7726666666666666,0.7733333333333333,253.2845,161.1474
2015-06-01,27.343333333333334,24.895,27.608333333333334,4.843333333333333,30.099999999999998,25.256666666666664,19.786666666666665,86.98833333333334,100.16000000000001,2.5516666666666667,3.938333333333333,1.235,0.7583333333333333,0.7266666666666666,0.7266666666666666,174.3362,108.7931
2015-06-11,27.432,24.663,27.693,6.054,30.932,24.875999999999998,19.508000000000003,85.576,100.204,3.661,4.963,2.5309999999999997,0.723,0.694,0.698,24.1724,49.7503
2015-06-21,27.47,24.19214285714286,27.624285714285715,6.229285714285714,31.11785714285714,24.88714285714286,18.948571428571427,83.16571428571429,100.2807142857143,4.371428571428572,5.736428571428571,3.187857142857143,0.6578571428571429,0.6285714285714287,0.635,16.3362,14.0302
2015-07-01,27.939999999999998,24.275000000000002,28.195000000000004,6.678333333333334,31.941666666666666,25.263333333333332,19.001666666666665,81.52,100.38833333333334,4.426666666666667,5.795000000000001,3.2383333333333333,0.585,0.57,0.5783333333333333,7.1379,21.0032
2015-07-11,28.284000000000002,23.425,28.736,7.136,32.572,25.436,18.107999999999997,76.33099999999999,100.118,5.423,6.912000000000001,4.082,0.512,0.528,0.536,9.8103,36.7463
2015-07-21,28.34466666666667,22.495333333333335,28.964,7.944,32.97333333333333,25.028666666666666,17.09,72.47466666666666,100.30933333333334,4.399333333333333,5.768,3.2186666666666666,0.452,0.4826666666666667,0.49,17.7241,52.298
2015-08-01,28.863333333333333,22.150000000000002,29.61,8.993333333333334,34.15833333333333,25.168333333333333,16.724999999999998,69.21833333333333,100.36666666666667,5.0616666666666665,6.498333333333334,3.7449999999999997,0.42,0.4583333333333333,0.4666666666666666,23.6552,53.6175
2015-08-11,29.085,22.972,29.77,7.802,33.67,25.863999999999997,17.625,71.461,100.162,4.6850000000000005,6.189,3.3339999999999996,0.43899999999999995,0.453,0.454,49.7586,60.8282
2015-08-21,28.637999999999998,22.976,29.37066666666667,8.515333333333334,33.556,25.043333333333333,17.586666666666666,73.42933333333333,100.33733333333333,3.658,5.053333333333333,2.4339999999999997,0.4553333333333333,0.4793333333333333,0.478,47.0431,70.2537
2015-09-01,28.631666666666664,23.566666666666666,29.474999999999998,8.273333333333333,33.46,25.185,18.23,76.06166666666667,100.42999999999999,1.955,3.1216666666666666,1.0733333333333333,0.5316666666666666,0.48666666666666664,0.4816666666666667,120.7328,93.3828
2015-09-11,27.571999999999996,23.049,28.078000000000003,7.859999999999999,32.158,24.294999999999998,17.652,77.96900000000001,100.451,3.9659999999999997,5.63,2.6049999999999995,0.522,0.525,0.52,108.9483,99.7816
2015-09-21,27.797857142857143,23.285,28.395000000000003,6.700714285714286,31.70357142857143,25.004285714285714,17.930714285714284,77.86071428571428,100.26142857142858,2.765,4.017857142857143,1.5335714285714286,0.525,0.5085714285714286,0.5064285714285715,226.5603,127.15
2015-10-01,27.416666666666668,23.918333333333333,27.745,6.416666666666667,31.095,24.676666666666666,18.576666666666668,82.21833333333333,100.53333333333335,2.638333333333333,3.938333333333333,1.5499999999999998,0.59,0.5583333333333333,0.5516666666666667,171.0431,147.3385
2015-10-11,27.552,23.718,28.031,6.633,31.404000000000003,24.772,18.354,80.711,100.536,2.256,3.561,1.238,0.587,0.553,0.548,210.9741,205.3934
2015-10-21,26.61733333333333,24.17,26.971333333333334,4.245333333333333,29.042666666666666,24.79733333333333,18.890666666666668,86.788,100.46,2.3459999999999996,3.75,1.2613333333333334,0.7746666666666666,0.6986666666666667,0.6753333333333332,384.638,260.2779
2015-11-01,26.185000000000002,23.64,26.49333333333333,4.22,28.631666666666664,24.41,18.25,86.18833333333333,100.555,1.6666666666666667,2.4683333333333333,0.8633333333333333,0.8783333333333333,0.8733333333333334,0.8616666666666667,530.1638,306.6902
2015-11-11,26.077999999999996,24.033,26.317,4.063,28.4,24.335,18.743000000000002,88.744,100.339,2.305,3.4910000000000005,1.208,0.9099999999999999,0.925,0.9179999999999999,629.3706,324.5644
2015-11-21,26.315,24.330000000000002,26.50214285714286,3.817857142857143,28.50214285714286,24.685714285714287,19.074285714285715,89.01285714285714,100.42142857142858,2.0507142857142857,3.136428571428571,1.1078571428571429,0.9421428571428571,0.9771428571428571,0.9657142857142856,457.3276,337.5647
2015-12-01,26.065,24.738333333333333,26.136666666666667,3.046666666666667,27.84,24.791666666666668,19.540000000000003,92.35333333333334,100.39833333333333,2.545,3.626666666666667,1.4216666666666666,0.9499999999999998,0.98,0.9716666666666667,515.4828,341.21
2015-12-11,26.116000000000003,24.544999999999998,26.224,3.439,28.176,24.737000000000002,19.289,91.149,100.54299999999999,2.3289999999999997,3.2880000000000003,1.3820000000000001,0.9490000000000001,0.9800000000000001,0.978,441.4482,356.7336
2015-12-21,25.956666666666667,23.38533333333333,25.808,4.201333333333333,28.358666666666668,24.158,17.978,86.00333333333333,100.75733333333334,3.251333333333333,4.537999999999999,2.183333333333333,0.9173333333333333,0.9573333333333333,0.9466666666666667,410.4828,339.5899
2016-01-01,25.955000000000002,23.866666666666664,25.916666666666668,4.013333333333334,28.376666666666665,24.363333333333333,18.471666666666668,88.375,100.81333333333333,3.546666666666667,4.8999999999999995,2.481666666666667,0.9133333333333334,0.9499999999999998,0.94,186.0172,301.2839
2016-01-11,25.086000000000002,22.372,25.106,4.3229999999999995,27.657,23.335,16.883,85.119,100.69500000000001,2.732,4.079,1.741,0.8939999999999999,0.933,0.925,109.0948,237.2716
2016-01-21,25.383333333333333,22.228,25.374000000000002,5.239999999999999,28.394000000000002,23.154,16.764666666666667,83.05333333333333,100.662,2.5286666666666666,3.7426666666666666,1.6966666666666665,0.8406666666666667,0.8506666666666667,0.8526666666666666,41.8793,180.1767
2016-02-01,25.17833333333333,21.471666666666668,25.136666666666667,5.336666666666666,28.314999999999998,22.981666666666666,15.99,80.375,100.67333333333333,2.9133333333333336,4.253333333333333,1.9433333333333334,0.7916666666666666,0.785,0.785,49.75,143.8716
2016-02-11,25.963,22.752000000000002,26.161,5.771,29.254,23.483,17.324,82.987,100.611,2.366,3.5410000000000004,1.363,0.748,0.724,0.729,52.0345,107.4868
2016-02-21,26.632307692307695,23.782307692307693,26.803076923076922,5.296923076923077,29.64692307692308,24.349230769230772,18.41,84.81230769230768,100.74384615384616,2.894615384615385,4.232307692307692,1.81,0.7100000000000001,0.6730769230769231,0.6776923076923077,32.7241,77.2302
2016-03-01,26.709999999999997,23.486666666666665,27.175,5.301666666666667,29.855,24.554999999999996,18.05666666666667,83.03,100.66333333333334,2.8366666666666664,4.1433333333333335,1.79,0.635,0.6116666666666667,0.6183333333333333,27.319,64.8802
2016-03-11,27.199,23.319,27.788,7.43,31.411,23.981,17.921,80.611,100.563,1.9969999999999999,2.819,1.2269999999999999,0.579,0.563,0.5730000000000001,19.0862,65.8649
2016-03-21,27.904,21.982000000000003,28.826666666666664,9.287333333333333,33.228,23.94,16.627333333333333,72.93266666666666,100.58866666666667,2.2093333333333334,3.501333333333333,1.1666666666666667,0.5,0.504,0.512,50.8362,71.8262
2016-04-01,28.991666666666664,23.24,30.16,9.191666666666666,34.285,25.095,17.893333333333334,73.57166666666667,100.46833333333332,2.0016666666666665,3.225,1.0266666666666666,0.48833333333333334,0.5066666666666667,0.51,53.5517,78.3716
2016-04-11,29.854000000000003,24.487000000000002,31.02,8.559000000000001,34.731,26.171,19.299,75.032,100.374,1.939,3.04,0.932,0.491,0.49800000000000005,0.502,68.6466,91.55
2016-04-21,30.139285714285712,24.412142857142857,31.201428571428572,8.111428571428572,34.63285714285714,26.518571428571427,19.22714285714286,73.36642857142859,100.28642857142857,1.7671428571428573,2.735,0.8635714285714285,0.46714285714285714,0.48142857142857143,0.48214285714285715,46.8276,104.1287
2016-05-01,30.638333333333332,24.143333333333334,31.899999999999995,8.701666666666666,35.54833333333333,26.849999999999998,18.94333333333333,70.58333333333333,100.29,1.6583333333333334,2.75,0.59,0.4583333333333333,0.4749999999999999,0.47833333333333333,223.5259,133.4764
2016-05-11,28.637,23.891,29.526,6.101,32.144,26.043,18.659,76.91900000000001,100.15299999999999,2.495,4.287999999999999,1.117,0.592,0.5349999999999999,0.513,792.4655,159.3523
2016-05-21,27.87933333333333,25.207333333333334,28.062,5.486,31.124000000000002,25.636000000000003,20.154,85.90466666666666,100.15466666666666,4.553333333333333,6.263333333333334,3.1346666666666665,0.7093333333333334,0.6773333333333333,0.6713333333333333,792.7414,161.1474
2016-06-01,27.823333333333334,24.626666666666665,28.173333333333332,6.373333333333334,31.651666666666667,25.275000000000002,19.441666666666666,83.60333333333334,100.21666666666665,4.208333333333333,5.988333333333333,2.8783333333333334,0.6316666666666667,0.6033333333333334,0.6083333333333333,607.0172,108.7931
2016-06-11,27.797000000000004,24.297,28.161,6.208,31.594,25.384,19.049,82.19300000000001,100.292,4.731,6.379,3.257,0.584,0.5690000000000001,0.573,22.569,49.7503
2016-06-21,27.787142857142857,23.207857142857144,28.407857142857143,6.297857142857143,31.55857142857143,25.260714285714283,17.870714285714286,77.30428571428571,100.105,5.302142857142857,6.522142857142858,3.975,0.49571428571428566,0.5164285714285715,0.5228571428571429,13.6121,14.0302
2016-07-01,29.106666666666666,23.106666666666666,29.798333333333332,7.941666666666666,33.833333333333336,25.891666666666666,17.773333333333333,71.855,100.175,4.94,6.386666666666667,3.436666666666667,0.4466666666666667,0.48333333333333334,0.48666666666666664,21.8276,21.0032
2016-07-11,28.5,22.449,29.18,7.515000000000001,32.982,25.468,17.072,71.35,100.189,5.276,6.873,3.9410000000000003,0.43,0.466,0.471,42.2241,36.7463
2016-07-21,28.03533333333333,22.55,28.798000000000002,7.4126666666666665,32.36533333333333,24.95,17.150666666666666,73.77,100.20066666666666,4.020666666666667,5.359333333333334,2.7906666666666666,0.432,0.4533333333333333,0.454,77.2328,52.298
2016-08-01,28.55,22.373333333333335,29.313333333333333,7.991666666666667,33.276666666666664,25.285,17.0,71.22833333333334,100.14833333333333,5.718333333333334,7.195,4.375,0.40833333333333327,0.4483333333333333,0.45,71.2069,53.6175
2016-08-11,29.488,22.399,30.529000000000003,9.26,34.977,25.719,16.988,67.749,100.252,5.149,6.343999999999999,3.971,0.387,0.42800000000000005,0.43499999999999994,53.2241,60.8282
2016-08-21,29.17,22.123333333333335,30.194666666666667,8.526,34.22,25.694666666666667,16.736,67.65866666666666,100.11266666666667,5.171333333333333,6.245333333333334,4.187333333333333,0.3733333333333333,0.4106666666666666,0.4126666666666666,31.9138,70.2537
2016-09-01,29.153333333333332,21.223333333333333,30.294999999999998,8.924999999999999,34.57833333333333,25.651666666666667,15.788333333333334,64.415,100.395,5.478333333333333,6.415,4.5200000000000005,0.31666666666666665,0.405,0.41,33.4655,93.3828
2016-09-11,29.601,21.105,30.880000000000003,10.273,35.554,25.281,15.759,63.105999999999995,100.216,5.118,6.226,4.204,0.24700000000000003,0.4,0.404,45.0172,99.7816
2016-09-21,29.69142857142857,21.605,30.886428571428574,9.689285714285715,35.42928571428571,25.73857142857143,16.21357142857143,64.17428571428572,100.1557142857143,5.3028571428571425,6.481428571428571,4.345714285714286,0.22214285714285714,0.4,0.4,23.6638,127.15
2016-10-01,30.081666666666667,20.936666666666667,31.455000000000002,10.843333333333334,36.151666666666664,25.30666666666667,15.563333333333333,60.916666666666664,100.235,3.876666666666667,5.498333333333334,2.393333333333333,0.19999999999999998,0.3983333333333334,0.4000000000000001,25.5259,147.3385
2016-10-11,29.839999999999996,20.637999999999998,31.238999999999997,11.251999999999999,36.357,25.104999999999997,15.325999999999999,61.395,100.301,3.7030000000000003,4.942,2.569,0.26,0.40099999999999997,0.404,55.6379,205.3934
2016-10-21,28.221999999999998,22.151333333333334,29.171333333333333,8.681999999999999,33.25066666666667,24.568666666666665,16.748,71.91799999999999,100.334,2.3493333333333335,3.5953333333333335,1.2726666666666666,0.44866666666666666,0.436,0.4293333333333333,108.3707,260.2779
2016-11-01,26.46666666666667,23.98,26.91333333333333,4.971666666666667,29.415000000000003,24.44333333333333,18.658333333333335,86.74000000000001,100.37833333333333,2.33,3.2533333333333334,1.4633333333333332,0.67,0.5783333333333333,0.545,168.4224,306.6902
2016-11-11,26.575,23.048,27.250999999999998,5.638,29.974,24.334,17.609,81.663,100.563,1.9929999999999999,3.122,1.1480000000000001,0.591,0.554,0.551,274.8966,324.5644
2016-11-21,25.892142857142858,23.282857142857143,25.989285714285717,4.049285714285714,28.329285714285714,24.280714285714286,17.922142857142855,85.84357142857142,100.43071428571429,2.69,3.8871428571428575,1.68,0.7385714285714285,0.6749999999999999,0.66,281.862,337.5647
2016-12-01,25.666666666666668,22.375,25.798333333333332,5.701666666666667,28.973333333333333,23.27,16.92833333333333,82.675,100.58666666666666,2.3683333333333336,3.7016666666666667,1.0783333333333334,0.6749999999999999,0.6416666666666667,0.6483333333333333,234.9483,341.21
2016-12-11,25.653000000000002,22.785,25.948,6.355,29.282,22.924,17.365000000000002,84.85799999999999,100.409,2.564,3.8549999999999995,1.465,0.632,0.6,0.605,109.6638,356.7336
2016-12-21,25.332,22.219333333333335,25.521333333333335,5.228666666666667,28.376666666666665,23.148666666666667,16.822,83.41799999999999,100.57066666666667,2.9466666666666668,4.334666666666666,1.7213333333333334,0.6293333333333333,0.5813333333333333,0.5820000000000001,94.4138,339.5899
2017-01-01,25.105,21.143333333333334,25.38,6.155,28.64833333333333,22.491666666666664,15.718333333333334,79.55333333333333,100.59166666666665,3.0733333333333337,4.4816666666666665,1.9866666666666666,0.5750000000000001,0.56,0.5633333333333334,76.3966,301.2839
2017-01-11,24.683,18.476,25.139000000000003,7.892,29.275,21.381,13.296000000000001,69.95599999999999,100.553,2.676,4.12,1.576,0.493,0.516,0.526,56.3793,237.2716
2017-01-21,25.598666666666666,22.268666666666665,26.011333333333333,5.440666666666667,28.812666666666665,23.372,16.866666666666667,82.758,100.67066666666666,3.3920000000000003,4.801333333333333,2.1626666666666665,0.5486666666666667,0.522,0.5173333333333333,198.8103,180.1767
2017-02-01,25.06833333333333,18.456666666666667,25.413333333333338,7.919999999999999,29.673333333333332,21.756666666666664,13.245,68.24833333333333,100.75,2.5733333333333337,3.8783333333333334,1.5433333333333332,0.515,0.53,0.535,198.0517,143.8716
2017-02-11,25.841,19.740000000000002,26.477999999999998,7.644,30.384000000000004,22.738999999999997,14.457999999999998,70.763,100.738,3.0509999999999997,4.674,1.845,0.504,0.505,0.51,212.9569,107.4868
2017-02-21,26.515833333333333,21.885,27.189999999999998,6.663333333333333,30.4375,23.775833333333335,16.449166666666667,77.20333333333333,100.60583333333334,2.6475,3.9775000000000005,1.5558333333333334,0.5025000000000001,0.505,0.5075,59.5603,77.2302
2017-03-01,26.52,23.626666666666665,26.853333333333335,5.458333333333333,29.668333333333333,24.21166666666667,18.28,84.95833333333333,100.34166666666665,2.0866666666666664,3.345,0.9316666666666666,0.63,0.5633333333333334,0.55,145.8448,64.8802
2017-03-11,26.881,24.133000000000003,27.302,5.48,30.118000000000002,24.641,18.846,85.606,100.41499999999999,1.8960000000000001,2.843,1.052,0.712,0.638,0.619,184.2931,65.8649
2017-03-21,26.488666666666667,22.191333333333333,26.951999999999998,7.418666666666667,30.640666666666668,23.224,16.775333333333332,78.32133333333333,100.588,1.87,2.8366666666666664,1.074,0.6433333333333333,0.6093333333333334,0.614,151.8621,71.8262
2017-04-01,28.03,23.790000000000003,28.723333333333333,7.345,32.083333333333336,24.736666666666665,18.463333333333335,79.13333333333334,100.47333333333334,1.4066666666666665,2.2183333333333333,0.48333333333333334,0.5916666666666667,0.56,0.5683333333333334,72.0862,78.3716
2017-04-11,28.189999999999998,23.524,28.769,8.261,32.694,24.437,18.22,77.667,100.265,1.7510000000000001,2.6399999999999997,0.8019999999999999,0.5700000000000001,0.546,0.546,34.1466,91.55
2017-04-21,29.925,23.23785714285714,30.78357142857143,10.035,35.49071428571428,25.454285714285714,17.914285714285715,70.14785714285713,100.31428571428572,2.2192857142857143,3.7971428571428567,0.9214285714285715,0.4628571428571429,0.49714285714285716,0.5071428571428571,32.5517,104.1287
2017-05-01,29.41,23.316666666666666,30.651666666666667,8.513333333333334,34.11333333333334,25.60166666666667,17.955,72.09333333333333,100.48333333333333,2.1966666666666668,3.4633333333333334,1.1566666666666665,0.47000000000000003,0.4766666666666666,0.48,78.6293,133.4764
2017-05-11,29.123,24.141,29.756999999999998,7.471000000000001,33.315,25.844,18.903,76.038,100.296,2.241,3.476,1.092,0.513,0.506,0.497,105.3707,159.3523
2017-05-21,28.980666666666668,23.791999999999998,29.544,7.472666666666667,33.436,25.962666666666667,18.555333333333333,75.30933333333333,100.07933333333334,4.652666666666666,6.036666666666666,3.19,0.48533333333333334,0.49599999999999994,0.49466666666666664,240.069,161.1474
2017-06-01,28.570000000000004,23.46166666666667,29.228333333333335,6.655,32.46,25.80333333333333,18.148333333333333,75.08333333333333,100.19833333333334,5.3133333333333335,6.728333333333333,3.861666666666667,0.45,0.48,0.48333333333333334,194.4914,108.7931
2017-06-11,29.189,23.186,29.96,8.215,33.957,25.738999999999997,17.84,71.931,100.20700000000001,4.453,5.703,3.247,0.42400000000000004,0.46299999999999997,0.46799999999999997,148.9655,49.7503
2017-06-21,29.03,22.49142857142857,29.68357142857143,7.961428571428571,33.69714285714286,25.735714285714288,17.12857142857143,69.75857142857143,100.19785714285715,4.874285714285714,6.3792857142857144,3.366428571428571,0.4135714285714286,0.44357142857142856,0.44642857142857145,19.1293,14.0302
2017-07-01,29.043333333333333,22.498333333333335,29.738333333333333,7.708333333333333,33.501666666666665,25.790000000000003,17.12,69.615,100.20166666666667,4.2283333333333335,5.555,3.09,0.4033333333333333,0.43166666666666664,0.435,31.3966,21.0032
2017-07-11,28.755000000000003,22.366,29.506,8.465,33.678,25.215,16.974,70.462,100.23100000000001,4.606,6.008,3.1719999999999997,0.404,0.422,0.426,38.8362,36.7463
2017-07-21,29.792666666666666,22.486666666666668,30.596666666666668,8.51,34.70933333333333,26.198,17.115333333333336,66.85,100.16799999999999,4.549333333333333,5.899333333333333,3.310666666666667,0.36533333333333334,0.41,0.41133333333333333,58.5776,52.298
2017-08-01,29.820000000000004,22.676666666666666,30.728333333333335,8.233333333333333,34.74,26.51,17.323333333333334,67.25166666666667,100.10000000000001,5.638333333333333,6.69,4.546666666666667,0.35666666666666663,0.41,0.41,79.0862,53.6175
2017-08-11,28.52,22.743000000000002,29.331,8.447,33.391,24.943,17.381,73.101,100.235,3.239,4.468999999999999,2.218,0.46299999999999997,0.44299999999999995,0.43499999999999994,117.7069,60.8282
2017-08-21,28.858666666666668,22.60666666666667,29.568666666666665,8.243333333333334,33.708666666666666,25.464000000000002,17.261333333333333,70.79133333333333,100.03999999999999,4.8066666666666675,6.211333333333333,3.5506666666666664,0.42,0.44666666666666666,0.4486666666666667,130.0345,70.2537
2017-09-01,28.30333333333333,23.581666666666667,29.078333333333333,7.371666666666667,32.64333333333334,25.275000000000002,18.281666666666666,77.14333333333333,100.21833333333332,2.2550000000000003,3.5833333333333335,1.0883333333333332,0.51,0.48,0.47,184.2328,93.3828
2017-09-11,27.839999999999996,23.229,28.451,7.276999999999999,32.061,24.786,17.869,77.524,100.24199999999999,2.684,4.118,1.405,0.48,0.485,0.483,173.5517,99.7816
2017-09-21,28.67142857142857,22.472857142857144,29.5,9.200000000000001,33.97857142857143,24.782857142857143,17.068571428571428,71.40214285714286,100.29714285714286,4.3549999999999995,6.027142857142857,2.81,0.43142857142857144,0.4657142857142857,0.47000000000000003,151.5517,127.15
2017-10-01,29.075,23.01,30.005,8.591666666666667,33.88333333333333,25.293333333333333,17.66,71.83333333333333,100.16166666666668,3.2099999999999995,4.693333333333333,2.1933333333333334,0.415,0.45,0.45,93.4828,147.3385
2017-10-11,28.294,22.919999999999998,28.919999999999998,8.029,33.028999999999996,25.002000000000002,17.591,74.776,100.11800000000001,3.4769999999999994,5.051,2.174,0.461,0.46299999999999997,0.45899999999999996,129.8362,205.3934
2017-10-21,27.754,23.428,28.35,6.732666666666666,31.64466666666667,24.912,18.083333333333332,78.91466666666666,100.38533333333334,2.527333333333333,3.744666666666667,1.364,0.5453333333333333,0.5153333333333333,0.5046666666666666,241.7414,260.2779
2017-11-01,26.00333333333333,24.213333333333335,26.3,3.3883333333333336,27.983333333333334,24.593333333333334,18.983333333333334,90.00999999999999,100.22666666666667,3.375,4.736666666666667,1.92,0.7716666666666666,0.68,0.6533333333333333,350.6724,306.6902
2017-11-11,26.103,23.546,26.345999999999997,5.771,29.302,23.528,18.226,86.417,100.20599999999999,2.619,3.9210000000000003,1.386,0.72,0.6859999999999999,0.6859999999999999,295.4397,324.5644
2017-11-21,26.25357142857143,23.97357142857143,26.382857142857144,3.932142857142857,28.567857142857143,24.634285714285713,18.672857142857143,87.59,100.34642857142856,2.8707142857142856,4.336428571428572,1.5678571428571428,0.7535714285714287,0.6992857142857144,0.6892857142857143,326.4655,337.5647
2017-12-01,25.896666666666665,23.67,25.951666666666668,4.31,28.418333333333333,24.108333333333334,18.31833333333333,87.86500000000001,100.395,2.061666666666667,3.3266666666666667,1.0933333333333335,0.8233333333333333,0.8066666666666666,0.8000000000000002,229.4914,341.21
2017-12-11,25.901,22.804,26.064999999999998,5.766,29.195,23.43,17.371000000000002,83.75,100.578,1.9170000000000003,2.896,1.131,0.799,0.781,0.78,274.4483,356.7336
2017-12-21,25.207333333333334,22.300666666666665,25.168,4.895333333333334,28.016000000000002,23.118,16.846666666666668,84.33466666666666,100.6,3.0166666666666666,4.419333333333333,1.9400000000000002,0.7993333333333333,0.7806666666666667,0.7786666666666666,128.3362,339.5899
2018-01-01,24.583333333333332,20.96,24.58,6.418333333333333,28.25,21.831666666666667,15.555000000000001,81.00166666666667,100.44166666666666,2.11,3.33,1.1366666666666667,0.7433333333333333,0.7216666666666667,0.7266666666666666,81.5776,301.2839
2018-01-11,24.744,22.103,24.863,5.2170000000000005,27.722,22.505000000000003,16.661,85.67,100.60999999999999,2.511,3.7619999999999996,1.508,0.733,0.694,0.695,32.2069,237.2716
2018-01-21,24.642,21.369333333333334,24.822,5.621333333333334,27.971999999999998,22.351999999999997,15.924666666666667,82.634,100.47599999999998,2.722,4.068,1.738,0.664,0.634,0.6386666666666667,36.7328,180.1767
2018-02-01,24.888333333333335,21.791666666666668,25.21166666666667,5.516666666666667,28.021666666666665,22.508333333333336,16.336666666666666,83.47,100.62833333333333,2.725,3.981666666666667,1.6766666666666667,0.6133333333333333,0.5866666666666666,0.595,42.181,143.8716
2018-02-11,25.958,22.483,26.444,6.059,29.476,23.416999999999998,17.006,82.05699999999999,100.747,2.788,4.112,1.4620000000000002,0.5599999999999999,0.55,0.5589999999999999,31.6293,107.4868
2018-02-21,25.867500000000003,21.372500000000002,26.415833333333335,6.849166666666666,29.8575,23.007499999999997,16.001666666666665,77.51666666666667,100.4775,2.9691666666666667,4.328333333333333,1.8291666666666666,0.5683333333333334,0.5383333333333333,0.5358333333333333,72.319,77.2302
2018-03-01,26.041666666666668,22.238333333333333,26.573333333333334,6.665,30.013333333333332,23.346666666666664,16.794999999999998,80.50333333333333,100.41833333333334,2.3816666666666664,3.7133333333333334,1.4166666666666667,0.6233333333333334,0.6016666666666667,0.6,88.5172,64.8802
2018-03-11,26.682,23.596,27.124000000000002,5.633,29.962,24.327,18.225,83.874,100.468,2.788,4.128,1.709,0.6439999999999999,0.5900000000000001,0.588,136.4914,65.8649
2018-03-21,27.308,22.732000000000003,27.874000000000002,7.652,31.573333333333334,23.922,17.345333333333333,77.59933333333333,100.46066666666667,1.8826666666666665,2.864,1.0273333333333334,0.5660000000000001,0.5526666666666668,0.56,94.3362,71.8262
2018-04-01,28.040000000000003,23.320000000000004,28.958333333333332,7.668333333333333,32.48,24.811666666666667,17.974999999999998,77.20666666666666,100.27999999999999,1.8333333333333333,3.0083333333333333,0.945,0.5216666666666666,0.5233333333333333,0.525,109.1983,78.3716
2018-04-11,27.462,24.139,28.131999999999998,5.818,30.812,24.996000000000002,18.872999999999998,82.918,100.346,2.228,3.4200000000000004,1.239,0.5980000000000001,0.546,0.539,86.5862,91.55
2018-04-21,28.627142857142854,24.085714285714285,29.544285714285714,8.2,33.154999999999994,24.955714285714286,18.851428571428574,78.37428571428572,100.30499999999999,1.8900000000000001,2.7807142857142857,1.02,0.5528571428571428,0.5371428571428571,0.5371428571428571,86.431,104.1287
2018-05-01,28.60166666666667,24.745,29.143333333333334,6.68,32.31333333333333,25.631666666666664,19.583333333333332,81.01166666666667,100.335,1.5383333333333333,2.285,0.59,0.6433333333333334,0.5650000000000001,0.5516666666666666,167.3707,133.4764
2018-05-11,27.873,24.586000000000002,28.219,5.234,30.686,25.455000000000002,19.384999999999998,82.94500000000001,100.299,1.2650000000000001,2.0309999999999997,0.533,0.709,0.642,0.632,341.6983,159.3523
2018-05-21,27.375333333333334,24.696,27.724,5.647333333333333,30.626666666666665,24.97733333333333,19.566666666666666,85.9,100.036,2.905333333333333,4.3533333333333335,1.6086666666666667,0.7486666666666667,0.7013333333333333,0.692,469.6207,161.1474
2018-06-01,27.3,25.176666666666666,27.503333333333334,4.745,30.173333333333332,25.429999999999996,20.131666666666664,88.53166666666668,100.10833333333333,3.728333333333333,5.493333333333333,2.1133333333333333,0.7183333333333333,0.6766666666666667,0.6783333333333333,357.1724,108.7931
2018-06-11,27.403,24.435,27.554000000000002,5.078,30.472,25.396,19.214,84.337,100.228,5.340999999999999,6.982000000000001,3.822,0.673,0.643,0.647,154.5948,49.7503
2018-06-21,27.26214285714286,23.445714285714285,27.645714285714288,6.704285714285715,31.20357142857143,24.49857142857143,18.11857142857143,80.74857142857142,100.18285714285715,4.434285714285714,6.172142857142857,2.8964285714285714,0.5778571428571428,0.5685714285714286,0.5771428571428572,14.75,14.0302
2018-07-01,27.453333333333333,23.546666666666667,27.955,7.561666666666667,31.825,24.265,18.22,80.45833333333333,100.19833333333334,3.438333333333334,4.833333333333333,2.2666666666666666,0.5366666666666667,0.535,0.54,16.6034,21.0032
2018-07-11,27.677999999999997,22.585,28.125999999999998,6.193,31.442,25.25,17.207,74.811,100.13199999999999,6.163,7.711,4.654,0.47800000000000004,0.506,0.512,34.1897,36.7463
2018-07-21,28.388666666666666,22.401333333333334,29.11,7.954,33.10333333333333,25.15266666666667,17.002666666666666,71.646,100.2,5.191999999999999,6.644666666666667,3.8266666666666667,0.43,0.4673333333333333,0.474,34.3707,52.298
2018-08-01,28.375,22.015,29.02,8.058333333333334,33.21333333333333,25.153333333333332,16.59,70.15833333333333,100.32333333333332,5.28,6.841666666666666,3.7883333333333336,0.4116666666666666,0.45,0.45,30.75,53.6175
2018-08-11,27.937,22.003,28.551,6.827,32.171,25.344,16.589,71.57000000000001,100.202,6.6659999999999995,7.9799999999999995,5.535,0.41200000000000003,0.44000000000000006,0.445,47.3276,60.8282
2018-08-21,28.572,21.948666666666668,29.362000000000002,8.746666666666666,33.61533333333333,24.87,16.553333333333335,69.23733333333332,100.14466666666667,4.402,5.782,3.0966666666666667,0.404,0.424,0.42866666666666664,86.3362,70.2537
2018-09-01,28.885,20.973333333333333,29.963333333333335,11.0,35.080000000000005,24.081666666666667,15.585,65.335,100.325,4.06,5.489999999999999,2.705,0.37666666666666665,0.41333333333333333,0.4166666666666667,85.5862,93.3828
2018-09-11,30.017000000000003,20.954,31.65,11.429,36.356,24.931,15.571000000000002,61.269000000000005,100.303,2.629,4.259,1.082,0.316,0.40599999999999997,0.41,75.3879,99.7816
2018-09-21,28.589285714285715,22.44142857142857,29.55785714285714,7.6971428571428575,32.91357142857143,25.219285714285714,17.06357142857143,71.16571428571429,100.25785714285713,2.8535714285714286,4.1049999999999995,1.5957142857142856,0.38357142857142856,0.4192857142857143,0.42,98.2328,127.15
2018-10-01,27.671666666666667,23.89,28.433333333333334,5.6000000000000005,31.09166666666667,25.493333333333336,18.595,80.905,100.25833333333333,2.62,4.058333333333334,1.2249999999999999,0.5416666666666666,0.48833333333333334,0.4716666666666667,233.2672,147.3385
2018-10-11,26.548000000000002,23.383000000000003,26.919,5.852,29.794,23.942,18.006999999999998,83.513,100.422,2.044,3.183,1.002,0.698,0.612,0.5900000000000001,261.2069,205.3934
2018-10-21,26.515333333333334,23.530666666666665,26.956666666666667,4.617999999999999,29.152666666666665,24.534666666666666,18.162666666666667,84.15066666666667,100.49266666666668,1.7666666666666666,2.878,0.8,0.6873333333333334,0.63,0.6253333333333334,310.4914,260.2779
2018-11-01,26.291666666666668,24.040000000000003,26.323333333333334,3.313333333333333,28.255,24.94333333333333,18.738333333333333,87.59333333333332,100.425,2.305,3.8083333333333336,1.1016666666666666,0.7883333333333334,0.7083333333333334,0.69,349.1983,306.6902
2018-11-11,25.915,23.124000000000002,26.151,5.9399999999999995,29.176,23.237000000000002,17.736,85.325,100.39500000000001,2.395,3.4949999999999997,1.379,0.8240000000000001,0.8130000000000001,0.805,357.2328,324.5644
2018-11-21,26.16,23.823571428571427,26.372857142857146,4.475,28.80785714285714,24.332142857142856,18.458571428571428,87.27285714285713,100.61285714285714,2.4499999999999997,3.5664285714285713,1.4464285714285714,0.8157142857142857,0.8007142857142858,0.7935714285714287,296.75,337.5647
2018-12-01,25.655,23.545,25.706666666666667,3.875,27.8,23.926666666666666,18.209999999999997,88.31166666666667,100.47000000000001,2.4566666666666666,3.5850000000000004,1.5233333333333334,0.8183333333333334,0.795,0.79,190.7931,341.21
2018-12-11,25.363999999999997,23.023,25.346,4.914,28.151999999999997,23.238999999999997,17.603,87.20599999999999,100.512,2.989,4.516,1.8649999999999998,0.804,0.792,0.789,196.4224,356.7336
2018-12-21,25.35533333333333,22.968,25.442666666666664,4.938666666666666,28.158666666666665,23.220000000000002,17.549333333333333,87.02400000000002,100.63933333333333,2.377333333333333,3.6166666666666667,1.3046666666666666,0.788,0.7633333333333333,0.7626666666666666,183.5345,339.5899
2019-01-01,24.066666666666666,20.330000000000002,24.105,5.653333333333333,27.26,21.60666666666667,14.841666666666667,80.21,100.90333333333332,2.9949999999999997,4.276666666666666,2.0516666666666667,0.7399999999999999,0.715,0.7216666666666667,112.3793,301.2839
2019-01-11,25.073,22.541,25.159,4.7509999999999994,27.855,23.102,17.068,86.17,100.658,3.096,4.451,2.029,0.726,0.683,0.6849999999999999,66.25,237.2716
2019-01-21,24.976,21.615333333333336,25.137999999999998,5.876666666666667,28.386000000000003,22.509999999999998,16.124666666666666,82.22800000000001,100.72666666666667,2.777333333333333,4.043333333333333,1.7253333333333332,0.6473333333333334,0.62,0.626,26.819,180.1767
2019-02-01,25.856666666666666,23.25,26.016666666666666,4.918333333333333,28.78,23.86,17.813333333333333,85.93833333333333,100.72666666666667,3.1466666666666665,4.516666666666667,1.97,0.7033333333333333,0.6166666666666667,0.6083333333333333,130.1121,143.8716
2019-02-11,26.357999999999997,23.447,26.623,5.2780000000000005,29.462,24.185,18.019,84.537,100.756,2.835,4.043,1.719,0.661,0.624,0.624,119.4397,107.4868
2019-02-21,26.505,22.580833333333334,27.11916666666667,6.7525,30.401666666666667,23.650833333333335,17.150000000000002,80.0625,100.56916666666666,2.53,3.733333333333333,1.5125,0.5683333333333334,0.5566666666666666,0.5666666666666667,121.7586,77.2302
2019-03-01,27.823333333333334,22.548333333333332,28.878333333333334,8.751666666666667,32.82333333333333,24.06833333333333,17.150000000000002,74.94833333333334,100.41000000000001,2.3249999999999997,3.6216666666666666,1.3033333333333335,0.48,0.51,0.52,18.6552,64.8802
2019-03-11,27.863999999999997,21.517000000000003,29.121,9.183,33.188,24.005000000000003,16.063,70.73299999999999,100.65599999999999,2.659,4.2829999999999995,1.3459999999999999,0.43499999999999994,0.475,0.485,9.3966,65.8649
2019-03-21,28.483999999999998,20.829333333333334,29.848666666666666,10.246,34.32533333333333,24.083333333333332,15.535333333333334,66.82533333333333,100.568,2.5453333333333332,4.104666666666667,1.3539999999999999,0.4046666666666667,0.4473333333333333,0.454,8.069,71.8262
2019-04-01,29.76,20.76,31.651666666666667,11.659999999999998,36.348333333333336,24.689999999999998,15.553333333333335,63.04,100.52999999999999,2.421666666666667,4.411666666666666,1.0166666666666666,0.345,0.4183333333333333,0.4266666666666667,13.4397,78.3716
2019-04-11,30.308999999999997,22.55,32.007999999999996,9.985,36.023,26.04,17.235999999999997,66.356,100.385,2.3129999999999997,3.9490000000000003,1.126,0.381,0.41600000000000004,0.42000000000000004,55.9655,91.55
2019-04-21,29.635714285714283,23.049285714285713,30.739285714285717,8.565,34.549285714285716,25.986428571428572,17.752142857142857,70.12571428571428,100.25071428571428,2.1014285714285714,3.63,0.9128571428571428,0.455,0.4478571428571429,0.4442857142857143,93.9138,104.1287
2019-05-01,30.445000000000004,23.628333333333334,30.988333333333333,8.911666666666667,35.38333333333333,26.474999999999998,18.34166666666667,69.02166666666666,100.235,3.3800000000000003,4.8533333333333335,1.8833333333333335,0.40833333333333327,0.4466666666666667,0.45,92.4138,133.4764
2019-05-11,31.129,22.825,32.398,10.817,37.221,26.401999999999997,17.485,63.99300000000001,100.226,2.909,4.543,1.7309999999999999,0.387,0.42400000000000004,0.43099999999999994,72.9741,159.3523
2019-05-21,31.34,23.023333333333333,32.57333333333333,9.198,36.47866666666666,27.278666666666666,17.697333333333333,63.388,100.17066666666666,2.4733333333333336,3.703333333333333,1.288,0.34400000000000003,0.4093333333333333,0.4126666666666666,69.8534,161.1474
2019-06-01,30.675,22.833333333333332,31.523333333333337,8.321666666666667,35.4,27.078333333333333,17.518333333333334,64.91666666666667,100.09833333333334,3.7583333333333333,5.233333333333333,2.23,0.33,0.405,0.41,86.9914,108.7931
2019-06-11,30.451999999999998,22.773000000000003,31.205000000000002,8.458,35.352999999999994,26.895999999999997,17.449,65.8,100.199,4.8100000000000005,6.4159999999999995,3.2030000000000003,0.339,0.40700000000000003,0.41,64.3707,49.7503
2019-06-21,30.43,22.68,31.214285714285715,8.047857142857143,35.11214285714286,27.06357142857143,17.342857142857145,65.13428571428571,100.11285714285714,5.4957142857142856,6.740714285714286,4.158571428571428,0.2635714285714286,0.4,0.40071428571428575,30.2414,14.0302
2019-07-01,30.525000000000002,22.606666666666666,31.313333333333333,8.583333333333334,35.501666666666665,26.921666666666667,17.243333333333332,64.49166666666666,100.14,4.72,5.858333333333333,3.401666666666667,0.22333333333333336,0.4000000000000001,0.4000000000000001,14.4741,21.0032
2019-07-11,30.359,22.03,31.436,9.761,35.772000000000006,26.011000000000003,16.645,63.612,100.279,3.592,4.875,2.427,0.276,0.4,0.404,32.1207,36.7463
2019-07-21,29.651333333333334,21.755333333333333,30.648000000000003,9.051333333333332,34.86866666666666,25.816666666666666,16.377333333333336,64.784,100.10066666666667,4.905333333333333,5.9879999999999995,3.610666666666667,0.29933333333333334,0.4,0.4046666666666667,42.2672,52.298
2019-08-01,29.688333333333333,22.416666666666668,30.311666666666667,8.508333333333333,34.63166666666667,26.123333333333335,17.05,67.18833333333333,100.28333333333335,4.691666666666666,6.34,2.8366666666666664,0.3383333333333333,0.4033333333333333,0.4066666666666667,71.8621,53.6175
2019-08-11,28.762,22.224,29.467000000000002,7.979000000000001,33.589999999999996,25.613,16.826,69.58,100.225,5.214,6.883,3.4450000000000003,0.41200000000000003,0.41200000000000003,0.41,142.1121,60.8282
2019-08-21,28.240000000000002,22.158666666666665,28.96333333333333,7.993333333333334,32.87466666666667,24.882,16.736,71.42933333333333,100.30199999999999,4.657333333333333,6.492,2.9673333333333334,0.42533333333333334,0.442,0.4393333333333333,149.0604,70.2537
2019-09-01,28.69333333333333,22.691666666666666,29.38,8.216666666666667,33.52333333333333,25.304999999999996,17.313333333333333,71.70833333333333,100.235,4.488333333333333,6.1933333333333325,2.778333333333333,0.40166666666666667,0.425,0.43,128.0259,93.3828
2019-09-11,28.823,22.8,29.478,8.314,33.543,25.228,17.415,72.106,100.372,3.309,5.102,1.996,0.441,0.43099999999999994,0.42800000000000005,158.0172,99.7816
2019-09-21,27.580714285714286,22.89785714285714,28.292857142857144,6.987142857142857,31.560000000000002,24.572857142857142,17.49142857142857,77.11214285714286,100.44571428571429,2.4121428571428574,3.7464285714285714,1.1714285714285713,0.5007142857142857,0.48142857142857143,0.47285714285714286,206.5948,127.15
2019-10-01,27.468333333333334,23.326666666666668,28.39,6.743333333333333,31.316666666666666,24.573333333333334,17.945,79.32333333333334,100.52166666666666,1.5016666666666667,2.395,0.6983333333333334,0.5733333333333334,0.5283333333333333,0.5233333333333333,227.8879,147.3385
2019-10-11,27.059000000000005,23.707,27.609,5.3839999999999995,30.108999999999998,24.726,18.36,82.60499999999999,100.422,1.475,2.212,0.705,0.67,0.589,0.576,191.7845,205.3934
2019-10-21,26.11466666666667,23.841333333333335,26.444000000000003,4.279333333333333,28.544666666666668,24.265333333333334,18.514666666666667,87.55,100.426,2.13,3.308666666666667,1.1179999999999999,0.794,0.7326666666666667,0.712,310.5776,260.2779
2019-11-01,26.55,23.150000000000002,26.576666666666668,5.361666666666667,29.373333333333335,24.008333333333336,17.773333333333333,82.10333333333334,100.51833333333333,1.5116666666666667,2.3566666666666665,0.79,0.8116666666666666,0.7983333333333333,0.7983333333333333,300.6552,306.6902
2019-11-11,27.002,23.716,27.232999999999997,5.661,30.154000000000003,24.496000000000002,18.378,82.814,100.429,1.7550000000000001,2.743,0.899,0.794,0.775,0.772,248.75,324.5644
2019-11-21,26.72,24.325,26.852857142857143,4.122857142857143,29.157142857142855,25.03357142857143,19.055714285714284,86.95928571428571,100.44285714285715,2.552857142857143,3.850714285714286,1.4878571428571428,0.8535714285714285,0.8357142857142856,0.8257142857142857,349.4742,337.5647
2019-12-01,26.221666666666664,24.205000000000002,26.28833333333333,3.8633333333333333,28.483333333333334,24.62,18.900000000000002,88.85333333333334,100.55166666666668,2.723333333333333,3.84,1.6866666666666668,0.945,0.9716666666666667,0.9533333333333333,610.0776,341.21
2019-12-11,25.93,23.857,25.849,3.717,28.098000000000003,24.378999999999998,18.493000000000002,88.45,100.55,3.092,4.547,1.9309999999999998,0.952,0.984,0.9730000000000001,691.0086,356.7336
2019-12-21,25.800666666666665,23.512,25.748,4.228666666666666,28.257333333333335,24.029333333333334,18.148666666666667,87.43733333333333,100.56533333333333,2.816666666666667,4.12,1.73,0.9386666666666666,0.974,0.962,466.8018,339.5899
2020-01-01,26.278333333333336,24.046666666666667,26.378333333333334,4.871666666666667,29.08,24.21166666666667,18.69666666666667,87.81333333333333,100.65333333333332,2.643333333333333,4.0249999999999995,1.6416666666666666,0.88,0.91,0.9066666666666667,182.0776,301.2839
2020-01-11,25.075,21.554,24.948,5.61,28.151999999999997,22.539,16.125,81.261,100.596,2.772,4.1579999999999995,1.759,0.8469999999999999,0.86,0.8619999999999999,74.2845,237.2716
2020-01-21,25.657333333333334,22.537333333333333,25.676666666666666,5.040666666666667,28.62066666666667,23.578666666666667,17.10666666666667,83.34933333333333,100.652,2.8486666666666665,4.216,1.8159999999999998,0.804,0.7933333333333333,0.7946666666666666,18.0172,180.1767
2020-02-01,25.25666666666667,21.925,25.44333333333333,5.565,28.426666666666666,22.861666666666668,16.408333333333335,82.28,100.71166666666666,2.6833333333333336,4.045,1.5566666666666666,0.7416666666666667,0.7200000000000001,0.7233333333333333,19.681,143.8716
2020-02-11,25.598000000000003,22.052,25.808,5.825,28.918,23.093,16.554,81.356,100.726,2.965,4.218999999999999,1.92,0.6839999999999999,0.658,0.6679999999999999,17.319,107.4868
2020-02-21,25.95230769230769,22.46,26.29692307692308,5.716153846153846,29.21923076923077,23.506153846153843,17.02,81.67846153846153,100.63461538461539,3.2069230769230765,4.603846153846154,2.0576923076923075,0.6261538461538462,0.5946153846153845,0.6015384615384615,13.5776,77.2302
2020-03-01,26.356666666666666,21.58,27.118333333333336,8.298333333333334,31.07166666666667,22.77333333333333,16.113333333333333,76.56166666666667,100.53166666666668,2.1566666666666667,3.2099999999999995,1.32,0.5366666666666667,0.5366666666666667,0.5516666666666666,12.2845,64.8802
2020-03-11,27.46,22.014,28.555,8.446000000000002,32.368,23.923,16.541999999999998,73.881,100.562,2.643,3.9530000000000003,1.5370000000000001,0.471,0.499,0.511,18.3534,65.8649
2020-03-21,28.016666666666666,21.77466666666667,29.195333333333334,9.042666666666666,33.25933333333333,24.216666666666665,16.352666666666668,71.21266666666666,100.512,2.582666666666667,4.141333333333333,1.4526666666666666,0.43333333333333335,0.4646666666666667,0.47,14.8448,71.8262
2020-04-01,28.625,22.305000000000003,29.92,9.27,33.88333333333333,24.615,16.938333333333336,71.10333333333334,100.495,2.5216666666666665,3.9583333333333335,1.4133333333333333,0.41333333333333333,0.4483333333333333,0.45,22.1983,78.3716
2020-04-11,29.462,23.031,30.877,8.929,34.628,25.699,17.675,70.875,100.497,2.503,3.908,1.28,0.441,0.44699999999999995,0.449,35.2414,91.55
2020-04-21,29.79,23.874285714285715,30.94357142857143,8.045,34.380714285714284,26.335714285714285,18.594285714285714,72.49571428571429,100.37,2.2849999999999997,3.552857142857143,1.1357142857142857,0.45357142857142857,0.4614285714285714,0.46,59.3621,104.1287
2020-05-01,29.958333333333332,23.745,31.011666666666667,8.616666666666667,34.87833333333333,26.268333333333334,18.485,71.66666666666667,100.27499999999999,1.6666666666666667,2.813333333333333,0.77,0.4916666666666667,0.4716666666666667,0.47,178.3276,133.4764
2020-05-11,28.645999999999997,25.057,29.006,5.14,31.585,26.447000000000003,19.991,81.687,100.175,1.7560000000000002,2.748,0.7699999999999999,0.655,0.5780000000000001,0.5599999999999999,314.7414,159.3523
2020-05-21,28.534,24.788,28.908,6.3306666666666676,32.222,25.891333333333332,19.66466666666667,81.24600000000001,100.098,4.104666666666667,5.669333333333333,2.5606666666666666,0.5666666666666667,0.554,0.5586666666666668,324.431,161.1474
2020-06-01,28.626666666666665,23.67,29.365,8.226666666666667,33.30833333333333,25.08666666666667,18.343333333333334,76.355,100.36,3.5316666666666663,5.1433333333333335,1.9483333333333333,0.48500000000000004,0.51,0.5166666666666667,205.0,108.7931
2020-06-11,28.673000000000002,23.662,29.268,7.357000000000001,32.914,25.56,18.384,75.825,100.058,4.837,6.381,3.258,0.465,0.49000000000000005,0.495,50.8103,49.7503
2020-06-21,28.170714285714286,23.505,28.70285714285714,6.793571428571428,32.115,25.320714285714285,18.21,77.21071428571429,100.075,4.074285714285714,5.587142857142857,2.5100000000000002,0.5164285714285715,0.5114285714285715,0.5057142857142857,36.1034,14.0302
2020-07-01,27.958333333333332,22.91,28.326666666666668,6.596666666666667,31.838333333333335,25.238333333333333,17.558333333333334,75.31166666666667,100.12166666666667,4.348333333333334,5.9316666666666675,3.0500000000000003,0.49,0.515,0.5183333333333334,51.6207,21.0032
2020-07-11,27.863,23.582,28.357,6.881,31.737000000000002,24.853,18.286,78.813,100.09299999999999,2.976,4.55,1.748,0.509,0.513,0.514,81.3534,36.7463
2020-07-21,27.278000000000002,23.087333333333333,27.861333333333334,6.678666666666667,31.170666666666666,24.489333333333335,17.740000000000002,79.06266666666667,100.134,3.1573333333333333,4.567333333333334,1.8586666666666667,0.5226666666666666,0.5173333333333333,0.5153333333333333,127.7328,52.298
2020-08-01,27.515,22.915000000000003,28.055000000000003,6.401666666666666,31.414999999999996,25.016666666666666,17.57,77.22833333333334,100.06333333333333,5.543333333333333,7.6066666666666665,3.703333333333333,0.4916666666666667,0.5083333333333333,0.51,119.6034,53.6175
2020-08-11,28.135,22.737000000000002,28.851999999999997,8.469,33.182,24.712,17.352,74.55699999999999,100.162,4.942,6.297,3.6189999999999998,0.45999999999999996,0.491,0.493,93.2672,60.8282
2020-08-21,29.632,22.471333333333334,30.754666666666665,10.036666666666667,35.26533333333334,25.227333333333334,17.09733333333333,67.92533333333333,100.16266666666667,2.9433333333333334,4.279333333333333,1.8173333333333335,0.414,0.4533333333333333,0.46,53.5345,70.2537
2020-09-01,28.171666666666667,22.856666666666666,28.985,8.658333333333333,33.233333333333334,24.578333333333333,17.485,74.88666666666667,100.14833333333333,3.3366666666666664,5.151666666666666,1.54,0.4916666666666667,0.47500000000000003,0.47,167.1552,93.3828
2020-09-11,27.633,22.765,28.294999999999998,7.486,32.047000000000004,24.56,17.375999999999998,76.4,100.22,4.205,6.029999999999999,2.561,0.481,0.49000000000000005,0.487,215.1896,99.7816
2020-09-21,27.732142857142858,22.787857142857145,28.375,7.189285714285715,31.995,24.804285714285715,17.412142857142857,76.01357142857144,100.22785714285715,4.345714285714286,5.966428571428572,2.7178571428571425,0.47000000000000003,0.4778571428571428,0.47857142857142854,280.4397,127.15
2020-10-01,28.311666666666667,22.155,29.276666666666667,10.323333333333332,34.285,23.959999999999997,16.765,72.10333333333334,100.19,4.1049999999999995,6.038333333333334,2.3833333333333333,0.4383333333333333,0.47500000000000003,0.4766666666666666,160.1034,147.3385
2020-10-11,28.297000000000004,22.683,29.006,8.238,33.238,24.999000000000002,17.334,73.587,100.071,4.871,6.729000000000001,3.088,0.434,0.45600000000000007,0.45999999999999996,138.3017,205.3934
2020-10-21,28.60666666666667,22.781333333333336,29.477333333333334,8.835333333333333,33.61933333333333,24.785333333333334,17.416,72.90466666666666,100.208,3.226,4.59,1.988,0.428,0.4486666666666667,0.45,120.6897,260.2779
2020-11-01,28.255,23.376666666666665,29.10166666666667,7.125,32.4,25.273333333333337,18.005,76.40833333333333,100.47500000000001,1.8466666666666665,2.895,0.86,0.49666666666666665,0.4666666666666666,0.45999999999999996,252.9914,306.6902
2020-11-11,26.845999999999997,24.756,27.162,3.713,28.981,25.268,19.574,88.55699999999999,100.368,2.4699999999999998,3.643,1.408,0.747,0.643,0.609,297.0517,324.5644
2020-11-21,26.13,23.770714285714288,26.372857142857146,4.502142857142857,28.72142857142857,24.220714285714283,18.44142857142857,87.22214285714287,100.40714285714286,2.3428571428571425,3.540714285714286,1.0892857142857142,0.7857142857142857,0.755,0.7435714285714285,282.0862,337.5647
2020-12-01,26.261666666666667,24.55,26.24666666666667,3.698333333333333,28.365,24.67,19.39,90.52,100.10833333333333,2.8666666666666667,4.721666666666667,1.0783333333333334,0.8649999999999999,0.84,0.8233333333333333,305.4828,341.21
2020-12-11,25.711000000000002,22.743000000000002,25.761000000000003,5.109,28.682,23.574,17.322,84.181,100.55699999999999,2.245,3.214,1.353,0.828,0.827,0.829,336.9224,356.7336
2020-12-21,25.490666666666666,23.654,25.517333333333333,3.7033333333333336,27.639333333333337,23.937333333333335,18.29866666666667,89.70466666666667,100.45333333333333,2.988,4.326,1.918,0.9026666666666667,0.9213333333333333,0.9066666666666666,479.4224,339.5899
2021-01-01,25.473333333333333,23.616666666666664,25.465,3.5683333333333334,27.5,23.93166666666667,18.258333333333333,89.59499999999998,100.425,2.205,3.1533333333333338,1.4400000000000002,0.9166666666666666,0.955,0.9483333333333333,510.9138,301.2839
2021-01-11,25.328,23.887,25.397,2.985,26.999000000000002,24.012,18.578,91.74300000000001,100.309,2.725,4.083,1.472,0.9629999999999999,0.993,0.975,528.1034,237.2716
2021-01-21,25.17866666666667,22.75,25.2,4.562,27.825333333333333,23.263333333333332,17.358666666666668,86.72866666666667,100.53266666666667,2.694666666666667,3.982666666666667,1.7133333333333334,0.916,0.95,0.9406666666666667,380.9828,180.1767
2021-02-01,25.246666666666666,22.91,25.231666666666666,3.8066666666666666,27.518333333333334,23.711666666666662,17.455000000000002,87.04166666666667,100.64666666666666,3.535,4.888333333333333,2.513333333333333,0.8883333333333333,0.9249999999999999,0.9183333333333333,205.4828,143.8716
2021-02-11,24.899,21.815,24.973,5.569,28.034,22.469,16.381999999999998,83.40599999999999,100.556,2.8259999999999996,3.992,1.89,0.85,0.866,0.865,83.7931,107.4868
2021-02-21,25.784166666666668,22.698333333333334,25.954166666666666,5.898333333333333,29.2325,23.334166666666665,17.267500000000002,83.69416666666666,100.49000000000001,2.3024999999999998,3.4441666666666664,1.3658333333333335,0.8008333333333333,0.7925,0.7941666666666668,32.6724,77.2302
2021-03-01,25.52,21.768333333333334,25.603333333333335,6.093333333333334,28.971666666666664,22.881666666666664,16.31833333333333,80.34166666666667,100.63833333333334,2.23,3.4466666666666668,1.47,0.7516666666666666,0.725,0.7316666666666666,33.9052,64.8802
2021-03-11,26.369999999999997,23.582,26.657999999999998,5.059,29.284,24.226,18.183,85.062,100.588,2.521,3.739,1.549,0.74,0.709,0.71,34.25,65.8649
2021-03-21,26.862666666666666,23.153333333333332,27.176666666666666,6.248666666666667,30.314,24.064666666666668,17.794666666666668,81.07,100.33866666666667,1.9313333333333333,2.992,1.0013333333333334,0.6813333333333333,0.644,0.6493333333333333,56.1466,71.8262
2021-04-01,28.375,23.956666666666667,28.703333333333333,8.466666666666667,33.10166666666667,24.635,18.69666666666667,78.60333333333334,100.185,2.4966666666666666,3.52,1.2416666666666667,0.5933333333333333,0.5750000000000001,0.59,40.8621,78.3716
2021-04-11,27.429000000000002,23.351,28.206,7.029999999999999,31.412,24.383000000000003,17.969,79.718,100.451,1.7900000000000003,2.713,0.984,0.605,0.5589999999999999,0.56,104.1552,91.55
2021-04-21,28.177142857142858,24.39785714285714,28.572857142857142,6.218571428571429,31.548571428571428,25.328571428571426,19.157142857142855,80.94214285714285,100.36571428571428,1.545,2.4585714285714286,0.7328571428571429,0.6228571428571429,0.5828571428571429,0.5807142857142856,100.4914,104.1287
2021-05-01,28.07166666666667,24.646666666666665,28.618333333333336,5.983333333333333,31.51,25.528333333333332,19.46166666666667,82.51166666666667,100.24,1.9733333333333334,2.795,1.215,0.6166666666666667,0.5766666666666667,0.5766666666666667,164.0862,133.4764
2021-05-11,27.74,24.884999999999998,28.127999999999997,4.96,30.528999999999996,25.574,19.768,84.999,100.15299999999999,2.366,3.531,1.444,0.633,0.58,0.579,185.8017,159.3523
2021-05-21,27.801333333333332,24.622666666666664,28.09,5.8053333333333335,31.182000000000002,25.375333333333334,19.46066666666667,83.67066666666666,100.204,4.146,5.586,2.734666666666667,0.6113333333333333,0.572,0.5733333333333334,208.8879,161.1474
2021-06-01,27.858333333333334,24.82166666666667,28.308333333333334,5.801666666666667,31.263333333333335,25.46166666666667,19.675,84.43833333333333,100.17666666666666,3.3200000000000003,4.836666666666667,1.9916666666666665,0.605,0.5683333333333334,0.5650000000000001,160.7069,108.7931
2021-06-11,27.755000000000003,24.085,28.28,7.181,31.921999999999997,24.741,18.830000000000002,81.556,100.16,4.723,6.207,3.319,0.557,0.549,0.554,73.1121,49.7503
2021-06-21,28.01214285714286,23.655714285714286,28.72,7.579285714285715,32.325,24.74857142857143,18.33642857142857,78.76357142857144,100.27142857142857,3.6149999999999998,4.893571428571429,2.41,0.48857142857142855,0.5092857142857142,0.5142857142857143,32.0948,14.0302
2021-07-01,28.28333333333333,23.863333333333333,28.974999999999998,7.111666666666667,32.25666666666667,25.145,18.596666666666668,78.28166666666667,100.10833333333333,3.0083333333333333,4.241666666666666,1.8316666666666668,0.4883333333333333,0.49,0.4916666666666667,46.931,21.0032
2021-07-11,27.595999999999997,23.657999999999998,28.117,6.403999999999999,31.438,25.035999999999998,18.384,80.293,100.019,4.554,6.16,3.133,0.53,0.518,0.511,79.6638,36.7463
2021-07-21,27.853333333333335,23.594,28.454,6.725333333333333,31.880666666666666,25.15533333333333,18.273333333333333,78.84933333333333,100.22066666666666,5.086666666666667,6.548,3.7520000000000002,0.5,0.512,0.5133333333333333,78.3448,52.298
2021-08-01,28.349999999999998,23.08,29.19333333333333,7.826666666666667,33.07,25.241666666666664,17.69,74.69666666666667,100.33833333333332,5.28,6.455000000000001,4.301666666666667,0.45,0.48,0.48166666666666663,49.7241,53.6175
2021-08-11,27.833,22.981,28.548000000000002,7.127,32.172000000000004,25.044999999999998,17.607999999999997,76.425,100.236,4.5840000000000005,5.826,3.306,0.457,0.477,0.4779999999999999,53.5345,60.8282
2021-08-21,28.034,22.61466666666667,28.81,7.8933333333333335,32.635999999999996,24.742,17.236,74.188,100.15733333333334,4.048,5.478666666666667,2.743333333333333,0.44133333333333336,0.4613333333333333,0.4633333333333333,86.1207,70.2537
2021-09-01,27.95,23.255,28.64833333333333,7.483333333333333,32.41,24.925,17.915000000000003,77.26,100.18833333333333,4.423333333333333,6.071666666666666,2.6750000000000003,0.45,0.4583333333333333,0.4583333333333333,147.2845,93.3828
2021-09-11,28.597,22.966,29.322000000000003,8.218,33.35,25.130000000000003,17.603,73.387,100.22,4.338,6.141,2.746,0.42400000000000004,0.45099999999999996,0.45099999999999996,149.9655,99.7816
2021-09-21,28.177857142857142,23.50142857142857,28.815,7.485714285714286,32.568571428571424,25.084285714285716,18.19,77.34714285714287,100.13357142857141,3.347857142857143,4.9471428571428575,2.03,0.48428571428571426,0.4735714285714286,0.4685714285714285,197.5776,127.15
2021-10-01,27.026666666666667,23.791666666666668,27.566666666666666,6.325,30.661666666666665,24.334999999999997,18.505,83.40666666666667,100.13499999999999,2.3666666666666667,3.3800000000000003,1.3683333333333334,0.5966666666666667,0.535,0.5183333333333334,239.6896,147.3385
2021-10-11,27.459000000000003,23.816,27.889999999999997,7.154000000000001,31.679000000000002,24.526,18.542,81.701,100.086,4.029,5.548,2.565,0.567,0.55,0.546,235.6983,205.3934
2021-10-21,27.12666666666667,23.684666666666665,27.618,5.762666666666666,30.413999999999998,24.653333333333332,18.358666666666668,82.50533333333333,100.396,2.4733333333333336,3.748666666666667,1.2306666666666668,0.6433333333333333,0.5886666666666667,0.574,301.112,260.2779
2021-11-01,26.346666666666668,24.198333333333334,26.68166666666667,4.416666666666667,28.781666666666666,24.365,18.93,88.32000000000001,100.355,2.2816666666666667,3.8083333333333336,1.0233333333333332,0.805,0.7683333333333334,0.7533333333333333,394.4828,306.6902
2021-11-11,25.759000000000004,24.201,26.017000000000003,4.157,28.258,24.101,18.969,91.288,100.15,3.543,5.2780000000000005,2.099,0.874,0.8640000000000001,0.853,437.2155,324.5644
2021-11-21,25.862142857142857,23.91357142857143,26.053571428571427,4.774285714285715,28.509285714285713,23.735000000000003,18.62857142857143,89.28999999999999,100.24285714285715,2.3978571428571427,3.529285714285714,1.4121428571428571,0.9035714285714286,0.9214285714285715,0.9142857142857144,466.8362,337.5647
2021-12-01,26.631666666666664,23.505,26.755,5.44,29.761666666666667,24.32166666666667,18.116666666666667,83.37666666666667,100.47500000000001,1.3533333333333335,2.2516666666666665,0.5316666666666666,0.915,0.9566666666666667,0.9499999999999998,282.819,341.21
2021-12-11,26.1,23.740000000000002,26.011000000000003,3.906,28.327999999999996,24.425,18.384999999999998,86.982,100.513,2.942,4.1579999999999995,2.04,0.9,0.9339999999999999,0.924,285.569,356.7336
2021-12-21,25.275333333333332,22.354,25.185333333333332,5.220666666666667,28.273333333333333,23.052666666666667,16.898666666666667,84.234,100.67666666666668,2.6053333333333333,3.928,1.6273333333333333,0.8806666666666667,0.9086666666666667,0.9046666666666667,116.7155,339.5899
2022-01-01,26.048333333333332,24.141666666666666,25.971666666666668,3.736666666666667,28.334999999999997,24.595,18.8,89.33166666666666,100.63333333333333,3.6316666666666664,5.235,2.3816666666666664,0.9066666666666667,0.93,0.9116666666666667,115.25,301.2839
2022-01-11,25.889,23.684,25.906,4.517,28.579,24.059,18.316,87.874,100.529,2.626,3.905,1.564,0.892,0.9259999999999999,0.9190000000000002,35.6724,237.2716
2022-01-21,24.834,21.55666666666667,24.86466666666667,6.214666666666667,28.218666666666664,22.005333333333333,16.167333333333332,82.63333333333334,100.50133333333333,2.3713333333333333,3.548,1.41,0.8373333333333334,0.8473333333333334,0.8493333333333334,32.6897,180.1767
2022-02-01,24.793333333333333,20.955000000000002,24.963333333333335,6.7683333333333335,28.588333333333335,21.82166666666667,15.501666666666667,79.87333333333333,100.51333333333334,2.0016666666666665,2.776666666666667,1.3933333333333333,0.7866666666666667,0.7783333333333333,0.7783333333333333,38.4138,143.8716
2022-02-11,25.282,22.533,25.462,4.365,27.880000000000003,23.512999999999998,17.107,85.075,100.402,2.896,4.309,1.8359999999999999,0.805,0.784,0.777,179.5604,107.4868
2022-02-21,25.805833333333336,23.12,25.96666666666667,4.904166666666667,28.61583333333333,23.71083333333333,17.715,85.46416666666666,100.50333333333333,2.7466666666666666,4.0325,1.6008333333333333,0.8183333333333334,0.8033333333333333,0.7975,182.9483,77.2302
2022-03-01,26.013333333333335,23.401666666666667,26.096666666666664,4.738333333333333,28.713333333333335,23.973333333333333,18.035,85.86666666666667,100.35333333333334,3.815,5.288333333333333,2.4916666666666667,0.7983333333333333,0.7833333333333333,0.7866666666666667,220.6293,64.8802
2022-03-11,26.500999999999998,23.304,26.766000000000002,5.635,29.799,24.166,17.939,83.131,100.319,2.18,3.3009999999999997,1.33,0.751,0.731,0.734,102.1983,65.8649
2022-03-21,27.387333333333334,24.192,27.700666666666667,6.924,31.091333333333335,24.16866666666667,18.937333333333335,83.58,100.27,1.88,2.7359999999999998,1.1026666666666667,0.706,0.6666666666666666,0.6693333333333334,98.7328,71.8262
2022-04-01,27.221666666666664,24.08666666666667,27.748333333333335,6.176666666666667,30.616666666666664,24.438333333333333,18.756666666666664,83.73,100.49166666666667,1.7733333333333334,2.513333333333333,1.0583333333333333,0.715,0.6566666666666666,0.6516666666666667,89.0172,78.3716
2022-04-11,27.552999999999997,24.181,27.926,6.336,30.987000000000002,24.65,18.94,82.69300000000001,100.216,1.593,2.352,0.891,0.77,0.716,0.704,105.7845,91.55
2022-04-21,27.877142857142854,24.81142857142857,28.178571428571427,5.862142857142857,31.112142857142857,25.25142857142857,19.670714285714286,84.11642857142859,100.23571428571428,1.6585714285714286,2.5949999999999998,0.8257142857142857,0.7671428571428571,0.7307142857142858,0.7278571428571429,126.1983,104.1287
2022-05-01,28.14833333333333,25.281666666666666,28.236666666666665,6.0683333333333325,31.47,25.403333333333332,20.263333333333332,85.04166666666667,100.085,2.33,3.565,1.3033333333333335,0.7483333333333334,0.7166666666666667,0.715,110.2241,133.4764
2022-05-11,27.756,24.915,27.912,5.861,31.233999999999998,25.373,19.856,85.155,99.94,4.6579999999999995,6.144,3.251,0.704,0.671,0.675,79.7759,159.3523
2022-05-21,27.54866666666667,24.741333333333333,27.817999999999998,5.89,31.116,25.22533333333333,19.599333333333334,85.34133333333332,100.13733333333333,4.276666666666667,5.965999999999999,2.7753333333333337,0.656,0.6153333333333334,0.6193333333333333,78.25,161.1474
2022-06-01,27.458333333333332,24.349999999999998,27.791666666666668,6.328333333333333,31.16333333333333,24.838333333333335,19.146666666666665,83.97,100.03166666666668,3.9233333333333333,5.68,2.4766666666666666,0.5933333333333333,0.575,0.58,44.6983,108.7931
2022-06-11,27.528,23.814,27.906,6.58,31.352999999999998,24.77,18.518,81.244,100.15,3.9299999999999997,5.306,2.8440000000000003,0.548,0.542,0.546,40.7759,49.7503
2022-06-21,27.804285714285715,23.509999999999998,28.25,6.9278571428571425,31.892857142857142,24.967857142857145,18.214285714285715,78.85214285714287,100.08142857142856,3.974285714285714,5.5878571428571435,2.7257142857142855,0.5121428571428571,0.525,0.5257142857142857,16.3966,14.0302
2022-07-01,28.135,23.228333333333335,28.723333333333333,7.003333333333333,32.38666666666666,25.381666666666664,17.933333333333334,76.09333333333333,99.94666666666667,5.1000000000000005,6.558333333333334,3.7116666666666664,0.46166666666666667,0.48666666666666664,0.49499999999999994,17.1638,21.0032
2022-07-11,28.07,22.194,28.666000000000004,7.859999999999999,32.727,24.865000000000002,16.809,72.201,100.095,5.917,7.612,4.409,0.45199999999999996,0.4779999999999999,0.479,11.569,36.7463
2022-07-21,27.941333333333333,23.273333333333333,28.468666666666664,6.897333333333334,31.836,24.938,17.960666666666665,77.07733333333333,100.10533333333333,2.612,3.8213333333333335,1.43,0.516,0.5046666666666667,0.49733333333333335,105.5517,52.298
2022-08-01,27.251666666666665,22.871666666666666,27.796666666666667,6.441666666666666,31.17833333333333,24.736666666666665,17.526666666666667,77.97833333333334,99.945,6.058333333333334,7.583333333333333,4.515,0.5216666666666666,0.52,0.5183333333333334,143.0259,53.6175
2022-08-11,28.474,22.621000000000002,29.182,8.343,33.262,24.921,17.255000000000003,72.49300000000001,100.081,4.252000000000001,5.769,2.881,0.45199999999999996,0.48599999999999993,0.489,145.3448,60.8282
2022-08-21,27.692666666666664,22.871333333333332,28.459999999999997,7.342666666666667,32.016666666666666,24.676,17.508666666666667,76.52533333333334,100.11466666666666,4.020666666666667,5.5233333333333325,2.6886666666666668,0.49466666666666664,0.4886666666666667,0.4873333333333333,174.6379,70.2537
2022-09-01,26.551666666666666,23.661666666666665,26.923333333333332,6.1000000000000005,30.12,24.02333333333333,18.351666666666667,84.91666666666667,100.17333333333333,3.4683333333333337,4.953333333333333,2.22,0.6283333333333333,0.5716666666666667,0.5533333333333333,190.7155,93.3828
2022-09-11,27.514999999999997,22.967,28.214,8.274,32.269,23.994999999999997,17.579,77.71900000000001,100.28099999999999,4.032,5.298,2.846,0.523,0.537,0.541,188.5604,99.7816
2022-09-21,28.48785714285714,22.562857142857144,29.35571428571429,9.291428571428572,33.832142857142856,24.540714285714284,17.167142857142856,72.39214285714286,100.20285714285714,4.045714285714285,5.553571428571429,2.725,0.4571428571428572,0.4864285714285714,0.49142857142857144,81.4052,127.15
2022-10-01,27.951666666666668,22.113333333333333,28.686666666666667,7.859999999999999,32.58,24.71666666666667,16.743333333333336,72.42666666666666,100.085,5.348333333333334,6.993333333333333,3.8349999999999995,0.4383333333333333,0.4716666666666667,0.4749999999999999,71.4741,147.3385
2022-10-11,27.772,23.206,28.557,7.064,31.819,24.755000000000003,17.866,77.857,100.269,1.9129999999999998,3.3549999999999995,0.835,0.573,0.525,0.51,170.5431,205.3934
2022-10-21,26.372666666666664,23.473333333333336,26.692666666666664,5.546,29.592,24.045333333333335,18.113333333333333,84.76333333333334,100.42466666666665,2.755333333333333,3.993333333333333,1.6733333333333333,0.718,0.654,0.64,229.5345,260.2779
2022-11-01,26.058333333333334,23.683333333333334,26.44333333333333,3.966666666666667,28.375,24.408333333333335,18.311666666666667,86.94833333333334,100.49666666666667,1.8999999999999997,2.97,0.9466666666666667,0.8166666666666668,0.7783333333333333,0.7533333333333333,402.5431,306.6902
2022-11-11,25.644,23.425,25.893,4.215,28.122000000000003,23.907999999999998,18.037,87.75699999999999,100.457,2.359,3.6109999999999998,1.223,0.86,0.8470000000000001,0.834,351.1379,324.5644
2022-11-21,25.58642857142857,22.733571428571427,25.740000000000002,6.051428571428572,28.937142857142856,22.885714285714283,17.322142857142858,84.78285714285714,100.36785714285715,2.2785714285714285,3.516428571428571,1.422857142857143,0.8307142857142856,0.8342857142857143,0.8371428571428572,277.1724,337.5647
2022-12-01,26.0,23.49,26.070000000000004,4.458333333333333,28.548333333333332,24.09166666666667,18.116666666666667,86.30166666666666,100.40166666666666,2.02,3.313333333333334,1.0333333333333334,0.8366666666666666,0.8216666666666667,0.8166666666666668,196.7241,341.21
2022-12-11,24.887999999999998,22.235999999999997,24.897,5.552,28.002,22.449,16.815,85.606,100.295,3.2560000000000002,4.643,1.7730000000000001,0.825,0.82,0.8210000000000001,320.1293,356.7336
2022-12-21,25.37066666666667,23.525333333333332,25.354,3.6573333333333333,27.567333333333334,23.912,18.173333333333336,89.69,100.42,3.5326666666666666,5.275333333333333,2.1526666666666667,0.8753333333333334,0.882,0.874,468.4052,339.5899
