,Date,T2M,T2MDEW,T2M_RANGE,RH2M,GWETTOP,1_month_rainfall_aggregate,Cluster_Label,GMM_Cluster_Label
2,1981-01-21,24.166666666666668,19.898666666666667,6.551333333333333,77.96733333333333,0.5873333333333334,89.5776,1,1
3,1981-02-01,24.581666666666667,20.551666666666666,5.71,79.53166666666667,0.5650000000000001,72.4396,1,1
4,1981-02-11,24.756,20.961000000000002,6.982000000000001,80.534,0.611,65.25,1,1
5,1981-02-21,25.878333333333334,19.99833333333333,8.3925,71.65416666666667,0.48,64.6379,0,0
6,1981-03-01,27.59,21.834999999999997,7.645,72.365,0.43333333333333335,8.1034,0,0
7,1981-03-11,27.806,22.451,7.259,74.001,0.445,8.6293,0,0
8,1981-03-21,28.790000000000003,21.763333333333332,9.501333333333333,68.40733333333333,0.412,25.6552,0,0
9,1981-04-01,29.72666666666667,22.435,10.225,67.68833333333333,0.3983333333333334,58.6379,0,0
10,1981-04-11,28.5,23.766,6.728999999999999,77.11699999999999,0.479,70.75,0,0
11,1981-04-21,29.520714285714288,23.083571428571428,8.689285714285715,70.57714285714285,0.42214285714285715,69.1207,0,0
12,1981-05-01,28.998333333333335,22.715,7.013333333333333,70.42,0.4283333333333333,136.6466,0,0
13,1981-05-11,28.481,22.884999999999998,7.1240000000000006,73.37,0.46699999999999997,188.3534,0,0
14,1981-05-21,29.502666666666666,22.962666666666667,8.556000000000001,69.97933333333334,0.4246666666666667,208.9396,0,0
15,1981-06-01,28.573333333333334,22.868333333333336,7.4316666666666675,73.005,0.42,110.0086,0,0
16,1981-06-11,28.167,22.86,6.851000000000001,74.194,0.445,43.7931,0,0
17,1981-06-21,27.76214285714286,22.146428571428572,7.3878571428571425,73.1907142857143,0.44499999999999995,8.7931,0,0
18,1981-07-01,28.27333333333333,21.888333333333335,9.385,70.735,0.4283333333333333,8.5086,0,0
19,1981-07-11,28.312,22.139,8.059000000000001,70.99199999999999,0.42699999999999994,40.75,0,0
20,1981-07-21,26.919333333333334,22.776666666666664,6.248666666666667,79.29133333333333,0.52,93.4052,0,0
21,1981-08-01,27.858333333333334,22.155,7.421666666666667,72.84833333333333,0.46166666666666667,97.8966,0,0
22,1981-08-11,28.642000000000003,22.217000000000002,9.101,70.386,0.42699999999999994,68.4224,0,0
23,1981-08-21,27.828666666666667,21.918,7.560666666666666,71.82466666666666,0.4233333333333333,42.2672,0,0
24,1981-09-01,27.635,22.205,7.596666666666667,73.99166666666667,0.4566666666666667,105.7845,0,0
25,1981-09-11,26.641,22.848,6.5120000000000005,81.061,0.5599999999999999,263.0603,1,1
26,1981-09-21,27.299285714285713,23.056428571428572,7.802142857142857,79.25857142857141,0.5521428571428572,241.138,1,0
27,1981-10-01,28.128333333333334,22.53833333333333,9.051666666666668,73.715,0.4566666666666667,178.3534,0,0
28,1981-10-11,27.951999999999998,21.6,8.72,70.672,0.45099999999999996,70.2241,0,0
29,1981-10-21,26.77733333333333,23.039333333333335,6.666666666666667,81.15599999999999,0.5693333333333332,207.4052,1,1
30,1981-11-01,26.761666666666667,22.791666666666668,7.745,80.29666666666667,0.5599999999999999,265.9569,1,1
31,1981-11-11,26.836000000000002,22.262,7.251,77.49600000000001,0.557,250.3879,1,0
32,1981-11-21,25.52857142857143,22.408571428571427,6.014285714285714,83.6857142857143,0.6342857142857143,182.2759,1,1
33,1981-12-01,25.166666666666668,23.021666666666665,4.046666666666667,88.24666666666667,0.6816666666666666,169.1121,1,1
34,1981-12-11,24.767,20.919,7.003,80.178,0.612,264.6983,1,1
35,1981-12-21,25.192666666666664,22.544666666666668,4.752666666666667,85.67066666666666,0.6519999999999999,208.1638,1,1
36,1982-01-01,25.091666666666665,21.608333333333334,5.138333333333334,81.61833333333333,0.5516666666666666,158.2845,1,1
37,1982-01-11,24.878,20.076,6.906000000000001,75.838,0.514,28.6724,0,0
38,1982-01-21,25.14466666666667,19.75321428571428,7.804,70.938,0.45733333333333337,10.8621,0,0
39,1982-02-01,26.176666666666666,20.221666666666668,8.808333333333334,71.82833333333333,0.42,7.9397,0,0
40,1982-02-11,25.547,19.75321428571428,10.135,68.689,0.40199999999999997,6.5776,0,0
41,1982-02-21,26.622500000000002,19.75321428571428,10.194166666666666,67.9275,0.365,4.7155,0,0
42,1982-03-01,27.91,20.74833333333333,9.975,68.33,0.3383333333333334,4.4138,0,0
43,1982-03-11,28.204,20.309,10.539,65.861,0.323,5.4828,0,0
44,1982-03-21,28.06066666666667,21.317999999999998,9.254,70.02133333333333,0.41733333333333333,22.1379,0,0
45,1982-04-01,30.275000000000002,21.863333333333333,12.185,64.59333333333333,0.385,23.7672,0,0
46,1982-04-11,28.71,22.948,7.312,72.912,0.434,47.931,0,0
47,1982-04-21,29.520000000000003,22.606428571428573,8.143571428571429,68.545,0.43928571428571433,77.1379,0,0
48,1982-05-01,27.901666666666667,24.185000000000002,8.041666666666666,81.57333333333334,0.6566666666666666,79.9483,1,1
49,1982-05-11,28.371,23.14,7.1659999999999995,74.94,0.541,92.431,0,0
50,1982-05-21,28.044666666666668,23.761333333333333,6.363333333333333,78.89733333333334,0.5633333333333332,114.2672,1,0
51,1982-06-01,26.89,23.823333333333334,5.181666666666667,84.015,0.6316666666666667,115.681,1,1
52,1982-06-11,26.829,23.468,6.231,82.74300000000001,0.612,77.75,1,1
53,1982-06-21,26.891428571428573,22.943571428571428,6.833571428571429,80.26428571428572,0.5307142857142858,9.7241,0,1
54,1982-07-01,27.516666666666666,22.675,7.916666666666667,76.41166666666668,0.47333333333333333,8.9569,0,0
55,1982-07-11,27.311,22.226,7.295,75.33200000000001,0.45999999999999996,12.0948,0,0
56,1982-07-21,27.366,21.922,8.184,74.03133333333334,0.4486666666666667,19.9397,0,0
57,1982-08-01,27.488333333333333,22.298333333333332,7.958333333333333,74.905,0.445,19.7069,0,0
58,1982-08-11,27.089999999999996,22.079,7.169,75.58200000000001,0.458,30.6724,0,0
59,1982-08-21,27.947333333333333,22.046666666666667,8.400666666666668,72.38466666666666,0.41600000000000004,27.9224,0,0
60,1982-09-01,28.661666666666665,21.396666666666665,10.841666666666667,68.01666666666667,0.4033333333333333,33.0776,0,0
61,1982-09-11,28.413999999999998,21.375999999999998,9.331,68.19500000000001,0.388,70.4138,0,0
62,1982-09-21,27.669285714285714,21.759999999999998,8.96642857142857,72.34142857142857,0.45071428571428573,91.4224,0,0
63,1982-10-01,26.993333333333336,21.745,7.708333333333333,74.62166666666667,0.49,123.0776,0,0
64,1982-10-11,27.352999999999998,22.549,6.698,76.122,0.552,104.0172,0,0
65,1982-10-21,26.675333333333334,22.519333333333336,6.366,79.18533333333333,0.5640000000000001,168.2586,1,0
66,1982-11-01,25.811666666666667,22.798333333333332,5.035,83.96833333333333,0.6416666666666667,244.9483,1,1
67,1982-11-11,26.543,23.282999999999998,5.621,82.989,0.615,255.9483,1,1
68,1982-11-21,25.99142857142857,23.571428571428573,4.162857142857143,86.81785714285715,0.7242857142857143,377.9224,1,1
69,1982-12-01,25.381666666666664,23.435000000000002,3.4516666666666667,89.15166666666666,0.82,423.72415,1,1
70,1982-12-11,25.062,23.069,3.732,88.94500000000001,0.8470000000000001,423.72415,1,1
71,1982-12-21,25.031333333333336,22.959333333333333,3.46,88.38933333333333,0.87,394.2414,1,1
72,1983-01-01,23.386666666666667,19.75321428571428,5.878333333333334,80.47666666666667,0.8266666666666667,194.0603,1,1
73,1983-01-11,24.675,22.235,4.781000000000001,86.591,0.794,45.431,1,1
74,1983-01-21,25.3,22.648666666666667,5.061333333333334,85.63000000000001,0.7386666666666667,16.2931,1,1
75,1983-02-01,25.323333333333334,22.09166666666667,7.655,83.38000000000001,0.6733333333333333,14.6207,1,1
76,1983-02-11,24.878999999999998,20.750999999999998,6.624,78.58200000000001,0.608,10.5603,0,1
77,1983-02-21,25.914166666666663,20.72583333333333,10.215833333333334,75.81833333333333,0.5108333333333334,6.5345,0,0
78,1983-03-01,26.775000000000002,19.900000000000002,11.563333333333333,69.82333333333334,0.44166666666666665,7.0948,0,0
79,1983-03-11,27.294,19.773,11.342,67.674,0.41100000000000003,7.069,0,0
80,1983-03-21,29.101999999999997,20.181333333333335,12.329999999999998,63.23799999999999,0.34400000000000003,8.8534,0,0
81,1983-04-01,29.863333333333333,21.224999999999998,10.691666666666668,63.370000000000005,0.3183333333333333,21.2672,0,0
82,1983-04-11,31.005000000000003,20.805,12.329999999999998,58.834,0.29,27.5259,0,0
83,1983-04-21,30.29714285714286,21.59714285714286,9.55642857142857,62.73571428571429,0.26785714285714285,38.7241,0,0
84,1983-05-01,30.535,21.936666666666667,10.163333333333334,62.605,0.37666666666666665,77.6207,0,0
85,1983-05-11,29.822000000000003,22.915,8.27,68.37,0.41899999999999993,90.431,0,0
86,1983-05-21,30.063333333333333,22.649333333333335,8.611333333333333,66.68133333333334,0.38,90.819,0,0
87,1983-06-01,29.698333333333334,22.748333333333335,7.923333333333333,68.26666666666667,0.32833333333333337,39.8448,0,0
88,1983-06-11,28.639999999999997,23.242,6.343,73.955,0.388,22.5,0,0
89,1983-06-21,27.986428571428572,22.537142857142857,7.373571428571429,74.01071428571429,0.48214285714285715,8.25,0,0
90,1983-07-01,29.51,21.564999999999998,9.803333333333333,65.095,0.42166666666666663,8.2069,0,0
91,1983-07-11,28.51,21.851,7.247,68.99,0.4109999999999999,7.1207,0,0
92,1983-07-21,28.248,21.948666666666668,7.5120000000000005,70.43933333333332,0.4246666666666667,25.6293,0,0
93,1983-08-01,28.091666666666665,22.308333333333334,7.461666666666666,72.49333333333334,0.4166666666666667,73.0259,0,0
94,1983-08-11,28.534,21.829,8.462,69.066,0.422,90.2931,0,0
95,1983-08-21,28.086000000000002,22.067999999999998,8.394,71.76066666666667,0.44933333333333336,96.4914,0,0
96,1983-09-01,27.081666666666667,22.236666666666668,7.121666666666667,76.15333333333332,0.45999999999999996,103.1035,0,0
97,1983-09-11,27.431,22.357,7.661,75.478,0.46299999999999997,121.1638,0,0
98,1983-09-21,27.569285714285716,22.047857142857143,8.555714285714286,74.045,0.4471428571428571,102.8276,0,0
99,1983-10-01,28.53333333333333,21.953333333333333,9.625,69.74,0.405,51.8103,0,0
100,1983-10-11,28.717000000000002,21.724,10.032,68.534,0.421,59.181,0,0
101,1983-10-21,27.87,21.35533333333333,8.228,69.68333333333334,0.42133333333333334,78.9828,0,0
102,1983-11-01,26.541666666666668,23.03833333333333,6.266666666666667,82.22500000000001,0.5866666666666667,198.569,1,1
103,1983-11-11,26.157999999999998,22.264,6.577,80.253,0.5780000000000001,184.7328,1,1
104,1983-11-21,26.201428571428572,21.529285714285717,7.075714285714286,76.97714285714287,0.5,184.9483,0,0
105,1983-12-01,25.525000000000002,22.313333333333333,4.828333333333333,83.05,0.5616666666666666,117.6896,1,1
106,1983-12-11,25.328,23.158,4.356,88.10600000000001,0.6719999999999999,329.6207,1,1
107,1983-12-21,25.118666666666666,23.33533333333333,4.262666666666666,90.134,0.8426666666666667,423.72415,1,1
108,1984-01-01,25.150000000000002,23.278333333333332,4.295,89.57,0.855,423.72415,1,1
109,1984-01-11,24.785,23.095,3.696,90.447,0.8859999999999999,423.72415,1,1
110,1984-01-21,24.555333333333333,22.651999999999997,3.626,89.29666666666667,0.9046666666666667,421.8534,1,1
111,1984-02-01,24.61,23.084999999999997,2.811666666666667,91.22000000000001,0.9216666666666667,423.72415,1,1
112,1984-02-11,25.0,23.639000000000003,2.835,92.158,0.96,423.72415,1,1
113,1984-02-21,25.283076923076923,22.98153846153846,4.406153846153846,87.44307692307692,0.9123076923076923,411.3018,1,1
114,1984-03-01,25.135,23.066666666666666,4.315,88.5,0.9066666666666667,284.069,1,1
115,1984-03-11,25.537,22.107,6.929,82.049,0.8789999999999999,109.7069,1,1
116,1984-03-21,26.318666666666665,22.095333333333333,6.426,78.45333333333333,0.8166666666666667,120.4396,1,1
117,1984-04-01,26.621666666666666,23.971666666666664,4.963333333333334,85.77166666666666,0.8000000000000002,83.4569,1,1
118,1984-04-11,26.869,23.597,5.345000000000001,82.826,0.784,136.25,1,1
119,1984-04-21,26.817857142857143,23.988571428571426,6.458571428571429,85.2242857142857,0.8207142857142857,139.2931,1,1
120,1984-05-01,28.015,23.923333333333332,7.121666666666666,79.39999999999999,0.8016666666666667,138.6379,1,1
121,1984-05-11,27.707,24.294,6.404999999999999,82.58200000000001,0.768,145.4741,1,1
122,1984-05-21,26.950666666666667,24.18933333333333,5.319999999999999,85.38666666666667,0.724,91.2759,1,1
123,1984-06-01,26.576666666666668,23.905,4.586666666666667,85.75,0.6749999999999999,101.4483,1,1
124,1984-06-11,26.380000000000003,23.493000000000002,5.423,84.845,0.638,45.3966,1,1
125,1984-06-21,26.797857142857143,22.542857142857144,6.623571428571429,78.8,0.5421428571428571,29.6293,0,0
126,1984-07-01,27.03,21.650000000000002,7.323333333333333,73.97333333333334,0.4749999999999999,45.569,0,0
127,1984-07-11,25.786,22.841,5.612,84.55,0.634,65.6466,1,1
128,1984-07-21,25.954,22.459999999999997,6.3293333333333335,82.02533333333334,0.6419999999999999,96.9052,1,1
129,1984-08-01,26.608333333333334,21.89,7.02,76.67833333333333,0.5516666666666666,65.9914,0,0
130,1984-08-11,26.787,22.284,7.566,77.703,0.52,43.4052,0,0
131,1984-08-21,27.341333333333335,22.537333333333333,7.814666666666667,76.65,0.49466666666666664,27.1466,0,0
132,1984-09-01,27.516666666666666,21.778333333333336,9.171666666666667,73.00333333333333,0.46166666666666667,36.2155,0,0
133,1984-09-11,27.484,21.398,9.456999999999999,71.768,0.47000000000000003,57.5776,0,0
134,1984-09-21,26.247142857142855,22.65857142857143,6.189285714285715,81.87142857142858,0.6728571428571428,201.25,1,1
135,1984-10-01,25.87,23.278333333333336,5.891666666666667,86.22333333333334,0.7566666666666667,222.8276,1,1
136,1984-10-11,25.659,22.73,7.25,84.86699999999999,0.6990000000000001,206.1552,1,1
137,1984-10-21,25.823333333333334,22.377333333333333,7.5360000000000005,82.47,0.6613333333333333,106.0345,1,1
138,1984-11-01,25.895,23.0,4.891666666666667,84.44166666666666,0.6616666666666667,127.8362,1,1
139,1984-11-11,25.641000000000002,22.924,4.8950000000000005,85.388,0.687,286.2242,1,1
140,1984-11-21,24.851428571428574,22.785,4.184285714285714,88.56071428571428,0.8264285714285714,420.8534,1,1
141,1984-12-01,25.22,22.776666666666667,5.411666666666666,86.74666666666667,0.7966666666666667,423.72415,1,1
142,1984-12-11,24.044999999999998,20.854,5.606,82.828,0.776,278.5086,1,1
143,1984-12-21,24.64,22.308666666666667,4.9366666666666665,87.24666666666667,0.76,110.319,1,1
144,1985-01-01,25.103333333333335,22.51,5.1466666666666665,85.91166666666668,0.79,125.1638,1,1
145,1985-01-11,24.857,22.116,4.606,85.05499999999999,0.75,161.3966,1,1
146,1985-01-21,24.697333333333333,22.308,4.6786666666666665,86.9,0.7406666666666666,154.1121,1,1
147,1985-02-01,24.97666666666667,22.453333333333333,5.136666666666667,86.27833333333332,0.745,183.9483,1,1
148,1985-02-11,25.317,22.179,6.733,83.538,0.718,158.9828,1,1
149,1985-02-21,25.120833333333334,21.601666666666663,6.555,81.50833333333334,0.6391666666666667,142.931,1,1
150,1985-03-01,26.51,21.886666666666667,8.421666666666667,77.46666666666667,0.5933333333333334,31.5948,0,0
151,1985-03-11,26.286,22.473,7.196,80.95,0.567,84.6983,1,0
152,1985-03-21,27.447999999999997,23.105999999999998,7.584666666666666,78.8,0.5393333333333333,100.0259,0,0
153,1985-04-01,28.208333333333332,22.65833333333333,7.888333333333333,74.03333333333333,0.47833333333333333,115.9569,0,0
154,1985-04-11,28.755000000000003,22.85,9.065999999999999,72.474,0.476,51.25,0,0
155,1985-04-21,29.517142857142858,22.34857142857143,9.420714285714284,67.7207142857143,0.42357142857142854,36.1897,0,0
156,1985-05-01,30.381666666666664,22.671666666666667,10.956666666666665,66.45666666666666,0.39166666666666666,30.7328,0,0
157,1985-05-11,30.118000000000002,21.946,9.163,64.095,0.403,60.9655,0,0
158,1985-05-21,28.15666666666667,22.987333333333332,6.145333333333332,74.84333333333333,0.43066666666666664,95.8879,0,0
159,1985-06-01,28.278333333333332,22.551666666666666,7.801666666666667,72.965,0.4216666666666667,95.3448,0,0
160,1985-06-11,27.556,21.73,7.68,72.455,0.441,59.5776,0,0
161,1985-06-21,27.509999999999998,21.31357142857143,7.143571428571428,70.50357142857142,0.4121428571428571,21.25,0,0
162,1985-07-01,27.680000000000003,20.348333333333333,8.686666666666667,66.855,0.39999999999999997,6.9397,0,0
163,1985-07-11,27.992,20.647,8.966,67.084,0.394,53.6983,0,0
164,1985-07-21,27.441333333333333,21.328666666666667,7.974,71.27666666666667,0.41933333333333334,62.8621,0,0
165,1985-08-01,27.929999999999996,21.698333333333334,7.875,70.89333333333333,0.40166666666666667,68.4138,0,0
166,1985-08-11,27.928000000000004,21.195999999999998,7.664999999999999,68.582,0.392,26.3966,0,0
167,1985-08-21,27.752,21.240000000000002,8.501333333333333,69.74666666666667,0.4293333333333333,38.1034,0,0
168,1985-09-01,27.55333333333333,21.905,7.345,72.835,0.43166666666666664,62.3448,0,0
169,1985-09-11,28.213,21.359,9.097,68.487,0.399,88.5948,0,0
170,1985-09-21,27.425,21.94142857142857,7.637142857142857,74.03928571428571,0.48142857142857143,162.319,0,0
171,1985-10-01,26.513333333333332,23.116666666666664,6.255,82.62166666666667,0.58,197.3879,1,1
172,1985-10-11,26.712,22.393,8.044,78.96000000000001,0.536,170.5172,0,0
173,1985-10-21,26.840666666666667,22.351999999999997,6.648,77.62933333333334,0.5326666666666667,136.8017,0,0
174,1985-11-01,25.436666666666667,23.041666666666668,4.223333333333334,86.92,0.6716666666666667,254.9914,1,1
175,1985-11-11,25.101,22.997999999999998,5.25,88.565,0.729,258.6466,1,1
176,1985-11-21,25.04357142857143,21.272142857142857,6.241428571428571,80.30214285714285,0.6821428571428572,221.1897,1,1
177,1985-12-01,24.823333333333334,23.305000000000003,3.1283333333333334,91.355,0.7683333333333334,187.3103,1,1
178,1985-12-11,24.916,22.407999999999998,4.589,86.322,0.741,213.069,1,1
179,1985-12-21,25.042666666666666,22.284,4.823333333333333,85.10733333333334,0.662,207.069,1,1
180,1986-01-01,24.189999999999998,21.38,3.7466666666666666,84.72833333333334,0.6183333333333333,255.888,1,1
181,1986-01-11,25.048,23.446,3.8839999999999995,91.018,0.841,262.362,1,1
182,1986-01-21,24.657333333333334,22.107333333333333,5.191999999999999,86.132,0.7766666666666667,247.2069,1,1
183,1986-02-01,23.838333333333335,20.145,6.613333333333333,80.47500000000001,0.7133333333333333,48.6983,1,1
184,1986-02-11,25.279,22.384999999999998,5.9159999999999995,84.602,0.68,17.8621,1,1
185,1986-02-21,25.040833333333335,21.429999999999996,6.21,81.00333333333333,0.63,32.6034,1,1
186,1986-03-01,25.525000000000002,23.075,4.388333333333333,86.64999999999999,0.6866666666666666,106.3879,1,1
187,1986-03-11,25.256,22.684,4.62,86.102,0.737,102.5086,1,1
188,1986-03-21,26.448,23.054,6.980666666666667,82.55866666666665,0.66,98.7155,1,1
189,1986-04-01,27.421666666666667,23.435000000000002,7.656666666666666,80.18833333333333,0.5733333333333334,28.6293,0,0
190,1986-04-11,28.274,23.109,8.559000000000001,75.614,0.508,56.9569,0,0
191,1986-04-21,28.30857142857143,23.360714285714288,7.115,76.11571428571428,0.5078571428571429,116.8879,0,0
192,1986-05-01,26.968333333333334,23.68166666666667,5.8133333333333335,83.02666666666667,0.5816666666666667,127.1552,1,1
193,1986-05-11,28.203000000000003,23.637999999999998,7.817,77.89500000000001,0.511,102.931,0,0
194,1986-05-21,28.435333333333332,22.790000000000003,8.840666666666667,73.50399999999999,0.4533333333333333,82.2672,0,0
195,1986-06-01,28.19666666666667,22.775000000000002,7.739999999999999,74.11333333333333,0.4633333333333333,69.6035,0,0
196,1986-06-11,27.7,22.463,6.536,74.506,0.442,60.1207,0,0
197,1986-06-21,28.48,21.45285714285714,8.872857142857143,68.39642857142857,0.4064285714285714,4.9483,0,0
198,1986-07-01,28.334999999999997,21.599999999999998,8.503333333333332,68.91833333333334,0.395,6.5259,0,0
199,1986-07-11,27.988999999999997,21.323,8.152,69.32000000000001,0.41200000000000003,8.4397,0,0
200,1986-07-21,28.09,21.503333333333334,8.412666666666667,69.482,0.3993333333333334,24.9741,0,0
201,1986-08-01,27.498333333333335,20.805,8.389999999999999,68.91000000000001,0.43333333333333335,35.1121,0,0
202,1986-08-11,26.915999999999997,21.202,7.4079999999999995,72.493,0.457,36.9138,0,0
203,1986-08-21,28.263333333333332,21.159333333333333,10.488666666666667,68.17066666666668,0.40800000000000003,36.319,0,0
204,1986-09-01,28.355,21.236666666666668,8.623333333333333,67.43,0.39166666666666666,46.9914,0,0
205,1986-09-11,27.944,21.246000000000002,9.189,69.271,0.40800000000000003,110.5431,0,0
206,1986-09-21,27.895714285714288,21.834285714285716,8.839285714285714,71.69571428571429,0.4257142857142857,114.9742,0,0
207,1986-10-01,27.853333333333335,21.578333333333333,10.255,71.41,0.41500000000000004,139.0345,0,0
208,1986-10-11,28.238999999999997,21.696,9.613,70.08500000000001,0.45999999999999996,167.7069,0,0
209,1986-10-21,26.584,22.84466666666667,5.553333333333333,80.82466666666666,0.59,251.6638,1,1
210,1986-11-01,25.400000000000002,23.096666666666668,5.253333333333333,87.64,0.6633333333333333,292.7328,1,1
211,1986-11-11,25.711000000000002,21.753,7.948,80.19800000000001,0.603,226.4569,1,1
212,1986-11-21,25.780714285714286,20.91357142857143,6.93,75.80071428571429,0.5385714285714286,148.1207,0,0
213,1986-12-01,25.36,23.08666666666667,4.001666666666667,87.49666666666667,0.685,119.3966,1,1
214,1986-12-11,25.782999999999998,23.449,4.936,87.353,0.662,113.4052,1,1
215,1986-12-21,25.646,22.796666666666667,4.917333333333334,84.77933333333334,0.5946666666666667,132.8966,1,1
216,1987-01-01,25.21666666666667,20.766666666666666,6.29,77.17333333333333,0.515,106.3104,0,1
217,1987-01-11,25.718,22.955000000000002,4.743,85.24600000000001,0.61,132.3362,1,1
218,1987-01-21,25.029333333333334,21.887333333333334,5.251333333333333,83.31333333333333,0.588,108.2845,1,1
219,1987-02-01,24.593333333333334,20.531666666666666,7.544999999999999,79.26833333333333,0.5833333333333334,75.2328,0,1
220,1987-02-11,24.261000000000003,19.75321428571428,7.999,76.62,0.547,27.6724,0,1
221,1987-02-21,26.249166666666667,20.945833333333333,8.328333333333333,74.395,0.45999999999999996,8.0431,0,0
222,1987-03-01,26.883333333333336,21.30666666666667,8.535,73.50166666666667,0.43,6.8966,0,0
223,1987-03-11,27.817,22.57,8.107,75.005,0.46799999999999997,7.0603,0,0
224,1987-03-21,28.74866666666667,21.374000000000002,9.744,67.10866666666666,0.39666666666666667,29.0086,0,0
225,1987-04-01,28.941666666666666,22.68166666666667,8.125,71.00333333333333,0.4083333333333334,33.1724,0,0
226,1987-04-11,30.314,21.332,12.059999999999999,62.596000000000004,0.382,58.1034,0,0
227,1987-04-21,28.634285714285713,23.13,7.655714285714285,74.01928571428572,0.46214285714285713,84.5604,0,0
228,1987-05-01,29.775000000000002,22.44333333333333,8.881666666666666,66.87666666666667,0.4166666666666667,89.2414,0,0
229,1987-05-11,29.524,21.226,10.42,64.345,0.39,98.3879,0,0
230,1987-05-21,29.791333333333334,22.699333333333335,8.392666666666667,67.72933333333334,0.4233333333333333,145.7414,0,0
231,1987-06-01,28.506666666666664,22.548333333333332,7.6499999999999995,72.29166666666667,0.44333333333333336,138.5776,0,0
232,1987-06-11,29.424,22.324,7.956,67.64,0.399,102.5259,0,0
233,1987-06-21,28.81642857142857,21.445714285714285,8.094285714285714,66.46071428571429,0.3871428571428571,8.5259,0,0
234,1987-07-01,28.868333333333336,21.656666666666666,8.188333333333333,67.04,0.35333333333333333,8.5,0,0
235,1987-07-11,29.685000000000002,20.986,10.695,62.592,0.28500000000000003,15.8448,0,0
236,1987-07-21,30.03666666666667,20.887333333333334,10.424,60.874,0.21666666666666667,14.1983,0,0
237,1987-08-01,28.878333333333334,21.13,8.405,64.915,0.3016666666666667,19.8966,0,0
238,1987-08-11,28.782999999999998,21.625999999999998,8.084999999999999,67.298,0.32599999999999996,22.8793,0,0
239,1987-08-21,28.209999999999997,21.924,8.044,70.77266666666667,0.404,25.9741,0,0
240,1987-09-01,29.72,21.208333333333332,11.145000000000001,63.385,0.3233333333333333,20.1897,0,0
241,1987-09-11,29.986,21.782,10.238,64.034,0.315,53.4397,0,0
242,1987-09-21,27.634285714285713,22.91357142857143,6.651428571428572,76.80071428571429,0.4692857142857143,77.2672,0,0
243,1987-10-01,27.919999999999998,22.99,7.329999999999999,76.07166666666667,0.515,115.0862,0,0
244,1987-10-11,27.535000000000004,23.189,7.040000000000001,78.625,0.512,182.6638,0,0
245,1987-10-21,26.901333333333334,23.93933333333333,5.232,84.532,0.6206666666666667,326.181,1,1
246,1987-11-01,26.656666666666666,23.97,5.175,85.69833333333334,0.7016666666666667,388.8879,1,1
247,1987-11-11,25.958999999999996,23.71,5.254,87.92999999999999,0.6849999999999999,313.5345,1,1
248,1987-11-21,26.075714285714287,23.101428571428574,4.973571428571428,84.21571428571428,0.7614285714285715,203.4655,1,1
249,1987-12-01,26.03833333333333,24.025000000000002,4.194999999999999,88.97666666666667,0.7366666666666667,227.75,1,1
250,1987-12-11,25.822000000000003,23.488999999999997,3.9939999999999998,87.225,0.762,281.7241,1,1
251,1987-12-21,25.396666666666665,22.976666666666667,4.5873333333333335,86.78866666666666,0.7419999999999999,239.1724,1,1
252,1988-01-01,24.448333333333334,21.28333333333333,4.951666666666667,82.88833333333334,0.69,112.8793,1,1
253,1988-01-11,25.342,22.651,4.74,85.40599999999999,0.648,37.9224,1,1
254,1988-01-21,25.578,21.073333333333334,5.699333333333333,76.84133333333332,0.538,34.8103,0,1
255,1988-02-01,25.343333333333334,20.143333333333334,7.301666666666667,74.44333333333333,0.47833333333333333,34.7069,0,0
256,1988-02-11,26.213,20.078,9.498000000000001,71.975,0.43600000000000005,21.7759,0,0
257,1988-02-21,27.34,22.766923076923078,7.092307692307693,77.39153846153846,0.49,22.7069,0,0
258,1988-03-01,27.896666666666665,22.400000000000002,7.601666666666667,74.01166666666667,0.4683333333333333,36.1466,0,0
259,1988-03-11,27.500999999999998,23.268,5.936,79.113,0.537,46.2845,0,0
260,1988-03-21,29.040000000000003,22.999333333333333,9.341333333333333,72.28466666666667,0.48333333333333334,35.8621,0,0
261,1988-04-01,29.121666666666666,22.189999999999998,8.785,68.42166666666667,0.4283333333333333,53.0086,0,0
262,1988-04-11,27.468,23.809,5.1899999999999995,81.482,0.528,135.75,1,0
263,1988-04-21,27.757857142857144,24.490714285714287,5.46,83.14999999999999,0.6421428571428571,194.3448,1,1
264,1988-05-01,28.238333333333333,24.45,6.946666666666666,81.04,0.5516666666666666,182.7414,1,1
265,1988-05-11,29.258,23.891,8.235,74.502,0.481,171.3621,0,0
266,1988-05-21,29.012,23.336000000000002,7.322,73.00066666666666,0.446,123.3362,0,0
267,1988-06-01,28.35166666666667,22.745,6.928333333333334,72.99833333333333,0.4383333333333333,106.7845,0,0
268,1988-06-11,28.714,22.268,8.485,70.189,0.41200000000000003,23.6552,0,0
269,1988-06-21,28.451428571428572,22.450714285714287,7.839285714285714,71.80428571428571,0.4114285714285714,8.5776,0,0
270,1988-07-01,28.073333333333334,22.195000000000004,7.716666666666666,72.05666666666667,0.4166666666666667,26.6466,0,0
271,1988-07-11,27.983999999999998,22.616,6.677,74.19800000000001,0.429,50.5259,0,0
272,1988-07-21,28.055333333333333,22.041999999999998,7.747333333333333,71.756,0.4166666666666667,69.931,0,0
273,1988-08-01,29.051666666666666,22.186666666666667,8.586666666666668,68.66166666666668,0.3866666666666667,66.3707,0,0
274,1988-08-11,27.880000000000003,22.634,7.603999999999999,74.73400000000001,0.454,84.819,0,0
275,1988-08-21,27.528666666666666,22.395333333333333,7.061333333333334,75.038,0.4533333333333333,162.4914,0,0
276,1988-09-01,28.165000000000003,22.33,8.316666666666666,72.26833333333333,0.435,238.6638,0,0
277,1988-09-11,27.212,22.791,6.965000000000001,78.077,0.487,282.5776,1,1
278,1988-09-21,27.842857142857145,22.62,7.8792857142857144,75.13571428571429,0.4542857142857143,263.4397,0,0
279,1988-10-01,28.655,22.525000000000002,8.346666666666666,71.37666666666667,0.4116666666666666,197.6121,0,0
280,1988-10-11,28.57,22.106,9.296,70.314,0.44299999999999995,129.3362,0,0
281,1988-10-21,28.264,21.87,8.352,70.256,0.4473333333333333,55.2586,0,0
282,1988-11-01,27.34166666666667,23.423333333333332,5.201666666666667,80.14,0.465,233.2155,1,1
283,1988-11-11,26.181,24.05,3.3890000000000002,88.31,0.657,266.25,1,1
284,1988-11-21,25.639999999999997,21.143571428571427,7.188571428571429,77.66357142857143,0.5871428571428572,268.1552,1,1
285,1988-12-01,25.253333333333334,21.55,5.3133333333333335,81.105,0.5283333333333333,88.1034,1,1
286,1988-12-11,26.206,21.595,6.979000000000001,77.088,0.48200000000000004,61.7069,0,0
287,1988-12-21,25.793333333333333,21.995333333333335,5.372,80.36266666666667,0.516,84.7241,1,1
288,1989-01-01,25.948333333333334,22.245,5.888333333333333,80.92333333333333,0.5116666666666666,108.0517,1,1
289,1989-01-11,25.775,21.308,6.007,77.275,0.495,192.6034,1,1
290,1989-01-21,25.148000000000003,20.637999999999998,6.740666666666667,77.23933333333335,0.526,182.1896,1,1
291,1989-02-01,24.92,19.75321428571428,9.426666666666666,69.27666666666666,0.44166666666666665,138.8103,0,0
292,1989-02-11,24.921,19.75321428571428,10.012,68.09200000000001,0.41600000000000004,30.7845,0,0
293,1989-02-21,26.38416666666667,19.75321428571428,9.554166666666667,67.57333333333334,0.4008333333333334,17.7328,0,0
294,1989-03-01,26.986666666666665,19.75321428571428,10.645,64.15333333333334,0.36833333333333335,22.681,0,0
295,1989-03-11,27.305,21.411,8.078999999999999,72.635,0.42400000000000004,40.569,0,0
296,1989-03-21,28.135333333333335,19.75321428571428,12.179333333333334,61.88866666666667,0.348,44.6466,0,0
297,1989-04-01,29.93166666666667,20.008333333333333,11.776666666666666,58.945,0.3033333333333333,36.8793,0,0
298,1989-04-11,30.377999999999997,20.833000000000002,10.388,59.915,0.262,52.5086,0,0
299,1989-04-21,29.382857142857144,22.926428571428573,8.906428571428572,70.4407142857143,0.38642857142857145,81.1724,0,0
300,1989-05-01,30.363333333333333,21.996666666666666,9.455,63.255,0.36166666666666664,120.1552,0,0
301,1989-05-11,29.339,23.336000000000002,8.14,71.991,0.43200000000000005,116.431,0,0
302,1989-05-21,28.916,22.65666666666667,7.502,70.58866666666667,0.4033333333333333,111.9052,0,0
303,1989-06-01,27.19333333333333,22.528333333333336,6.951666666666667,77.105,0.49,75.4396,0,0
304,1989-06-11,27.397000000000002,22.296,7.072,75.199,0.44399999999999995,45.8707,0,0
305,1989-06-21,27.652142857142856,21.929285714285715,7.4471428571428575,72.68571428571428,0.41714285714285715,10.6552,0,0
306,1989-07-01,28.41333333333333,22.27,7.778333333333333,71.3,0.4166666666666667,24.9655,0,0
307,1989-07-11,25.894,23.148,4.943,85.456,0.646,49.1293,1,1
308,1989-07-21,26.262666666666668,22.667333333333332,5.926666666666667,81.48,0.5866666666666667,52.819,1,1
309,1989-08-01,26.505,21.763333333333332,7.081666666666667,76.51333333333334,0.5083333333333333,35.4741,0,0
310,1989-08-11,27.023000000000003,21.948,7.1530000000000005,75.205,0.479,27.8362,0,0
311,1989-08-21,27.74866666666667,21.954,8.248666666666667,72.70866666666666,0.4406666666666667,46.6552,0,0
312,1989-09-01,27.763333333333332,22.411666666666665,7.830000000000001,74.515,0.48333333333333334,72.3276,0,0
313,1989-09-11,27.433,22.355,7.761,75.523,0.475,127.6293,0,0
314,1989-09-21,26.761428571428574,23.092857142857145,6.731428571428571,81.52714285714286,0.5592857142857143,158.8104,1,1
315,1989-10-01,27.001666666666665,22.22,7.531666666666666,76.73166666666667,0.5083333333333333,158.6466,0,0
316,1989-10-11,27.080000000000002,22.655,7.793000000000001,78.357,0.511,201.4396,0,0
317,1989-10-21,26.968,23.124666666666666,6.692666666666667,80.61999999999999,0.5673333333333334,269.069,1,1
318,1989-11-01,26.84,22.971666666666668,6.2,80.12666666666667,0.5983333333333333,247.9914,1,1
319,1989-11-11,26.754,23.196,5.229,81.62,0.557,282.4396,1,1
320,1989-11-21,26.099285714285713,23.825714285714287,4.117142857142857,87.55499999999999,0.7364285714285714,170.1293,1,1
321,1989-12-01,25.473333333333333,23.61,3.81,89.62166666666667,0.7766666666666667,205.3103,1,1
322,1989-12-11,25.008,21.605,5.025,81.89500000000001,0.712,124.8104,1,1
323,1989-12-21,24.98,21.656000000000002,5.434666666666667,82.31400000000001,0.6393333333333333,136.3534,1,1
324,1990-01-01,25.438333333333333,22.776666666666667,4.305000000000001,85.63666666666666,0.6466666666666666,246.112,1,1
325,1990-01-11,24.639,21.198,5.207,81.60499999999999,0.7150000000000001,201.8966,1,1
326,1990-01-21,24.55933333333333,20.201999999999998,7.0520000000000005,77.52466666666668,0.5873333333333334,192.2845,1,1
327,1990-02-01,25.5,20.526666666666667,7.72,75.05666666666666,0.5033333333333333,40.6034,0,0
328,1990-02-11,27.01,22.134999999999998,6.828,75.991,0.454,15.9914,0,0
329,1990-02-21,28.376666666666665,21.724999999999998,10.255833333333333,70.115,0.41083333333333333,37.6552,0,0
330,1990-03-01,28.810000000000002,21.048333333333332,10.843333333333334,66.02666666666666,0.38833333333333336,40.5086,0,0
331,1990-03-11,28.986,21.965,9.244,68.317,0.402,72.2931,0,0
332,1990-03-21,28.993333333333332,22.62933333333333,8.51,70.74266666666666,0.4346666666666667,83.6552,0,0
333,1990-04-01,29.621666666666666,22.828333333333333,8.540000000000001,69.10333333333334,0.4033333333333333,93.931,0,0
334,1990-04-11,29.743000000000002,22.606,8.379000000000001,67.58099999999999,0.39,90.5345,0,0
335,1990-04-21,30.51571428571429,22.304285714285715,10.484285714285715,64.49642857142858,0.39142857142857146,54.3103,0,0
336,1990-05-01,29.386666666666667,23.150000000000002,8.025,71.20333333333333,0.4716666666666667,162.3793,0,0
337,1990-05-11,28.252999999999997,24.018,6.305,78.953,0.5389999999999999,179.4483,1,0
338,1990-05-21,28.337333333333333,23.162666666666667,6.900666666666667,74.87466666666666,0.48133333333333334,184.1034,0,0
339,1990-06-01,28.138333333333335,22.55333333333333,6.756666666666667,72.96833333333333,0.46,72.7328,0,0
340,1990-06-11,28.169999999999998,22.333,7.167999999999999,72.22,0.43499999999999994,26.2672,0,0
341,1990-06-21,29.18857142857143,22.173571428571428,8.837142857142856,68.13785714285714,0.40857142857142853,14.0776,0,0
342,1990-07-01,27.993333333333336,21.423333333333332,7.451666666666667,69.26,0.4066666666666667,9.6983,0,0
343,1990-07-11,27.895,21.753,7.7780000000000005,71.178,0.398,14.8017,0,0
344,1990-07-21,28.663999999999998,21.377333333333333,8.674666666666667,66.98266666666667,0.36666666666666664,30.0603,0,0
345,1990-08-01,27.551666666666666,21.46666666666667,6.915,71.05,0.40499999999999997,68.6724,0,0
346,1990-08-11,27.154000000000003,21.601999999999997,7.4670000000000005,73.437,0.489,70.5,0,0
347,1990-08-21,28.445333333333334,21.734666666666666,8.664,69.26066666666667,0.43466666666666665,72.25,0,0
348,1990-09-01,28.95,21.580000000000002,9.485,66.695,0.41,51.0345,0,0
349,1990-09-11,28.532999999999998,22.208,7.986,70.24300000000001,0.426,90.6379,0,0
350,1990-09-21,28.100714285714286,21.852857142857143,8.474285714285715,70.81142857142858,0.43785714285714283,118.2155,0,0
351,1990-10-01,28.689999999999998,21.365,9.101666666666667,67.14666666666666,0.39999999999999997,98.9655,0,0
352,1990-10-11,28.987000000000002,21.996000000000002,9.234,68.363,0.403,89.3793,0,0
353,1990-10-21,26.746666666666666,23.420666666666666,5.1866666666666665,82.92133333333332,0.5773333333333334,203.6897,1,1
354,1990-11-01,26.296666666666667,23.543333333333333,6.043333333333334,85.56333333333333,0.645,237.3448,1,1
355,1990-11-11,26.720999999999997,22.329,7.142999999999999,78.05699999999999,0.549,205.1724,1,1
356,1990-11-21,26.96,23.257857142857144,5.28,80.99142857142859,0.4985714285714286,250.7845,1,1
357,1990-12-01,26.50333333333333,23.314999999999998,4.565,83.25333333333333,0.5499999999999999,367.7414,1,1
358,1990-12-11,26.403,22.506,5.2219999999999995,79.942,0.517,423.72415,1,1
359,1990-12-21,26.038,22.52333333333333,5.638,82.02466666666668,0.5166666666666667,423.72415,1,1
360,1991-01-01,26.355,21.958333333333332,7.028333333333333,78.11999999999999,0.49666666666666665,366.0431,1,1
361,1991-01-11,26.419,21.752,6.3420000000000005,76.529,0.454,408.9396,1,1
362,1991-01-21,25.884,20.438,7.072,73.40799999999999,0.45733333333333337,168.8104,0,0
363,1991-02-01,27.121666666666666,20.676666666666666,8.766666666666667,70.17166666666667,0.4083333333333334,160.8017,0,0
364,1991-02-11,26.014,19.75321428571428,9.873000000000001,66.939,0.399,20.4741,0,0
365,1991-02-21,27.400833333333335,20.4425,8.674999999999999,67.92833333333333,0.3741666666666667,11.6034,0,0
366,1991-03-01,27.92833333333333,22.661666666666665,7.511666666666667,74.91833333333334,0.40166666666666667,53.7672,0,0
367,1991-03-11,27.947000000000003,19.75321428571428,12.078,64.25699999999999,0.348,52.25,0,0
368,1991-03-21,29.40666666666667,21.459333333333333,9.652666666666667,65.588,0.29,90.6293,0,0
369,1991-04-01,28.766666666666666,22.459999999999997,7.798333333333333,70.78166666666667,0.4066666666666667,68.2672,0,0
370,1991-04-11,29.576,22.306,8.879,67.515,0.389,71.2586,0,0
371,1991-04-21,30.50142857142857,21.934285714285714,10.206428571428571,62.98142857142857,0.3271428571428571,45.1724,0,0
372,1991-05-01,31.959999999999997,22.09166666666667,10.861666666666666,58.86333333333334,0.25166666666666665,26.5603,0,0
373,1991-05-11,31.02,22.413999999999998,8.259,62.449,0.254,50.0259,0,0
374,1991-05-21,29.98,23.358666666666668,8.191333333333334,69.60333333333332,0.4246666666666667,80.8362,0,0
375,1991-06-01,28.506666666666664,23.825,5.635000000000001,76.62333333333333,0.48666666666666664,100.5776,0,0
376,1991-06-11,29.056,23.204,7.734,72.126,0.44299999999999995,73.2845,0,0
377,1991-06-21,28.600714285714286,22.389285714285712,7.8914285714285715,70.91571428571429,0.41000000000000003,29.1207,0,0
378,1991-07-01,29.03333333333333,21.481666666666666,9.255,66.335,0.38833333333333336,13.3017,0,0
379,1991-07-11,28.125999999999998,21.81,7.374,70.398,0.413,34.069,0,0
380,1991-07-21,28.28666666666667,22.366666666666667,6.783333333333333,71.80066666666667,0.40066666666666667,34.6638,0,0
381,1991-08-01,27.834999999999997,22.16,6.9316666666666675,72.95166666666667,0.41333333333333333,60.6724,0,0
382,1991-08-11,28.255000000000003,21.787,8.283,69.94500000000001,0.395,50.5172,0,0
383,1991-08-21,28.479333333333333,21.701999999999998,7.841333333333334,68.57533333333332,0.36733333333333335,80.4052,0,0
384,1991-09-01,28.91,22.183333333333334,9.341666666666667,69.61833333333333,0.44166666666666665,58.5431,0,0
385,1991-09-11,29.016000000000002,22.262999999999998,9.342,69.349,0.41900000000000004,60.0259,0,0
386,1991-09-21,29.15642857142857,21.440714285714286,8.926428571428572,65.43285714285715,0.3757142857142857,50.6983,0,0
387,1991-10-01,27.793333333333333,22.61,7.580000000000001,75.26333333333334,0.4683333333333333,103.569,0,0
388,1991-10-11,28.249000000000002,21.394,9.309000000000001,68.854,0.409,142.0172,0,0
389,1991-10-21,26.109333333333332,23.06,5.530666666666666,84.12933333333334,0.628,240.138,1,1
390,1991-11-01,26.680000000000003,23.53,6.086666666666666,83.55166666666666,0.6933333333333334,222.5086,1,1
391,1991-11-11,25.992,23.32,4.974,85.634,0.728,293.0086,1,1
392,1991-11-21,25.485000000000003,22.43357142857143,4.3621428571428575,83.7,0.7314285714285714,176.6638,1,1
393,1991-12-01,24.673333333333332,20.655,5.579999999999999,78.94833333333334,0.6783333333333333,141.9828,1,1
394,1991-12-11,25.163,22.330000000000002,4.585,84.844,0.683,186.1896,1,1
395,1991-12-21,25.247333333333334,22.759999999999998,4.546,86.45133333333334,0.686,211.7069,1,1
396,1992-01-01,25.128333333333334,21.165000000000003,5.321666666666666,79.14666666666666,0.6083333333333333,204.2931,1,1
397,1992-01-11,24.822,20.212,5.702,76.235,0.545,44.8879,0,1
398,1992-01-21,25.46466666666667,19.813333333333333,6.462000000000001,71.99733333333333,0.486,19.2586,0,0
399,1992-02-01,25.944999999999997,19.75321428571428,9.371666666666668,68.36666666666666,0.43,14.6379,0,0
400,1992-02-11,25.833,19.75321428571428,10.556000000000001,64.816,0.40700000000000003,9.6207,0,0
401,1992-02-21,26.94538461538462,19.75321428571428,10.983846153846153,66.32461538461538,0.3869230769230769,6.0086,0,0
402,1992-03-01,26.731666666666666,19.75321428571428,12.329999999999998,59.39666666666667,0.34,6.1293,0,0
403,1992-03-11,27.017000000000003,19.75321428571428,12.206,59.645,0.267,5.7672,0,0
404,1992-03-21,28.446,19.75321428571428,12.329999999999998,62.53066666666667,0.2033333333333333,8.5,0,0
405,1992-04-01,29.74666666666667,19.75321428571428,12.329999999999998,59.71,0.18833333333333335,8.5345,0,0
406,1992-04-11,30.689999999999998,20.864,11.228,59.205,0.258,28.1983,0,0
407,1992-04-21,29.351428571428574,22.997142857142855,7.721428571428571,70.58285714285714,0.40714285714285714,47.0862,0,0
408,1992-05-01,29.763333333333335,23.18166666666667,7.841666666666668,69.78666666666666,0.39999999999999997,81.1638,0,0
409,1992-05-11,28.418,22.969,7.272,74.253,0.47400000000000003,132.8017,0,0
410,1992-05-21,29.217333333333332,23.160666666666664,8.730666666666668,72.11733333333333,0.44066666666666665,132.1121,0,0
411,1992-06-01,28.683333333333334,22.965,7.978333333333333,73.08166666666666,0.44166666666666665,116.6207,0,0
412,1992-06-11,28.147000000000002,22.846,6.456,74.17999999999999,0.461,44.4224,0,0
413,1992-06-21,28.727857142857143,22.035,8.039285714285715,69.02785714285714,0.415,25.2414,0,0
414,1992-07-01,28.756666666666664,22.294999999999998,7.996666666666667,69.645,0.41500000000000004,35.5517,0,0
415,1992-07-11,27.595,21.96,7.287999999999999,72.854,0.43099999999999994,66.3104,0,0
416,1992-07-21,27.269333333333336,21.968666666666667,6.910666666666667,74.22800000000001,0.44133333333333336,79.0431,0,0
417,1992-08-01,26.808333333333334,22.153333333333336,6.658333333333334,77.06833333333334,0.45,83.819,0,0
418,1992-08-11,27.816000000000003,21.328,8.713,69.987,0.417,63.7241,0,0
419,1992-08-21,28.146666666666665,22.092,7.637333333333333,71.69666666666667,0.41733333333333333,75.8879,0,0
420,1992-09-01,27.371666666666666,22.02333333333333,7.375,74.59166666666667,0.44,89.569,0,0
421,1992-09-11,28.198,21.934,8.497,70.759,0.41200000000000003,115.069,0,0
422,1992-09-21,27.177857142857142,22.77857142857143,7.3342857142857145,78.44642857142857,0.5092857142857142,169.3966,0,0
423,1992-10-01,26.265,23.165000000000003,5.5683333333333325,83.82833333333333,0.5916666666666667,216.3104,1,1
424,1992-10-11,26.731,23.330000000000002,5.5969999999999995,82.477,0.5509999999999999,267.9655,1,1
425,1992-10-21,27.162,21.871333333333332,7.9399999999999995,74.52266666666667,0.512,194.2586,0,0
426,1992-11-01,26.748333333333335,23.373333333333335,4.926666666666667,82.425,0.525,231.4224,1,1
427,1992-11-11,25.82,23.634,4.135,88.048,0.7110000000000001,389.9655,1,1
428,1992-11-21,25.915,23.36285714285714,4.384285714285714,86.21285714285715,0.7357142857142857,423.72415,1,1
429,1992-12-01,25.48,23.09166666666667,3.9433333333333334,86.87166666666667,0.8183333333333334,423.72415,1,1
430,1992-12-11,24.715,22.175,3.758,86.093,0.777,335.5862,1,1
431,1992-12-21,24.368666666666666,21.372,4.709333333333333,83.75600000000001,0.8119999999999999,231.6207,1,1
432,1993-01-01,23.96666666666667,20.771666666666665,4.84,82.70666666666666,0.755,105.3104,1,1
433,1993-01-11,24.669,21.708000000000002,5.397,84.047,0.716,128.8017,1,1
434,1993-01-21,24.073333333333334,20.398000000000003,5.692666666666667,80.528,0.6453333333333333,180.5086,1,1
435,1993-02-01,24.986666666666668,20.063333333333333,5.906666666666666,74.99833333333333,0.555,172.6983,1,1
436,1993-02-11,25.091,19.966,7.803,74.634,0.497,67.8448,0,0
437,1993-02-21,26.923333333333332,20.845000000000002,9.565,71.83833333333332,0.44166666666666665,9.4655,0,0
438,1993-03-01,27.031666666666666,21.82166666666667,6.885000000000001,74.35833333333333,0.44,11.8017,0,0
439,1993-03-11,27.475,20.19,9.706,67.807,0.40700000000000003,14.0517,0,0
440,1993-03-21,28.569333333333336,20.854,10.966000000000001,66.958,0.38533333333333336,20.6983,0,0
441,1993-04-01,28.91,20.408333333333335,10.145000000000001,63.26166666666666,0.3416666666666666,21.1983,0,0
442,1993-04-11,29.732,21.694,10.081999999999999,64.884,0.356,28.1034,0,0
443,1993-04-21,29.74857142857143,22.059285714285714,9.101428571428572,66.33500000000001,0.38785714285714284,63.3276,0,0
444,1993-05-01,29.588333333333335,23.006666666666664,8.506666666666666,70.04166666666667,0.41333333333333333,82.2672,0,0
445,1993-05-11,30.026,22.631999999999998,8.795,67.25800000000001,0.395,127.1121,0,0
446,1993-05-21,28.564,23.48933333333333,7.308000000000001,75.652,0.444,166.3448,0,0
447,1993-06-01,27.819999999999997,23.439999999999998,5.661666666666666,78.21,0.48,157.0345,1,0
448,1993-06-11,27.754,23.321,6.299,78.014,0.504,101.6466,0,0
449,1993-06-21,28.387857142857143,22.739285714285717,8.224285714285715,73.41357142857143,0.43928571428571433,17.3362,0,0
450,1993-07-01,27.518333333333334,22.106666666666666,7.113333333333333,73.67166666666667,0.435,16.8448,0,0
451,1993-07-11,27.913999999999998,21.862000000000002,7.606,71.236,0.4149999999999999,46.4397,0,0
452,1993-07-21,27.23933333333333,22.11,6.882666666666666,75.034,0.448,61.9224,0,0
453,1993-08-01,28.015,21.833333333333332,8.328333333333333,70.76666666666667,0.415,54.3621,0,0
454,1993-08-11,28.557,21.573,9.040000000000001,68.011,0.396,28.3448,0,0
455,1993-08-21,28.228,21.81,8.458666666666666,70.21533333333333,0.402,43.931,0,0
456,1993-09-01,28.198333333333334,21.545,7.843333333333334,69.02833333333334,0.40166666666666667,64.8104,0,0
457,1993-09-11,29.131,21.784,9.291,66.793,0.385,76.6121,0,0
458,1993-09-21,28.075,22.319285714285716,7.319285714285714,72.57000000000001,0.4092857142857143,60.8879,0,0
459,1993-10-01,27.501666666666665,22.651666666666667,7.511666666666667,76.585,0.44999999999999996,68.9138,0,0
460,1993-10-11,27.176,22.869,6.705,78.658,0.496,105.8362,0,0
461,1993-10-21,26.566666666666666,23.671333333333333,4.851333333333333,84.67866666666667,0.6313333333333334,223.7586,1,1
462,1993-11-01,26.153333333333336,24.063333333333333,3.6633333333333336,88.46833333333332,0.7166666666666667,364.8707,1,1
463,1993-11-11,25.943,23.575,4.2090000000000005,87.107,0.8019999999999999,359.2328,1,1
464,1993-11-21,25.912142857142857,23.99285714285714,3.9585714285714286,89.40357142857144,0.8178571428571428,423.72415,1,1
465,1993-12-01,25.951666666666668,24.188333333333333,3.98,90.18166666666667,0.8466666666666667,423.72415,1,1
466,1993-12-11,25.503,23.298,4.167,87.826,0.8320000000000001,423.72415,1,1
467,1993-12-21,25.104,23.800666666666665,2.3866666666666663,92.49333333333334,0.8866666666666667,423.72415,1,1
468,1994-01-01,24.81,22.356666666666666,4.6066666666666665,86.49333333333334,0.8933333333333334,174.1638,1,1
469,1994-01-11,25.078,22.816,4.4719999999999995,87.49,0.897,82.6207,1,1
470,1994-01-21,24.509999999999998,21.540666666666667,4.818,83.89533333333334,0.8533333333333333,128.2414,1,1
471,1994-02-01,25.105,22.81833333333333,4.638333333333333,87.51166666666666,0.82,187.9224,1,1
472,1994-02-11,25.619999999999997,23.197,4.944,86.849,0.851,226.4741,1,1
473,1994-02-21,25.0175,21.7975,5.4558333333333335,82.80583333333333,0.8291666666666666,153.4828,1,1
474,1994-03-01,24.566666666666666,20.650000000000002,6.538333333333333,79.47833333333334,0.785,71.681,1,1
475,1994-03-11,25.574,22.247999999999998,6.590999999999999,82.527,0.735,49.7069,1,1
476,1994-03-21,27.012,23.699333333333335,7.078666666666667,83.03933333333333,0.6673333333333333,49.3707,1,1
477,1994-04-01,26.59,23.971666666666664,4.846666666666667,86.205,0.6383333333333333,71.5862,1,1
478,1994-04-11,27.439999999999998,23.499000000000002,6.281000000000001,80.065,0.615,44.9828,1,1
479,1994-04-21,29.353571428571428,23.104285714285712,9.580714285714285,71.38428571428571,0.49142857142857144,45.1724,0,0
480,1994-05-01,29.51,23.584999999999997,7.848333333333334,72.22333333333334,0.45,29.1983,0,0
481,1994-05-11,28.417,23.46,8.216,76.262,0.53,34.4914,0,0
482,1994-05-21,28.57133333333333,23.703333333333333,6.932666666666666,76.38333333333334,0.47600000000000003,47.8879,0,0
483,1994-06-01,28.224999999999998,23.265,6.11,75.47666666666667,0.47333333333333333,42.7241,0,0
484,1994-06-11,27.973000000000003,22.553,6.88,74.02000000000001,0.44800000000000006,31.9914,0,0
485,1994-06-21,28.47,21.612142857142857,8.340714285714286,68.42428571428572,0.40785714285714286,4.9741,0,0
486,1994-07-01,28.165000000000003,21.886666666666667,7.323333333333333,70.19833333333334,0.3983333333333334,19.9052,0,0
487,1994-07-11,28.354000000000003,21.318,8.454,67.924,0.41500000000000004,44.4052,0,0
488,1994-07-21,27.954666666666665,21.758,7.178,70.47533333333332,0.402,48.5431,0,0
489,1994-08-01,27.843333333333334,21.92,7.166666666666667,71.72166666666666,0.39999999999999997,39.1121,0,0
490,1994-08-11,29.392000000000003,21.184,10.047,63.846000000000004,0.35,24.1638,0,0
491,1994-08-21,28.917333333333332,21.458666666666666,8.073333333333332,65.906,0.33999999999999997,32.1466,0,0
492,1994-09-01,28.453333333333333,21.52333333333333,7.433333333333334,67.58833333333332,0.335,49.4483,0,0
493,1994-09-11,28.127999999999997,22.605,6.858,73.388,0.397,78.2845,0,0
494,1994-09-21,28.787142857142857,21.735000000000003,9.554285714285713,68.13571428571429,0.40857142857142853,107.4741,0,0
495,1994-10-01,27.28333333333333,22.866666666666664,7.041666666666667,78.25500000000001,0.49333333333333335,133.9655,0,0
496,1994-10-11,26.923000000000002,22.592,6.277,78.305,0.49399999999999994,247.6983,1,1
497,1994-10-21,26.351999999999997,23.328666666666667,5.4719999999999995,84.21533333333333,0.5786666666666667,274.8793,1,1
498,1994-11-01,25.561666666666667,23.583333333333332,3.56,89.015,0.6566666666666666,423.72415,1,1
499,1994-11-11,25.977999999999998,23.869999999999997,3.564,88.385,0.702,423.72415,1,1
500,1994-11-21,25.93642857142857,23.535714285714285,4.154285714285714,87.04357142857144,0.62,423.72415,1,1
501,1994-12-01,25.986666666666665,22.236666666666668,5.081666666666666,80.43166666666667,0.5516666666666666,423.72415,1,1
502,1994-12-11,25.433,21.009999999999998,6.449,77.596,0.528,423.72415,1,1
503,1994-12-21,26.521333333333335,21.991333333333333,5.924,77.15066666666667,0.4746666666666667,90.5172,0,0
504,1995-01-01,26.564999999999998,21.60166666666667,6.3933333333333335,75.18833333333333,0.4383333333333333,117.4569,0,0
505,1995-01-11,26.412,21.434,6.590999999999999,75.407,0.43499999999999994,210.1552,0,0
506,1995-01-21,26.159333333333333,20.942666666666664,6.39,74.154,0.44666666666666666,202.7586,0,0
507,1995-02-01,27.116666666666664,22.575,5.155,77.02166666666666,0.435,148.5172,0,0
508,1995-02-11,26.663999999999998,20.076,8.474,68.75899999999999,0.404,83.6035,0,0
509,1995-02-21,27.144166666666667,19.915,9.85,67.76166666666667,0.36333333333333334,67.0517,0,0
510,1995-03-01,27.165000000000003,19.763333333333332,9.553333333333333,66.92666666666666,0.32833333333333337,67.3621,0,0
511,1995-03-11,28.343,20.727,9.041,65.49600000000001,0.293,10.9828,0,0
512,1995-03-21,29.186,21.432000000000002,9.182666666666668,65.46933333333332,0.23666666666666666,17.5517,0,0
513,1995-04-01,28.76,22.72666666666667,6.616666666666667,71.875,0.24333333333333332,42.5603,0,0
514,1995-04-11,29.842000000000002,22.48,8.224,66.68199999999999,0.33999999999999997,105.0862,0,0
515,1995-04-21,29.232142857142858,22.54357142857143,7.202857142857143,68.935,0.33428571428571424,145.319,0,0
516,1995-05-01,28.926666666666666,23.569999999999997,6.808333333333334,74.44666666666667,0.36000000000000004,229.7155,0,0
517,1995-05-11,29.466,22.677,7.854000000000001,68.708,0.375,177.2845,0,0
518,1995-05-21,29.874666666666666,22.12933333333333,8.579333333333333,65.23266666666667,0.286,153.1552,0,0
519,1995-06-01,30.03,22.27333333333333,8.335,65.21,0.22166666666666668,42.0603,0,0
520,1995-06-11,29.3,22.342,6.894,67.50399999999999,0.24700000000000003,31.0603,0,0
521,1995-06-21,28.672142857142855,21.958571428571428,6.937142857142858,68.41928571428572,0.26642857142857146,14.7414,0,0
522,1995-07-01,29.236666666666665,21.628333333333334,8.258333333333335,65.60833333333333,0.25666666666666665,42.2672,0,0
523,1995-07-11,29.253000000000004,21.093,8.491,63.653999999999996,0.227,44.8534,0,0
524,1995-07-21,28.913333333333334,21.242666666666665,7.8919999999999995,65.058,0.23333333333333334,77.5345,0,0
525,1995-08-01,30.111666666666668,21.478333333333335,9.673333333333334,62.48666666666666,0.24,57.3534,0,0
526,1995-08-11,29.880000000000003,21.032,9.449,61.309000000000005,0.21600000000000003,83.5948,0,0
527,1995-08-21,28.954666666666665,21.684666666666665,8.011333333333333,66.54266666666666,0.29733333333333334,95.7759,0,0
528,1995-09-01,28.968333333333334,21.573333333333334,7.871666666666666,66.24666666666667,0.2916666666666667,156.3276,0,0
529,1995-09-11,29.758999999999997,21.57,9.367,63.536,0.242,139.0345,0,0
530,1995-09-21,29.812857142857144,21.852857142857143,8.764285714285714,64.33285714285714,0.22285714285714286,132.5776,0,0
531,1995-10-01,28.69666666666667,21.776666666666667,7.13,67.675,0.2683333333333333,150.6293,0,0
532,1995-10-11,28.714999999999996,22.25,8.379999999999999,70.12899999999999,0.41600000000000004,168.4914,0,0
533,1995-10-21,28.062666666666665,22.39466666666667,6.628,72.82866666666668,0.40800000000000003,215.1552,0,0
534,1995-11-01,27.218333333333334,23.33666666666667,5.751666666666666,80.39666666666666,0.4533333333333333,254.7931,1,1
535,1995-11-11,27.601999999999997,22.806,6.890000000000001,76.702,0.45999999999999996,315.1897,1,0
536,1995-11-21,27.835,21.095,7.493571428571428,68.24857142857142,0.4257142857142857,236.5431,0,0
537,1995-12-01,26.291666666666668,20.856666666666666,6.071666666666666,73.19333333333333,0.43166666666666664,126.0,0,0
538,1995-12-11,26.482,19.75321428571428,7.241,63.318,0.392,52.9828,0,0
539,1995-12-21,26.68933333333333,20.57,6.274666666666667,70.40533333333333,0.38533333333333336,66.3103,0,0
540,1996-01-01,26.143333333333334,19.75321428571428,7.086666666666667,68.935,0.3633333333333333,53.3966,0,0
541,1996-01-11,26.563,20.468,7.0040000000000004,70.712,0.365,79.1724,0,0
542,1996-01-21,26.18933333333333,19.75321428571428,7.358666666666666,67.11266666666667,0.3346666666666667,168.0172,0,0
543,1996-02-01,26.415000000000003,20.085,6.415,69.47333333333333,0.36166666666666664,194.1207,0,0
544,1996-02-11,26.95,20.329,7.720000000000001,68.739,0.352,153.7931,0,0
545,1996-02-21,27.407692307692308,20.986923076923077,7.875384615384615,69.82615384615384,0.3153846153846154,77.5776,0,0
546,1996-03-01,27.423333333333332,19.75321428571428,8.251666666666667,64.46333333333332,0.27499999999999997,47.9914,0,0
547,1996-03-11,27.756999999999998,19.75321428571428,11.209,62.517999999999994,0.211,48.0948,0,0
548,1996-03-21,29.901999999999997,20.755999999999997,10.857333333333335,61.532666666666664,0.17466666666666666,26.7328,0,0
549,1996-04-01,27.996666666666666,22.97666666666667,6.086666666666666,75.49666666666667,0.245,66.2586,0,1
550,1996-04-11,28.736,22.39,8.037,70.503,0.39699999999999996,119.2672,0,0
551,1996-04-21,30.00214285714286,22.43857142857143,8.123571428571427,66.34857142857143,0.3242857142857143,107.6034,0,0
552,1996-05-01,31.400000000000002,22.113333333333333,10.25,60.51833333333334,0.22166666666666668,110.5604,0,0
553,1996-05-11,31.933999999999997,21.378,12.015,56.61,0.187,66.6293,0,0
554,1996-05-21,31.45133333333333,21.679333333333332,10.388,58.75666666666667,0.2693333333333333,97.2241,0,0
555,1996-06-01,29.141666666666666,22.616666666666664,7.798333333333333,69.63666666666667,0.4183333333333333,61.2586,0,0
556,1996-06-11,27.897000000000002,22.921,5.654999999999999,75.7,0.461,52.8017,0,0
557,1996-06-21,28.945,22.306428571428572,8.338571428571429,69.21857142857142,0.41000000000000003,15.3103,0,0
558,1996-07-01,29.293333333333333,21.50666666666667,9.125,64.83833333333332,0.38166666666666665,24.3707,0,0
559,1996-07-11,28.597,21.805,6.8340000000000005,68.146,0.367,48.2931,0,0
560,1996-07-21,28.334,21.265333333333334,7.548,67.19466666666666,0.336,52.7931,0,0
561,1996-08-01,29.418333333333333,21.31833333333333,9.865,64.02666666666666,0.325,38.5345,0,0
562,1996-08-11,28.49,21.312,7.643000000000001,67.043,0.266,55.569,0,0
563,1996-08-21,28.028666666666666,21.567333333333334,7.600666666666666,69.434,0.37866666666666665,134.6638,0,0
564,1996-09-01,28.96166666666667,21.85166666666667,8.351666666666667,67.30666666666667,0.3433333333333333,197.0862,0,0
565,1996-09-11,27.973000000000003,22.093,6.962999999999999,71.858,0.421,186.069,0,0
566,1996-09-21,27.800714285714285,22.295714285714286,6.517857142857143,73.33928571428571,0.3942857142857143,213.7586,0,0
567,1996-10-01,29.308333333333334,21.57166666666667,9.306666666666667,65.12666666666667,0.3283333333333333,188.3621,0,0
568,1996-10-11,27.838,22.839,6.68,75.739,0.40599999999999997,309.7069,0,0
569,1996-10-21,28.046,21.469333333333335,9.229333333333333,70.24066666666666,0.412,233.5086,0,0
570,1996-11-01,28.698333333333334,20.613333333333333,9.703333333333333,63.708333333333336,0.36000000000000004,203.8534,0,0
571,1996-11-11,28.697000000000003,20.602,8.942,63.635000000000005,0.309,88.5259,0,0
572,1996-11-21,26.76928571428571,22.962142857142858,5.625714285714286,80.85428571428572,0.4442857142857143,363.8103,1,1
573,1996-12-01,26.941666666666666,19.75321428571428,11.045,64.32333333333334,0.4066666666666667,414.2758,0,0
574,1996-12-11,26.383,22.488,5.629,80.148,0.417,423.72415,1,1
575,1996-12-21,25.94,20.328666666666667,7.118666666666667,72.68866666666666,0.42266666666666663,196.319,0,0
576,1997-01-01,25.423333333333332,19.75321428571428,7.991666666666667,70.78,0.405,138.4138,0,0
577,1997-01-11,26.504,20.419,7.465000000000001,70.686,0.38,23.6034,0,0
578,1997-01-21,26.291333333333334,19.75321428571428,8.664666666666667,64.48266666666667,0.31466666666666665,14.5431,0,0
579,1997-02-01,26.845,19.75321428571428,9.015,66.18833333333333,0.26833333333333337,14.0517,0,0
580,1997-02-11,26.324,19.75321428571428,10.102,63.141000000000005,0.24700000000000003,46.8793,0,0
581,1997-02-21,27.314166666666665,19.75321428571428,9.700000000000001,63.86416666666667,0.21583333333333332,47.1121,0,0
582,1997-03-01,27.848333333333333,20.81,8.421666666666667,67.23666666666666,0.3016666666666667,45.9397,0,0
583,1997-03-11,28.204,19.75321428571428,11.979000000000001,61.81,0.23700000000000002,9.6724,0,0
584,1997-03-21,29.67733333333333,20.148000000000003,11.187333333333333,60.49933333333333,0.174,26.1466,0,0
585,1997-04-01,28.90833333333333,22.046666666666667,7.478333333333333,68.87,0.29,62.9224,0,0
586,1997-04-11,29.948,21.426,10.289,63.327,0.377,77.1638,0,0
587,1997-04-21,29.667857142857144,22.34142857142857,8.001428571428571,66.69285714285715,0.37,117.7845,0,0
588,1997-05-01,28.026666666666667,23.973333333333333,5.491666666666667,79.77833333333334,0.5083333333333333,164.1638,1,0
589,1997-05-11,28.156,23.152,6.067,75.75,0.46699999999999997,229.4741,0,0
590,1997-05-21,29.894000000000002,22.897333333333332,9.271333333333333,68.18466666666667,0.42133333333333334,186.5603,0,0
591,1997-06-01,30.89833333333333,21.665000000000003,11.325000000000001,60.803333333333335,0.38166666666666665,102.931,0,0
592,1997-06-11,29.869999999999997,22.119999999999997,8.658,65.282,0.39699999999999996,26.6293,0,0
593,1997-06-21,28.992857142857144,22.395714285714288,7.070714285714286,69.24571428571429,0.38571428571428573,8.819,0,0
594,1997-07-01,28.66,21.558333333333334,7.958333333333333,67.23666666666666,0.38999999999999996,36.6983,0,0
595,1997-07-11,28.895,22.355,7.7010000000000005,69.603,0.41500000000000004,56.8793,0,0
596,1997-07-21,28.257333333333335,22.866666666666667,6.764666666666667,74.06866666666666,0.4433333333333333,80.5345,0,0
597,1997-08-01,28.635,22.723333333333333,7.051666666666667,71.92833333333333,0.4216666666666667,64.2672,0,0
598,1997-08-11,28.318,22.331,7.621,71.947,0.42800000000000005,41.9138,0,0
599,1997-08-21,29.029333333333334,22.135333333333335,7.969333333333334,68.18133333333334,0.39133333333333337,21.9741,0,0
600,1997-09-01,29.71666666666667,21.831666666666667,9.533333333333333,64.73166666666667,0.3833333333333333,24.6466,0,0
601,1997-09-11,27.842000000000002,22.782,7.075,75.84700000000001,0.487,53.3879,0,0
602,1997-09-21,27.632857142857144,22.934285714285714,6.909999999999999,76.91357142857143,0.4785714285714286,78.4569,0,0
603,1997-10-01,27.52333333333333,21.988333333333333,7.906666666666666,73.83166666666666,0.47500000000000003,94.3017,0,0
604,1997-10-11,27.159,23.32,5.7829999999999995,80.761,0.519,179.6293,1,1
605,1997-10-21,27.232666666666667,23.74866666666667,5.242666666666667,82.066,0.5893333333333334,233.7414,1,1
606,1997-11-01,26.45,24.458333333333332,3.5850000000000004,88.99333333333334,0.7216666666666667,334.0345,1,1
607,1997-11-11,26.526999999999997,24.053,4.968999999999999,86.699,0.707,349.7586,1,1
608,1997-11-21,26.53,23.852857142857143,4.671428571428572,85.66857142857143,0.72,423.72415,1,1
609,1997-12-01,26.448333333333334,24.501666666666665,3.7816666666666663,89.27833333333332,0.7083333333333334,423.72415,1,1
610,1997-12-11,26.462,24.592000000000002,3.724,89.675,0.725,423.72415,1,1
611,1997-12-21,25.88266666666667,23.078666666666667,4.71,84.92266666666666,0.74,287.2845,1,1
612,1998-01-01,25.641666666666666,22.665000000000003,4.226666666666667,83.94,0.7116666666666666,203.4483,1,1
613,1998-01-11,25.185,22.118000000000002,5.142,83.529,0.681,127.1293,1,1
614,1998-01-21,26.281333333333336,22.404,6.225333333333333,79.92066666666666,0.5693333333333334,114.6896,1,1
615,1998-02-01,26.66333333333333,21.223333333333333,6.2250000000000005,72.91833333333334,0.47833333333333333,27.9483,0,0
616,1998-02-11,27.182,21.467,7.188,72.192,0.44400000000000006,12.7586,0,0
617,1998-02-21,28.518333333333334,21.212500000000002,10.605833333333333,67.79166666666667,0.4033333333333333,6.75,0,0
618,1998-03-01,27.885,20.323333333333334,9.5,66.20833333333333,0.38833333333333336,7.0259,0,0
619,1998-03-11,28.889999999999997,20.718,11.384,65.428,0.366,7.0862,0,0
620,1998-03-21,29.101333333333333,21.459999999999997,9.717999999999998,66.32533333333333,0.32466666666666666,16.5603,0,0
621,1998-04-01,29.953333333333333,23.235,7.821666666666666,68.81333333333333,0.39999999999999997,17.9655,0,0
622,1998-04-11,30.092000000000002,22.231,9.93,65.76,0.35700000000000004,17.3534,0,0
623,1998-04-21,31.50142857142857,22.272142857142857,10.867142857142856,61.0,0.30500000000000005,22.4224,0,0
624,1998-05-01,31.183333333333334,23.575,8.838333333333333,65.99333333333334,0.33166666666666667,79.4138,0,0
625,1998-05-11,28.856,24.601,5.381,79.00399999999999,0.519,207.7586,1,0
626,1998-05-21,30.174666666666667,24.272666666666666,8.376,72.54733333333334,0.45466666666666666,201.3448,0,0
627,1998-06-01,29.290000000000003,23.506666666666664,7.433333333333334,72.49166666666666,0.4266666666666667,144.2931,0,0
628,1998-06-11,29.066000000000003,23.322,6.589,72.59299999999999,0.425,17.9655,0,0
629,1998-06-21,28.801428571428573,22.708571428571428,6.8792857142857144,71.16857142857143,0.41714285714285715,12.75,0,0
630,1998-07-01,28.871666666666666,22.099999999999998,7.575,68.78333333333335,0.4033333333333333,28.2845,0,0
631,1998-07-11,28.894,22.535,7.851000000000001,70.49,0.40199999999999997,86.0948,0,0
632,1998-07-21,27.579333333333334,23.16,6.137333333333333,78.07866666666668,0.458,116.8621,0,0
633,1998-08-01,28.22666666666667,22.820000000000004,6.823333333333333,73.81833333333333,0.44333333333333336,118.2758,0,0
634,1998-08-11,28.598000000000003,23.103,7.5920000000000005,73.80499999999999,0.44000000000000006,84.6379,0,0
635,1998-08-21,28.03666666666667,22.78533333333333,7.529333333333333,74.99333333333333,0.44599999999999995,71.181,0,0
636,1998-09-01,27.93166666666667,22.708333333333332,7.363333333333333,74.75666666666667,0.44,124.1034,0,0
637,1998-09-11,28.421,22.318,8.299000000000001,71.454,0.41500000000000004,106.7931,0,0
638,1998-09-21,27.989285714285717,22.535714285714285,7.182857142857143,73.92428571428572,0.43000000000000005,158.8793,0,0
639,1998-10-01,28.525000000000002,22.516666666666666,7.876666666666666,71.87333333333333,0.40833333333333327,160.6724,0,0
640,1998-10-11,27.381,22.916,6.555,78.107,0.45099999999999996,176.2328,0,0
641,1998-10-21,27.875999999999998,22.888666666666666,7.546666666666667,76.172,0.49333333333333335,150.7414,0,0
642,1998-11-01,25.875,23.820000000000004,4.751666666666667,88.74666666666667,0.6883333333333334,254.4483,1,1
643,1998-11-11,25.927,23.912,4.573,88.998,0.737,254.1552,1,1
644,1998-11-21,26.004285714285714,22.611428571428572,6.936428571428571,82.39071428571428,0.6642857142857144,212.3621,1,1
645,1998-12-01,26.115,23.733333333333334,4.33,87.08,0.6683333333333333,267.9224,1,1
646,1998-12-11,25.671,23.315,4.043,87.251,0.729,335.3104,1,1
647,1998-12-21,25.079333333333334,22.255999999999997,4.5280000000000005,84.91666666666667,0.7106666666666667,423.72415,1,1
648,1999-01-01,24.811666666666667,23.334999999999997,2.935,91.57333333333334,0.88,372.7586,1,1
649,1999-01-11,24.803,22.311,5.063000000000001,86.365,0.841,394.6897,1,1
650,1999-01-21,24.327333333333332,21.317999999999998,4.998666666666667,83.75733333333332,0.838,357.1638,1,1
651,1999-02-01,25.47666666666667,23.189999999999998,5.448333333333333,87.54666666666667,0.79,252.388,1,1
652,1999-02-11,25.447,22.887999999999998,4.9990000000000006,86.118,0.772,207.7586,1,1
653,1999-02-21,25.785833333333333,23.563333333333333,4.0408333333333335,87.8075,0.8008333333333333,130.3534,1,1
654,1999-03-01,25.531666666666666,22.543333333333333,6.05,84.05333333333333,0.75,95.3362,1,1
655,1999-03-11,25.958999999999996,21.319,7.811,76.816,0.694,28.2414,0,1
656,1999-03-21,27.287333333333333,22.779999999999998,8.477333333333332,78.24666666666667,0.5886666666666667,8.5259,0,0
657,1999-04-01,27.338333333333335,23.061666666666667,6.255,78.52666666666666,0.5366666666666667,71.3448,0,0
658,1999-04-11,27.889,23.887999999999998,7.390000000000001,80.344,0.561,123.6638,0,0
659,1999-04-21,27.38,23.34642857142857,7.642142857142858,80.19785714285715,0.5671428571428571,133.9741,0,0
660,1999-05-01,28.733333333333334,23.266666666666666,8.903333333333334,74.11,0.4716666666666667,101.4655,0,0
661,1999-05-11,27.828000000000003,23.331,6.901999999999999,77.874,0.48200000000000004,85.9396,0,0
662,1999-05-21,27.586000000000002,23.304,6.018666666666666,78.506,0.476,104.5431,0,0
663,1999-06-01,27.465,23.145,6.48,78.67833333333333,0.4716666666666667,77.181,0,0
664,1999-06-11,27.083999999999996,22.615000000000002,5.987,77.533,0.48,38.2328,0,0
665,1999-06-21,28.570714285714285,21.78142857142857,10.075714285714286,69.39785714285713,0.41428571428571426,9.4828,0,0
666,1999-07-01,28.084999999999997,21.963333333333335,8.766666666666667,71.425,0.4083333333333334,7.3017,0,0
667,1999-07-11,27.924,21.654,7.6930000000000005,70.673,0.403,16.5948,0,0
668,1999-07-21,28.07,21.784666666666666,7.562666666666667,70.502,0.4073333333333334,22.5172,0,0
669,1999-08-01,27.921666666666667,21.56833333333333,8.121666666666668,70.38166666666666,0.4166666666666667,23.431,0,0
670,1999-08-11,28.619999999999997,21.891,9.139,69.119,0.409,27.3707,0,0
671,1999-08-21,28.304,21.874000000000002,8.182,69.82866666666668,0.40066666666666667,32.8448,0,0
672,1999-09-01,28.105,21.44333333333333,8.318333333333333,69.20833333333333,0.40166666666666667,34.4052,0,0
673,1999-09-11,29.389,21.503999999999998,9.779,64.981,0.337,26.0431,0,0
674,1999-09-21,28.33857142857143,22.330000000000002,7.990714285714286,71.90142857142857,0.43785714285714283,74.4138,0,0
675,1999-10-01,26.59166666666667,23.206666666666667,6.015000000000001,82.63833333333334,0.5283333333333333,221.9052,1,1
676,1999-10-11,26.465999999999998,23.05,5.914,82.42,0.536,337.7069,1,1
677,1999-10-21,26.358666666666668,23.062,6.221333333333333,83.09666666666666,0.5833333333333334,359.4569,1,1
678,1999-11-01,27.14,22.21666666666667,9.881666666666666,76.85000000000001,0.5266666666666667,323.319,0,0
679,1999-11-11,26.110000000000003,23.049,4.684,83.833,0.579,335.112,1,1
680,1999-11-21,25.47142857142857,23.39785714285714,4.029285714285714,88.6557142857143,0.6900000000000001,383.3448,1,1
681,1999-12-01,25.441666666666666,22.94333333333333,4.776666666666666,86.44,0.7433333333333333,303.5345,1,1
682,1999-12-11,25.131,22.786,4.965,87.29400000000001,0.705,314.931,1,1
683,1999-12-21,24.67866666666667,20.996666666666666,4.992666666666667,80.65799999999999,0.7,255.8966,1,1
684,2000-01-01,24.73166666666667,22.55666666666667,3.9333333333333336,88.0,0.6433333333333334,336.7759,1,1
685,2000-01-11,25.238999999999997,23.169,4.01,88.58,0.659,340.4483,1,1
686,2000-01-21,25.009333333333334,20.650666666666666,6.176,77.64866666666667,0.5533333333333333,282.7672,1,1
687,2000-02-01,26.046666666666667,23.096666666666668,5.221666666666667,84.44666666666667,0.5933333333333334,247.5259,1,1
688,2000-02-11,25.892000000000003,21.057,7.851999999999999,76.15,0.51,120.181,0,0
689,2000-02-21,26.787692307692307,22.44076923076923,6.162307692307692,78.11,0.48923076923076925,159.6379,1,0
690,2000-03-01,27.118333333333336,22.488333333333333,6.266666666666667,76.97500000000001,0.48,111.9655,0,0
691,2000-03-11,28.466,21.955000000000002,9.291,70.648,0.438,96.8104,0,0
692,2000-03-21,27.951999999999998,21.015333333333334,8.516,68.62133333333333,0.3973333333333333,63.5776,0,0
693,2000-04-01,28.40833333333333,22.825,8.049999999999999,73.42333333333333,0.47,49.2155,0,0
694,2000-04-11,29.945,22.446,9.97,67.364,0.41900000000000004,61.4828,0,0
695,2000-04-21,30.097857142857144,22.34714285714286,10.142142857142858,65.92999999999999,0.40499999999999997,61.0172,0,0
696,2000-05-01,30.400000000000002,22.385,8.351666666666667,64.23333333333333,0.37166666666666665,77.3276,0,0
697,2000-05-11,30.444,22.5,9.289,65.096,0.375,64.681,0,0
698,2000-05-21,30.015333333333334,22.601333333333333,8.235333333333333,66.55666666666667,0.37866666666666665,96.6552,0,0
699,2000-06-01,28.959999999999997,22.103333333333335,6.965,67.98166666666667,0.405,72.7931,0,0
700,2000-06-11,28.072000000000003,21.767000000000003,7.348000000000001,70.127,0.414,67.0776,0,0
701,2000-06-21,28.291428571428572,22.13714285714286,7.421428571428572,70.93285714285715,0.40714285714285714,19.7845,0,0
702,2000-07-01,28.256666666666664,21.349999999999998,8.201666666666666,68.12666666666667,0.38999999999999996,12.4397,0,0
703,2000-07-11,28.893,21.152,8.983,65.364,0.37,14.0517,0,0
704,2000-07-21,28.840666666666667,21.779333333333334,9.401333333333334,68.372,0.426,24.6724,0,0
705,2000-08-01,27.62,22.456666666666667,7.253333333333333,74.77166666666666,0.47333333333333333,52.7586,0,0
706,2000-08-11,27.733999999999998,21.767,7.616,71.635,0.44299999999999995,78.9914,0,0
707,2000-08-21,27.772,22.108,6.954666666666666,72.70066666666666,0.44266666666666665,94.8879,0,0
708,2000-09-01,29.069999999999997,21.995,10.086666666666668,67.98833333333333,0.4033333333333333,79.7845,0,0
709,2000-09-11,28.589999999999996,22.152,9.239,70.306,0.445,132.6293,0,0
710,2000-09-21,27.387857142857143,22.925714285714285,6.5600000000000005,77.81142857142856,0.485,231.9396,1,0
711,2000-10-01,26.643333333333334,22.42833333333333,6.716666666666668,78.91166666666668,0.48833333333333334,309.2155,1,1
712,2000-10-11,27.328999999999997,22.826,8.024,78.173,0.502,238.1724,0,0
713,2000-10-21,27.913999999999998,21.456666666666667,8.619333333333334,70.296,0.44333333333333336,137.0345,0,0
714,2000-11-01,27.463333333333335,21.906666666666666,6.366666666666667,72.895,0.4916666666666667,108.4914,0,0
715,2000-11-11,27.169,22.243000000000002,5.7219999999999995,75.38199999999999,0.483,237.4914,1,0
716,2000-11-21,25.764285714285712,23.25357142857143,4.923571428571429,86.5307142857143,0.7842857142857144,274.4741,1,1
717,2000-12-01,26.028333333333332,23.17,5.6450000000000005,84.78166666666667,0.7316666666666666,227.8448,1,1
718,2000-12-11,24.718,21.148000000000003,4.813000000000001,80.99600000000001,0.6910000000000001,151.6552,1,1
719,2000-12-21,25.220666666666666,23.203333333333333,3.8746666666666667,88.82466666666666,0.7193333333333333,391.7414,1,1
720,2001-01-01,25.161666666666665,22.376666666666665,5.178333333333334,84.92333333333333,0.715,382.862,1,1
721,2001-01-11,24.601,21.859,5.071,85.143,0.6759999999999999,410.9914,1,1
722,2001-01-21,24.668666666666663,22.79733333333333,3.893333333333333,89.57333333333332,0.7213333333333334,289.6724,1,1
723,2001-02-01,24.560000000000002,22.44333333333333,5.503333333333334,88.39833333333333,0.7833333333333333,329.9827,1,1
724,2001-02-11,23.860999999999997,20.455000000000002,6.817,81.946,0.711,249.9569,1,1
725,2001-02-21,25.2075,21.588333333333335,8.001666666666667,81.68666666666667,0.6475,66.5086,1,1
726,2001-03-01,26.23166666666667,21.64,7.423333333333333,77.09666666666666,0.555,16.1121,0,0
727,2001-03-11,26.955000000000002,20.889,9.315000000000001,72.03999999999999,0.479,6.3966,0,0
728,2001-03-21,29.62066666666667,21.536,10.987333333333334,64.98533333333333,0.4093333333333333,21.7845,0,0
729,2001-04-01,29.22666666666667,22.355,8.233333333333333,68.79,0.4033333333333333,45.0604,0,0
730,2001-04-11,27.537,23.427,5.656000000000001,79.292,0.513,130.8966,1,0
731,2001-04-21,28.445,23.395,6.8378571428571435,75.66714285714285,0.49000000000000005,150.3793,0,0
732,2001-05-01,29.415000000000003,24.206666666666667,8.731666666666667,75.49666666666667,0.47833333333333333,144.2586,0,0
733,2001-05-11,29.666000000000004,24.35,7.632,74.745,0.44299999999999995,62.0431,0,0
734,2001-05-21,28.966666666666665,23.374666666666666,7.245333333333334,73.598,0.42666666666666664,50.1638,0,0
735,2001-06-01,27.301666666666666,23.706666666666667,5.633333333333333,81.94500000000001,0.6116666666666667,48.0,1,1
736,2001-06-11,27.413,23.409,6.274,79.861,0.524,44.7672,0,1
737,2001-06-21,28.19214285714286,22.79642857142857,7.344285714285715,74.07000000000001,0.4557142857142857,19.3793,0,0
738,2001-07-01,28.22666666666667,22.933333333333334,6.94,74.34666666666666,0.44166666666666665,9.181,0,0
739,2001-07-11,27.679000000000002,22.125999999999998,7.328999999999999,73.303,0.44400000000000006,22.181,0,0
740,2001-07-21,27.694666666666667,22.34333333333333,7.5873333333333335,74.66333333333334,0.48000000000000004,87.3017,0,0
741,2001-08-01,27.061666666666667,22.465,7.141666666666666,77.26666666666667,0.5316666666666666,84.0604,0,0
742,2001-08-11,28.268,22.687,8.264,73.337,0.454,71.5345,0,0
743,2001-08-21,28.513333333333332,22.395333333333333,7.723333333333333,71.18466666666667,0.4246666666666667,14.7155,0,0
744,2001-09-01,29.081666666666667,21.62833333333333,10.303333333333333,66.935,0.4083333333333334,20.1724,0,0
745,2001-09-11,29.125999999999998,21.762,9.747,67.029,0.40700000000000003,66.8621,0,0
746,2001-09-21,27.608571428571427,22.45642857142857,6.977857142857142,74.91785714285713,0.45785714285714285,107.1379,0,0
747,2001-10-01,27.275000000000002,22.778333333333336,7.016666666666666,78.19166666666666,0.5399999999999999,179.5862,0,0
748,2001-10-11,27.689999999999998,22.937,7.7989999999999995,77.015,0.489,173.7758,0,0
749,2001-10-21,27.355999999999998,23.133333333333333,6.23,78.86466666666666,0.48666666666666664,204.8534,1,1
750,2001-11-01,28.021666666666665,22.368333333333336,6.511666666666667,72.79,0.47500000000000003,206.6897,0,0
751,2001-11-11,26.536,23.475,5.514,84.102,0.563,266.112,1,1
752,2001-11-21,25.905714285714286,22.993571428571425,4.113571428571428,84.31357142857142,0.6764285714285715,253.112,1,1
753,2001-12-01,25.59,23.455000000000002,3.6816666666666666,88.27499999999999,0.6733333333333333,309.0948,1,1
754,2001-12-11,25.097,20.299,6.252,75.612,0.596,299.5862,1,1
755,2001-12-21,25.446666666666665,23.562,3.4686666666666666,89.56466666666667,0.7419999999999999,300.5,1,1
756,2002-01-01,25.47666666666667,23.36,3.698333333333333,88.265,0.7716666666666666,180.8276,1,1
757,2002-01-11,24.721,21.145,5.36,81.02000000000001,0.718,97.6034,1,1
758,2002-01-21,25.212666666666667,22.134666666666664,5.884,83.67666666666668,0.6453333333333333,107.8017,1,1
759,2002-02-01,25.983333333333334,23.175,4.213333333333334,85.01166666666667,0.6716666666666667,142.5259,1,1
760,2002-02-11,25.216,21.917,5.703,82.518,0.6719999999999999,136.8707,1,1
761,2002-02-21,25.896666666666665,22.021666666666665,6.285,79.99,0.5766666666666667,60.7241,1,1
762,2002-03-01,26.541666666666668,21.653333333333336,7.675,76.01833333333333,0.5,25.7672,0,0
763,2002-03-11,27.308,22.137,7.939,75.051,0.46799999999999997,35.7672,0,0
764,2002-03-21,28.444666666666667,22.423333333333336,8.417333333333334,72.03266666666667,0.43066666666666664,46.4483,0,0
765,2002-04-01,29.32166666666667,22.80333333333333,9.551666666666668,70.65166666666667,0.43333333333333335,61.2155,0,0
766,2002-04-11,28.93,23.219,7.603,73.176,0.44299999999999995,108.7328,0,0
767,2002-04-21,28.437142857142856,23.55857142857143,6.708571428571429,76.18857142857144,0.4628571428571429,154.5172,0,0
768,2002-05-01,27.953333333333333,24.563333333333333,5.575,82.82333333333334,0.5516666666666666,188.5172,1,1
769,2002-05-11,29.469,24.29,7.76,75.253,0.47000000000000003,133.8707,0,0
770,2002-05-21,29.088666666666665,23.628,7.6,74.02866666666667,0.4393333333333333,93.2328,0,0
771,2002-06-01,28.896666666666665,23.34,7.765000000000001,73.62166666666667,0.43333333333333335,30.4052,0,0
772,2002-06-11,28.558,23.168,7.138,74.159,0.44299999999999995,25.4569,0,0
773,2002-06-21,29.010714285714283,22.84642857142857,8.319285714285714,71.36214285714286,0.4342857142857143,8.9914,0,0
774,2002-07-01,29.69333333333333,22.444999999999997,9.503333333333332,67.16833333333334,0.395,7.8362,0,0
775,2002-07-11,29.401,21.999000000000002,9.318000000000001,66.624,0.385,11.3793,0,0
776,2002-07-21,29.034,21.875999999999998,8.362,67.13933333333334,0.35200000000000004,29.9052,0,0
777,2002-08-01,28.365,21.176666666666666,8.0,66.845,0.37833333333333335,40.3621,0,0
778,2002-08-11,28.610000000000003,21.419999999999998,8.135,67.375,0.33999999999999997,45.4052,0,0
779,2002-08-21,28.848666666666666,22.255333333333333,8.108,69.54666666666667,0.4106666666666667,41.2759,0,0
780,2002-09-01,29.816666666666666,21.35166666666667,11.181666666666667,63.35166666666667,0.365,32.0431,0,0
781,2002-09-11,29.702999999999996,20.963,10.264,61.997,0.343,36.2155,0,0
782,2002-09-21,29.965,21.693571428571428,9.600714285714286,63.58571428571429,0.3507142857142857,47.4396,0,0
783,2002-10-01,28.848333333333333,22.83666666666667,8.025,71.795,0.44166666666666665,112.4914,0,0
784,2002-10-11,27.706,23.205000000000002,7.133,78.051,0.488,186.8276,0,0
785,2002-10-21,26.622666666666664,23.228666666666665,6.3933333333333335,82.74533333333333,0.5653333333333334,262.3707,1,1
786,2002-11-01,26.361666666666665,23.84,3.9066666666666663,86.375,0.6183333333333333,322.6724,1,1
787,2002-11-11,26.226999999999997,23.886000000000003,4.652,87.396,0.6519999999999999,352.1897,1,1
788,2002-11-21,25.885714285714283,23.220714285714287,5.345714285714286,85.77499999999999,0.7328571428571429,281.2414,1,1
789,2002-12-01,26.2,23.52333333333333,4.5200000000000005,85.63499999999999,0.7116666666666668,342.112,1,1
790,2002-12-11,25.752,24.317,2.9690000000000003,91.825,0.842,423.72415,1,1
791,2002-12-21,25.005333333333333,22.174,4.043333333333333,84.59466666666667,0.8673333333333333,423.72415,1,1
792,2003-01-01,24.921666666666667,22.555000000000003,4.3999999999999995,87.01666666666667,0.8416666666666667,423.72415,1,1
793,2003-01-11,25.048,22.580000000000002,4.2379999999999995,86.452,0.869,423.72415,1,1
794,2003-01-21,24.671333333333333,21.947333333333333,4.8133333333333335,85.20666666666666,0.818,370.3707,1,1
795,2003-02-01,25.668333333333333,23.418333333333333,4.363333333333333,87.63,0.795,97.7931,1,1
796,2003-02-11,26.291000000000004,23.992,4.425,87.45599999999999,0.796,126.3621,1,1
797,2003-02-21,25.174166666666668,21.30666666666667,6.5675,79.76166666666667,0.7225,115.4224,1,1
798,2003-03-01,25.795,21.951666666666668,6.163333333333334,80.03500000000001,0.6683333333333333,84.4741,1,1
799,2003-03-11,26.8,23.394,5.646,82.25399999999999,0.632,96.319,1,1
800,2003-03-21,26.881333333333334,23.410666666666668,6.050666666666667,82.22533333333334,0.6253333333333334,110.3621,1,1
801,2003-04-01,28.515,23.03833333333333,9.06,74.39999999999999,0.5216666666666666,113.2586,0,0
802,2003-04-11,28.598000000000003,23.125999999999998,8.269,74.14500000000001,0.473,55.431,0,0
803,2003-04-21,28.863571428571426,23.494285714285716,7.5164285714285715,74.66071428571429,0.4557142857142857,112.5948,0,0
804,2003-05-01,28.926666666666666,24.468333333333334,6.821666666666666,78.26833333333333,0.48666666666666664,196.7931,0,0
805,2003-05-11,28.999000000000002,23.562,6.976000000000001,74.01,0.471,214.2845,0,0
806,2003-05-21,29.596666666666668,23.859333333333332,8.404666666666667,73.13933333333333,0.45666666666666667,145.8966,0,0
807,2003-06-01,29.99,23.501666666666665,9.173333333333334,70.06,0.425,52.181,0,0
808,2003-06-11,29.494,23.372,7.7459999999999996,71.154,0.418,9.8534,0,0
809,2003-06-21,28.134285714285713,22.667857142857144,6.653571428571429,73.56928571428571,0.4257142857142857,15.681,0,0
810,2003-07-01,28.13,22.228333333333335,8.158333333333333,72.07166666666667,0.41333333333333333,55.2931,0,0
811,2003-07-11,28.448,22.569,7.304,72.066,0.40800000000000003,58.181,0,0
812,2003-07-21,28.819333333333336,23.173333333333336,7.03,73.07,0.412,68.4224,0,0
813,2003-08-01,28.496666666666666,22.80333333333333,7.205000000000001,73.02333333333333,0.39666666666666667,38.25,0,0
814,2003-08-11,28.874000000000002,22.715,7.305,70.829,0.389,59.4569,0,0
815,2003-08-21,28.696666666666665,21.985333333333333,8.158,68.98933333333333,0.3846666666666667,60.5259,0,0
816,2003-09-01,28.49666666666667,22.106666666666666,8.375,70.18833333333333,0.41500000000000004,78.5776,0,0
817,2003-09-11,29.195,21.64,9.845,66.519,0.383,120.3362,0,0
818,2003-09-21,29.404285714285713,22.25142857142857,9.314285714285715,67.86142857142858,0.39999999999999997,130.1293,0,0
819,2003-10-01,28.548333333333332,22.733333333333334,7.383333333333333,72.43666666666667,0.425,141.1638,0,0
820,2003-10-11,28.804000000000002,22.39,8.745000000000001,70.543,0.413,140.3879,0,0
821,2003-10-21,28.35666666666667,22.282,8.169333333333332,71.91066666666667,0.4313333333333333,142.3017,0,0
822,2003-11-01,26.508333333333336,23.208333333333332,5.181666666666667,82.89999999999999,0.5533333333333333,191.9828,1,1
823,2003-11-11,26.473000000000003,23.949,4.111,86.488,0.671,259.2328,1,1
824,2003-11-21,25.892857142857142,23.749285714285715,3.9857142857142853,88.21214285714287,0.7507142857142857,400.0948,1,1
825,2003-12-01,25.81833333333333,23.485,4.066666666666666,87.20666666666666,0.795,337.319,1,1
826,2003-12-11,25.313,22.136000000000003,5.5729999999999995,83.17999999999999,0.763,227.3966,1,1
827,2003-12-21,25.64,22.495333333333335,5.349333333333333,83.352,0.6933333333333334,84.0345,1,1
828,2004-01-01,25.48,21.905,5.051666666666667,81.14333333333333,0.6233333333333334,63.1983,1,1
829,2004-01-11,25.582,22.535,4.902,83.744,0.648,44.1207,1,1
830,2004-01-21,25.519333333333336,21.740000000000002,6.176666666666667,80.47600000000001,0.574,21.319,1,1
831,2004-02-01,26.578333333333333,22.545,6.27,79.595,0.5116666666666667,31.9828,0,1
832,2004-02-11,26.451,21.961000000000002,6.279999999999999,77.42999999999999,0.517,32.3793,0,0
833,2004-02-21,25.43,19.75321428571428,8.508461538461539,71.75461538461538,0.47230769230769226,46.3362,0,0
834,2004-03-01,26.621666666666666,19.75321428571428,9.666666666666666,68.36166666666666,0.4183333333333333,33.1724,0,0
835,2004-03-11,27.383,22.805,6.4719999999999995,77.523,0.466,36.9828,0,0
836,2004-03-21,29.32133333333333,22.381333333333334,10.464,69.52266666666667,0.42066666666666663,41.3793,0,0
837,2004-04-01,28.448333333333334,22.771666666666665,8.181666666666667,73.53500000000001,0.4466666666666667,59.8103,0,0
838,2004-04-11,29.444,23.167,8.476,71.334,0.414,67.3362,0,0
839,2004-04-21,30.196428571428573,23.162857142857145,9.022142857142857,68.54285714285714,0.4178571428571428,91.7155,0,0
840,2004-05-01,28.245,24.036666666666665,6.053333333333334,79.105,0.5266666666666667,179.6121,1,0
841,2004-05-11,29.558,23.527,7.731,71.926,0.45,177.6983,0,0
842,2004-05-21,28.481333333333332,23.236666666666668,6.9446666666666665,74.70466666666667,0.464,233.0604,0,0
843,2004-06-01,28.201666666666668,23.146666666666665,6.815,75.50166666666667,0.45999999999999996,128.1983,0,0
844,2004-06-11,28.276999999999997,22.805,7.192,73.75899999999999,0.45099999999999996,114.6293,0,0
845,2004-06-21,28.853571428571428,22.117142857142856,8.925714285714287,69.12357142857142,0.4107142857142857,7.8534,0,0
846,2004-07-01,28.593333333333334,22.173333333333332,7.413333333333333,69.86166666666666,0.42166666666666663,34.2155,0,0
847,2004-07-11,28.014999999999997,22.207,7.627,72.593,0.43200000000000005,47.2931,0,0
848,2004-07-21,28.434666666666665,22.19333333333333,7.859999999999999,70.72466666666668,0.4066666666666666,50.8707,0,0
849,2004-08-01,28.635,21.923333333333332,7.785,68.89166666666667,0.3866666666666667,38.6552,0,0
850,2004-08-11,29.116000000000003,21.792,8.75,66.87,0.368,36.5259,0,0
851,2004-08-21,29.188,21.990000000000002,8.518666666666666,67.18266666666666,0.388,63.181,0,0
852,2004-09-01,29.253333333333334,21.471666666666664,8.683333333333334,64.73333333333333,0.36833333333333335,104.569,0,0
853,2004-09-11,28.598000000000003,21.933,7.795999999999999,69.05199999999999,0.355,139.75,0,0
854,2004-09-21,27.50142857142857,23.222857142857144,6.704285714285715,78.985,0.5478571428571428,312.4741,1,0
855,2004-10-01,27.081666666666667,22.845,7.195,79.05,0.555,337.7069,1,1
856,2004-10-11,27.373,23.832,6.242,82.08500000000001,0.576,423.72415,1,1
857,2004-10-21,26.354666666666667,24.086666666666666,4.107333333333333,87.67866666666667,0.7246666666666666,423.72415,1,1
858,2004-11-01,26.078333333333333,23.948333333333334,4.201666666666667,88.3,0.7799999999999999,423.72415,1,1
859,2004-11-11,26.067,24.351,3.3600000000000003,90.39399999999999,0.827,421.0948,1,1
860,2004-11-21,26.229285714285712,24.004285714285714,3.6957142857142857,87.75857142857141,0.8442857142857143,308.819,1,1
861,2004-12-01,25.855,23.57166666666667,4.528333333333333,87.52,0.84,292.2586,1,1
862,2004-12-11,25.594,23.605,3.3259999999999996,88.939,0.8869999999999999,423.72415,1,1
863,2004-12-21,24.552,21.441333333333333,5.048,83.202,0.8966666666666666,423.72415,1,1
864,2005-01-01,24.926666666666666,22.508333333333336,4.051666666666667,86.67,0.9133333333333334,423.72415,1,1
865,2005-01-11,24.665,21.722,4.721,83.94500000000001,0.869,291.25,1,1
866,2005-01-21,25.521333333333335,23.252666666666666,4.243333333333334,87.50399999999999,0.8746666666666666,250.6207,1,1
867,2005-02-01,25.245,22.429999999999996,5.1433333333333335,84.74,0.8383333333333333,209.4828,1,1
868,2005-02-11,25.214000000000002,21.666999999999998,5.798,81.14,0.791,92.0259,1,1
869,2005-02-21,25.665000000000003,22.4325,6.085833333333333,82.80583333333333,0.7241666666666666,16.9741,1,1
870,2005-03-01,26.28,23.09166666666667,5.623333333333334,83.105,0.6683333333333333,41.5776,1,1
871,2005-03-11,26.436,23.378,5.228,83.821,0.667,52.1896,1,1
872,2005-03-21,27.566666666666666,23.301333333333332,7.307333333333333,78.84133333333332,0.5713333333333334,67.1896,0,0
873,2005-04-01,26.945000000000004,24.575,4.398333333333333,87.46499999999999,0.6816666666666666,117.431,1,1
874,2005-04-11,27.669,24.271,6.508,82.649,0.633,130.8448,1,1
875,2005-04-21,28.31714285714286,24.444285714285712,6.189285714285715,80.4742857142857,0.5807142857142856,193.7328,1,1
876,2005-05-01,28.48,24.53833333333333,6.171666666666667,80.21166666666666,0.5816666666666667,178.8362,1,1
877,2005-05-11,29.623,24.174,8.913,74.364,0.496,167.2242,0,0
878,2005-05-21,29.829333333333334,23.96333333333333,7.914666666666666,72.536,0.44666666666666666,148.0604,0,0
879,2005-06-01,29.375,24.03333333333333,6.963333333333334,74.33833333333334,0.4283333333333333,81.181,0,0
880,2005-06-11,29.194,23.474,7.019,72.78999999999999,0.426,67.2586,0,0
881,2005-06-21,28.752857142857145,22.66142857142857,7.655,71.64785714285715,0.4107142857142857,6.069,0,0
882,2005-07-01,29.135,22.849999999999998,7.838333333333334,70.77666666666666,0.3983333333333334,11.7845,0,0
883,2005-07-11,28.266,22.475,6.917,72.432,0.418,37.1034,0,0
884,2005-07-21,28.666666666666668,22.344,7.679333333333333,70.30133333333333,0.3973333333333333,44.6552,0,0
885,2005-08-01,29.099999999999998,22.095,8.886666666666667,68.29166666666667,0.38166666666666665,50.1552,0,0
886,2005-08-11,29.45,21.95,8.774,66.44500000000001,0.35300000000000004,35.4483,0,0
887,2005-08-21,29.442666666666664,22.062,8.753333333333334,66.578,0.37533333333333335,50.7155,0,0
888,2005-09-01,28.235,22.849999999999998,7.228333333333333,73.98333333333333,0.445,106.6293,0,0
889,2005-09-11,28.119999999999997,22.429,7.081,72.58099999999999,0.414,111.3966,0,0
890,2005-09-21,29.412142857142857,21.763571428571428,10.155714285714286,66.03928571428571,0.3885714285714286,96.3879,0,0
891,2005-10-01,29.333333333333332,22.041666666666668,8.415,66.745,0.36833333333333335,112.8276,0,0
892,2005-10-11,27.937,23.214,6.726999999999999,77.006,0.476,199.2414,0,0
893,2005-10-21,27.023333333333333,23.625999999999998,6.121333333333333,82.77666666666667,0.5533333333333333,328.9655,1,1
894,2005-11-01,26.111666666666668,24.084999999999997,4.0616666666666665,88.94666666666667,0.7183333333333334,423.72415,1,1
895,2005-11-11,26.212,24.004,4.294,88.054,0.749,423.72415,1,1
896,2005-11-21,25.294285714285714,23.125,4.196428571428571,88.14999999999999,0.8150000000000001,423.72415,1,1
897,2005-12-01,25.703333333333333,23.07166666666667,6.359999999999999,85.99833333333333,0.7983333333333333,317.8362,1,1
898,2005-12-11,25.125,23.217000000000002,4.322,89.38300000000001,0.793,188.7931,1,1
899,2005-12-21,24.733333333333334,21.971333333333334,5.717333333333333,85.16000000000001,0.7906666666666666,114.431,1,1
900,2006-01-01,24.795,23.043333333333333,3.5100000000000002,90.11500000000001,0.7783333333333333,201.5345,1,1
901,2006-01-11,24.985999999999997,23.649,3.268,92.38,0.82,275.5517,1,1
902,2006-01-21,23.800666666666665,20.396666666666665,5.673333333333333,81.70333333333333,0.7973333333333333,258.4397,1,1
903,2006-02-01,25.334999999999997,22.365,5.1033333333333335,84.04166666666667,0.7833333333333333,173.0345,1,1
904,2006-02-11,25.282,22.386000000000003,5.085,84.36,0.771,31.8103,1,1
905,2006-02-21,25.258333333333336,22.476666666666663,5.8116666666666665,85.14166666666667,0.6933333333333334,69.9828,1,1
906,2006-03-01,26.285,24.33,4.183333333333334,89.28000000000002,0.7183333333333333,113.5172,1,1
907,2006-03-11,26.621,23.572,5.484,83.876,0.675,123.1121,1,1
908,2006-03-21,27.373333333333335,22.430666666666664,7.709333333333333,76.19200000000001,0.5653333333333334,112.6466,0,0
909,2006-04-01,28.53333333333333,22.71166666666667,9.113333333333333,73.00666666666667,0.49666666666666665,51.1466,0,0
910,2006-04-11,28.865,23.143,7.866,73.113,0.4720000000000001,111.2069,0,0
911,2006-04-21,29.076428571428572,23.035,8.839285714285714,72.04928571428572,0.46499999999999997,94.3879,0,0
912,2006-05-01,29.36,23.741666666666664,7.63,73.465,0.49833333333333335,123.8966,0,0
913,2006-05-11,29.076,23.830000000000002,7.066,74.695,0.46900000000000003,71.2672,0,0
914,2006-05-21,28.553333333333335,22.935999999999996,7.507333333333333,73.21733333333333,0.43866666666666665,69.319,0,0
915,2006-06-01,28.575,22.74,7.353333333333334,72.265,0.4166666666666667,34.0948,0,0
916,2006-06-11,29.407999999999998,22.44,9.652,68.725,0.4,19.319,0,0
917,2006-06-21,29.21142857142857,22.677857142857142,8.052857142857144,69.87928571428571,0.40499999999999997,9.8362,0,0
918,2006-07-01,28.386666666666667,22.115,6.881666666666667,70.37333333333333,0.4216666666666667,14.5603,0,0
919,2006-07-11,28.627999999999997,22.488,7.936,71.283,0.397,13.8534,0,0
920,2006-07-21,28.704,21.83,8.422666666666666,68.266,0.38333333333333336,33.0862,0,0
921,2006-08-01,29.293333333333333,21.57166666666667,9.558333333333334,65.965,0.32666666666666666,31.5172,0,0
922,2006-08-11,28.737000000000002,21.743000000000002,8.423,68.06800000000001,0.333,32.9655,0,0
923,2006-08-21,28.511333333333333,22.084666666666667,9.080666666666668,70.44533333333334,0.41800000000000004,28.0776,0,0
924,2006-09-01,28.77,22.72,8.483333333333334,71.72166666666668,0.44166666666666665,134.1293,0,0
925,2006-09-11,27.889,22.175,7.426,72.899,0.445,137.9828,0,0
926,2006-09-21,28.37142857142857,22.27642857142857,8.23,71.54,0.41428571428571426,148.2414,0,0
927,2006-10-01,28.89,21.853333333333335,11.015,68.76666666666667,0.39166666666666666,47.1724,0,0
928,2006-10-11,28.124000000000002,22.583,8.464,73.965,0.454,202.9741,0,0
929,2006-10-21,26.57,23.569333333333336,4.758666666666667,84.27733333333335,0.654,423.3362,1,1
930,2006-11-01,26.271666666666665,23.923333333333332,4.1866666666666665,87.19,0.7083333333333334,423.72415,1,1
931,2006-11-11,25.711000000000002,23.614,3.6060000000000003,88.417,0.8009999999999999,423.72415,1,1
932,2006-11-21,26.082142857142856,23.80785714285714,4.280714285714286,87.5592857142857,0.8428571428571427,342.5431,1,1
933,2006-12-01,25.881666666666664,22.80666666666667,4.131666666666667,83.425,0.8250000000000001,279.1293,1,1
934,2006-12-11,25.647,23.086,4.1850000000000005,85.96700000000001,0.8459999999999999,225.7931,1,1
935,2006-12-21,24.872,21.759999999999998,4.471333333333333,83.25333333333333,0.8426666666666667,222.5345,1,1
936,2007-01-01,23.74,19.75321428571428,5.921666666666667,77.23833333333333,0.79,191.8621,1,0
937,2007-01-11,25.264,22.826,4.346,86.588,0.817,122.5086,1,1
938,2007-01-21,24.878666666666668,21.74866666666667,4.772,83.146,0.7613333333333333,185.1034,1,1
939,2007-02-01,24.661666666666665,20.828333333333333,6.178333333333334,79.90333333333332,0.7016666666666667,146.6034,1,1
940,2007-02-11,25.565,22.130000000000003,6.9670000000000005,82.211,0.682,102.3535,1,1
941,2007-02-21,25.5825,22.171666666666667,5.7625,82.09833333333334,0.6366666666666666,39.9397,1,1
942,2007-03-01,25.683333333333334,21.80333333333333,7.986666666666667,80.38666666666667,0.59,40.8879,0,1
943,2007-03-11,26.395,21.625999999999998,7.926,76.525,0.512,46.3707,0,0
944,2007-03-21,27.036,19.75321428571428,10.948,67.83733333333333,0.43666666666666665,24.1983,0,0
945,2007-04-01,28.293333333333333,23.448333333333334,7.385000000000001,76.85333333333334,0.48333333333333334,139.5776,0,0
946,2007-04-11,26.826,24.332,4.607,86.64200000000001,0.6849999999999999,162.6638,1,1
947,2007-04-21,28.09857142857143,24.20285714285714,6.755,80.46214285714287,0.6064285714285714,174.3362,1,1
948,2007-05-01,28.813333333333333,24.708333333333332,7.27,79.60833333333333,0.5333333333333333,67.931,0,1
949,2007-05-11,28.843,23.868000000000002,7.534000000000001,76.2,0.487,42.9828,0,0
950,2007-05-21,29.378666666666668,23.441333333333333,8.437333333333333,72.30466666666666,0.4453333333333333,92.0862,0,0
951,2007-06-01,30.203333333333333,23.28833333333333,9.456666666666667,68.84666666666668,0.4183333333333333,86.931,0,0
952,2007-06-11,28.532,23.506,6.569,75.65799999999999,0.45499999999999996,90.3017,0,0
953,2007-06-21,27.943571428571428,22.747857142857146,6.6621428571428565,74.62571428571428,0.44642857142857145,26.431,0,0
954,2007-07-01,28.988333333333333,22.49,8.040000000000001,69.90166666666666,0.415,23.8362,0,0
955,2007-07-11,28.919,22.434,7.509,69.795,0.402,28.5948,0,0
956,2007-07-21,27.728,22.457333333333334,7.303333333333333,74.49533333333333,0.44333333333333336,81.6724,0,0
957,2007-08-01,28.150000000000002,22.278333333333332,8.02,72.1,0.44,90.5086,0,0
958,2007-08-11,28.499000000000002,22.232,8.531,71.064,0.41899999999999993,87.5259,0,0
959,2007-08-21,28.36,22.600666666666665,8.017333333333333,72.83133333333333,0.43666666666666665,63.6293,0,0
960,2007-09-01,28.593333333333334,22.228333333333335,8.351666666666667,70.37166666666667,0.4183333333333333,81.3362,0,0
961,2007-09-11,27.742,22.985,7.397,76.94500000000001,0.483,93.569,0,0
962,2007-09-21,28.350714285714282,22.648571428571426,7.694285714285714,72.94714285714285,0.42857142857142855,65.0776,0,0
963,2007-10-01,28.08666666666667,22.255,8.15,72.485,0.4183333333333333,57.3879,0,0
964,2007-10-11,27.468,22.887999999999998,7.0840000000000005,77.8,0.497,198.3793,0,0
965,2007-10-21,26.067999999999998,23.272666666666666,5.364000000000001,85.32866666666668,0.6186666666666666,298.9483,1,1
966,2007-11-01,26.058333333333334,23.27,4.6033333333333335,84.98333333333333,0.6833333333333332,333.3793,1,1
967,2007-11-11,26.122000000000003,22.247999999999998,5.997,80.04400000000001,0.673,197.6896,1,1
968,2007-11-21,25.814999999999998,22.392857142857142,5.42,82.115,0.6364285714285715,125.1293,1,1
969,2007-12-01,26.253333333333334,21.334999999999997,5.535,75.245,0.5533333333333333,108.7155,0,0
970,2007-12-11,25.823,23.038,3.809,85.116,0.636,397.9224,1,1
971,2007-12-21,24.62,22.133333333333333,4.650666666666667,86.44,0.8059999999999999,423.72415,1,1
972,2008-01-01,24.959999999999997,22.595,4.82,87.06333333333333,0.7883333333333334,423.72415,1,1
973,2008-01-11,24.756,22.176,4.575,85.846,0.8019999999999999,284.8103,1,1
974,2008-01-21,24.858,21.771333333333335,5.649333333333333,83.488,0.7466666666666666,90.9138,1,1
975,2008-02-01,25.42,22.143333333333334,5.760000000000001,82.71333333333332,0.7016666666666667,124.3017,1,1
976,2008-02-11,25.976999999999997,23.463,4.745,86.438,0.713,96.7586,1,1
977,2008-02-21,25.180769230769233,21.322307692307692,5.881538461538461,80.01307692307692,0.6592307692307693,111.4483,1,1
978,2008-03-01,25.865,23.07166666666667,5.3500000000000005,85.07833333333333,0.6749999999999999,137.7672,1,1
979,2008-03-11,25.491999999999997,23.357,4.206,88.247,0.7969999999999999,275.5345,1,1
980,2008-03-21,26.492,24.012666666666668,5.502666666666667,86.82266666666666,0.8186666666666667,299.6897,1,1
981,2008-04-01,27.064999999999998,23.886666666666667,6.21,83.49333333333334,0.785,268.7155,1,1
982,2008-04-11,26.452999999999996,23.844,4.679,85.944,0.8109999999999999,143.2672,1,1
983,2008-04-21,27.321428571428573,24.175714285714285,5.923571428571429,83.71714285714286,0.7678571428571429,126.6466,1,1
984,2008-05-01,27.348333333333333,25.0,5.6499999999999995,87.43833333333333,0.7316666666666666,64.0,1,1
985,2008-05-11,27.076999999999998,24.462,5.962,86.209,0.693,54.3276,1,1
986,2008-05-21,27.232000000000003,24.45,5.766666666666667,85.45333333333333,0.628,37.7586,1,1
987,2008-06-01,26.87,24.156666666666666,5.548333333333333,85.75333333333333,0.6383333333333333,45.3276,1,1
988,2008-06-11,26.76,23.731,6.107,84.42,0.613,39.319,1,1
989,2008-06-21,27.542142857142856,23.237142857142857,7.357857142857143,78.83642857142857,0.5221428571428571,15.8103,0,0
990,2008-07-01,28.01,22.820000000000004,8.171666666666667,75.28333333333333,0.465,7.5603,0,0
991,2008-07-11,28.299,22.712,7.853,73.429,0.44800000000000006,27.681,0,0
992,2008-07-21,27.564666666666668,22.663333333333334,6.6419999999999995,75.85733333333333,0.45266666666666666,53.1638,0,0
993,2008-08-01,28.14833333333333,22.741666666666664,7.93,74.03166666666667,0.4266666666666667,60.7155,0,0
994,2008-08-11,28.168,21.726999999999997,8.107000000000001,69.907,0.417,51.3879,0,0
995,2008-08-21,28.402666666666665,22.336666666666666,8.424,71.47066666666666,0.422,86.569,0,0
996,2008-09-01,28.356666666666666,22.064999999999998,8.158333333333333,70.46333333333332,0.41333333333333333,102.3793,0,0
997,2008-09-11,28.343,22.159,8.465,71.589,0.413,94.1034,0,0
998,2008-09-21,29.549285714285713,21.380714285714284,11.635714285714286,64.85214285714287,0.3685714285714286,41.1207,0,0
999,2008-10-01,29.58666666666667,21.463333333333335,10.358333333333333,64.51833333333333,0.38166666666666665,37.1034,0,0
1000,2008-10-11,28.143,23.057,6.481,75.36,0.462,133.1207,0,0
1001,2008-10-21,27.291333333333334,22.81066666666667,6.569333333333334,78.06466666666667,0.5113333333333333,152.5776,0,0
1002,2008-11-01,27.883333333333336,19.848333333333333,8.58,63.59166666666667,0.4283333333333333,159.6638,0,0
1003,2008-11-11,26.815999999999995,23.28,5.672,82.287,0.5900000000000001,127.2672,1,0
1004,2008-11-21,26.067857142857143,23.962142857142855,4.075714285714286,88.47500000000001,0.6878571428571428,268.6034,1,1
1005,2008-12-01,25.653333333333332,22.901666666666667,5.128333333333333,85.20833333333333,0.6999999999999998,415.0776,1,1
1006,2008-12-11,25.651,23.659,3.7920000000000003,88.964,0.766,423.72415,1,1
1007,2008-12-21,24.913333333333334,21.399333333333335,5.019333333333334,81.41666666666667,0.7419999999999999,281.6207,1,1
1008,2009-01-01,24.525000000000002,20.625,5.911666666666666,79.69,0.7000000000000001,196.9052,1,1
1009,2009-01-11,24.898,21.782,4.797,83.295,0.743,108.2155,1,1
1010,2009-01-21,24.860666666666667,20.89333333333333,5.904,79.34200000000001,0.6433333333333333,112.6293,1,1
1011,2009-02-01,24.310000000000002,19.75321428571428,7.39,72.8,0.555,22.3017,0,0
1012,2009-02-11,25.273,19.75321428571428,8.546,69.12899999999999,0.48200000000000004,20.5517,0,0
1013,2009-02-21,27.260833333333334,20.9475,8.828333333333333,70.95666666666666,0.4291666666666667,6.3707,0,0
1014,2009-03-01,27.368333333333336,19.75321428571428,12.103333333333333,64.66,0.44,112.7241,0,0
1015,2009-03-11,26.337,23.012999999999998,5.877,83.191,0.6,172.1207,1,1
1016,2009-03-21,27.55,22.493333333333332,7.842,75.69866666666667,0.508,229.4914,0,0
1017,2009-04-01,28.588333333333335,23.623333333333335,6.578333333333333,75.72333333333334,0.48833333333333334,185.9655,0,0
1018,2009-04-11,27.268,24.484,4.825,85.32000000000001,0.692,174.9569,1,1
1019,2009-04-21,28.172857142857143,24.50357142857143,7.075,81.61428571428571,0.6464285714285715,131.9741,1,1
1020,2009-05-01,28.468333333333334,24.33,8.571666666666667,79.80833333333334,0.5650000000000001,82.2069,0,0
1021,2009-05-11,29.018,24.259,7.911,77.15,0.502,82.4828,0,0
1022,2009-05-21,28.323333333333334,23.633333333333333,6.311333333333334,76.97933333333334,0.47933333333333333,89.7414,0,0
1023,2009-06-01,29.06833333333333,23.348333333333333,7.501666666666666,72.74499999999999,0.4366666666666667,76.6466,0,0
1024,2009-06-11,28.694,23.063,7.37,73.161,0.41899999999999993,26.9655,0,0
1025,2009-06-21,28.417857142857144,22.595,7.189285714285715,72.30571428571429,0.40785714285714286,5.9483,0,0
1026,2009-07-01,28.169999999999998,21.761666666666667,7.661666666666666,69.81,0.3983333333333334,14.2241,0,0
1027,2009-07-11,28.654000000000003,22.049,8.18,69.291,0.384,22.9052,0,0
1028,2009-07-21,29.168666666666663,22.108,8.689333333333334,67.882,0.36466666666666664,23.6897,0,0
1029,2009-08-01,29.28833333333333,22.19666666666667,8.275,67.63166666666667,0.30666666666666664,16.8534,0,0
1030,2009-08-11,29.014,22.389,8.147,69.411,0.362,120.3448,0,0
1031,2009-08-21,28.040666666666667,22.632,7.493333333333334,74.09133333333334,0.4393333333333333,134.8879,0,0
1032,2009-09-01,28.136666666666667,22.138333333333332,7.468333333333334,71.45,0.42333333333333334,138.2586,0,0
1033,2009-09-11,29.413,22.271,9.565000000000001,67.753,0.387,47.7069,0,0
1034,2009-09-21,28.639999999999997,22.50714285714286,8.229285714285714,71.425,0.3971428571428572,39.8707,0,0
1035,2009-10-01,28.778333333333332,21.311666666666667,8.635,66.325,0.37833333333333335,43.6552,0,0
1036,2009-10-11,28.991000000000003,21.359,10.094,66.20700000000001,0.389,49.7931,0,0
1037,2009-10-21,28.088,21.855999999999998,7.834666666666666,71.10933333333332,0.4653333333333334,132.8362,0,0
1038,2009-11-01,26.583333333333332,23.911666666666665,4.25,85.78333333333335,0.6649999999999999,311.5517,1,1
1039,2009-11-11,26.188,24.17,4.483,89.00800000000001,0.79,423.72415,1,1
1040,2009-11-21,25.989285714285717,23.095,4.917857142857143,84.50285714285714,0.8335714285714285,405.4569,1,1
1041,2009-12-01,25.918333333333333,23.491666666666664,4.195,86.67833333333333,0.8333333333333334,363.638,1,1
1042,2009-12-11,25.872000000000003,23.903,3.815,89.057,0.845,423.72415,1,1
1043,2009-12-21,25.428,23.480666666666664,3.7066666666666666,89.13666666666667,0.8866666666666667,423.72415,1,1
1044,2010-01-01,24.46666666666667,21.34166666666667,5.0183333333333335,83.06333333333333,0.86,423.72415,1,1
1045,2010-01-11,25.453,23.191,5.1049999999999995,87.646,0.8560000000000001,215.1638,1,1
1046,2010-01-21,25.072666666666667,21.944000000000003,5.010666666666666,83.202,0.8053333333333333,71.2759,1,1
1047,2010-02-01,25.23,22.155,4.618333333333333,83.44166666666666,0.7583333333333333,46.6293,1,1
1048,2010-02-11,25.383000000000003,22.109,5.656000000000001,82.509,0.716,58.1897,1,1
1049,2010-02-21,25.742500000000003,22.40416666666667,6.891666666666667,82.61833333333334,0.6741666666666667,53.6379,1,1
1050,2010-03-01,25.709999999999997,20.796666666666667,9.328333333333333,76.19666666666667,0.585,47.1552,0,0
1051,2010-03-11,27.556,22.515,8.031,75.715,0.508,9.931,0,0
1052,2010-03-21,28.534666666666666,22.961333333333336,8.387333333333334,73.83266666666667,0.47200000000000003,41.3966,0,0
1053,2010-04-01,28.981666666666666,23.128333333333334,8.61,72.98333333333333,0.46,50.9828,0,0
1054,2010-04-11,29.404000000000003,23.857,7.848000000000001,73.9,0.465,78.7069,0,0
1055,2010-04-21,28.974999999999998,24.604999999999997,6.825,78.62642857142858,0.5607142857142857,109.2845,0,0
1056,2010-05-01,28.381666666666664,25.075,4.96,82.91833333333334,0.6333333333333333,157.8621,1,1
1057,2010-05-11,28.915999999999997,25.118000000000002,6.638,81.08200000000001,0.595,165.4052,1,1
1058,2010-05-21,28.192666666666664,24.782666666666668,6.0906666666666665,82.59133333333332,0.5559999999999999,112.2241,1,1
1059,2010-06-01,29.246666666666666,24.17833333333333,7.91,75.68833333333333,0.47,61.931,0,0
1060,2010-06-11,27.701999999999998,23.428,5.7780000000000005,78.522,0.483,30.8621,0,0
1061,2010-06-21,28.494285714285716,22.95357142857143,8.097857142857142,73.81500000000001,0.4692857142857143,19.9483,0,0
1062,2010-07-01,28.248333333333335,22.24,8.016666666666667,72.02166666666666,0.435,33.6293,0,0
1063,2010-07-11,27.794,23.293,7.226999999999999,77.98400000000001,0.505,58.4138,0,0
1064,2010-07-21,27.907333333333334,22.52,7.1946666666666665,74.03933333333333,0.45666666666666667,75.4483,0,0
1065,2010-08-01,28.493333333333336,22.691666666666666,7.919999999999999,72.49333333333333,0.42,62.1207,0,0
1066,2010-08-11,28.355,22.946,7.302,74.06,0.449,108.7241,0,0
1067,2010-08-21,27.092,22.783333333333335,6.736666666666666,78.62333333333335,0.5319999999999999,148.3707,0,0
1068,2010-09-01,27.474999999999998,22.756666666666664,8.066666666666666,77.13666666666667,0.5083333333333333,175.2328,0,0
1069,2010-09-11,27.567,22.984,7.422,77.67699999999999,0.5189999999999999,162.1121,0,0
1070,2010-09-21,26.877142857142854,23.335,6.1657142857142855,81.99785714285714,0.6221428571428571,277.0086,1,1
1071,2010-10-01,26.403333333333332,24.189999999999998,4.526666666666666,88.01166666666666,0.725,335.7241,1,1
1072,2010-10-11,26.541000000000004,23.619999999999997,6.178,84.77799999999999,0.654,289.819,1,1
1073,2010-10-21,26.69333333333333,22.899333333333335,7.6,80.93599999999999,0.5806666666666668,190.5431,1,1
1074,2010-11-01,25.638333333333335,23.246666666666666,4.655,87.05666666666667,0.7000000000000001,197.0776,1,1
1075,2010-11-11,26.252,23.287,5.702,84.366,0.702,268.5517,1,1
1076,2010-11-21,25.449285714285715,23.504285714285714,3.815714285714286,89.19928571428571,0.8471428571428571,404.7931,1,1
1077,2010-12-01,24.593333333333334,23.343333333333334,2.6833333333333336,92.71,0.945,423.72415,1,1
1078,2010-12-11,25.255000000000003,23.080000000000002,5.425,88.075,0.931,423.72415,1,1
1079,2010-12-21,24.740000000000002,23.026,3.1046666666666667,90.282,0.9440000000000001,423.72415,1,1
1080,2011-01-01,24.3,22.93166666666667,2.6350000000000002,92.06833333333333,0.9716666666666667,423.72415,1,1
1081,2011-01-11,24.781,23.657,2.443,93.422,0.9890000000000001,423.72415,1,1
1082,2011-01-21,24.50133333333333,22.123333333333335,4.335999999999999,86.82266666666666,0.9166666666666666,423.72415,1,1
1083,2011-02-01,24.858333333333334,23.751666666666665,2.195,93.51333333333334,0.985,423.72415,1,1
1084,2011-02-11,24.756999999999998,22.119999999999997,4.613,85.60499999999999,0.9410000000000001,423.72415,1,1
1085,2011-02-21,25.47083333333333,22.498333333333335,5.381666666666667,84.02583333333332,0.8783333333333333,350.8103,1,1
1086,2011-03-01,25.448333333333334,23.02333333333333,4.728333333333333,86.72000000000001,0.875,63.431,1,1
1087,2011-03-11,25.881,22.753,5.601,83.518,0.837,66.7414,1,1
1088,2011-03-21,26.849333333333334,23.494666666666667,6.201333333333333,82.68333333333334,0.8026666666666668,47.9396,1,1
1089,2011-04-01,26.651666666666667,21.771666666666665,8.995,76.13333333333334,0.7433333333333333,47.9828,0,1
1090,2011-04-11,27.086000000000002,23.697,5.504,82.257,0.734,147.6293,1,1
1091,2011-04-21,27.03642857142857,24.02285714285714,4.832142857142857,84.13285714285713,0.8207142857142857,272.6293,1,1
1092,2011-05-01,27.481666666666666,25.256666666666664,5.246666666666667,88.04166666666667,0.8166666666666668,279.3276,1,1
1093,2011-05-11,27.412,24.581,7.589,85.498,0.777,183.3276,1,1
1094,2011-05-21,27.625999999999998,24.763333333333332,6.156000000000001,85.10533333333333,0.7353333333333333,69.1034,1,1
1095,2011-06-01,27.268333333333334,24.47,5.908333333333334,85.42166666666667,0.6816666666666666,48.6034,1,1
1096,2011-06-11,26.837,23.912,6.044,84.763,0.636,36.1293,1,1
1097,2011-06-21,27.87642857142857,23.424285714285713,7.352857142857142,78.25642857142857,0.5364285714285714,5.2672,0,0
1098,2011-07-01,27.905,23.01,7.211666666666666,76.28333333333333,0.4766666666666666,16.1034,0,0
1099,2011-07-11,27.625999999999998,22.691,6.8180000000000005,75.958,0.487,21.8966,0,0
1100,2011-07-21,27.904,22.486666666666668,7.228,73.94200000000001,0.4393333333333333,38.681,0,0
1101,2011-08-01,28.526666666666667,22.39,8.065,71.045,0.4166666666666667,27.931,0,0
1102,2011-08-11,27.996999999999996,22.684,7.489,74.416,0.45899999999999996,77.4828,0,0
1103,2011-08-21,28.124000000000002,22.525333333333332,8.276666666666667,73.38333333333334,0.45866666666666667,81.6207,0,0
1104,2011-09-01,28.363333333333333,22.498333333333335,7.836666666666667,72.19833333333334,0.4283333333333333,97.0,0,0
1105,2011-09-11,27.78,22.843,7.619,76.125,0.49800000000000005,86.9138,0,0
1106,2011-09-21,28.732142857142858,22.29,9.975714285714286,70.72428571428571,0.4307142857142857,74.6552,0,0
1107,2011-10-01,28.941666666666666,22.583333333333332,9.37,70.85166666666667,0.4583333333333333,136.8879,0,0
1108,2011-10-11,28.006,23.072,7.728999999999999,76.38300000000001,0.5269999999999999,233.4138,0,0
1109,2011-10-21,26.563333333333333,23.607333333333333,4.522,84.44800000000001,0.744,423.72415,1,1
1110,2011-11-01,26.035,23.155,4.835,84.58333333333333,0.8166666666666668,410.5,1,1
1111,2011-11-11,26.137999999999998,22.354,5.517,80.19300000000001,0.788,355.1897,1,1
1112,2011-11-21,26.250714285714285,24.272142857142857,3.482142857142857,89.0307142857143,0.88,352.5259,1,1
1113,2011-12-01,25.919999999999998,22.425,5.1866666666666665,81.52166666666666,0.8883333333333333,342.862,1,1
1114,2011-12-11,25.868000000000002,23.468,4.035,86.85,0.892,423.72415,1,1
1115,2011-12-21,24.986,22.996,4.414,88.97600000000001,0.9193333333333334,303.9052,1,1
1116,2012-01-01,25.368333333333336,22.988333333333333,5.753333333333334,87.09833333333334,0.88,300.4483,1,1
1117,2012-01-11,24.705000000000002,21.694,5.18,83.76599999999999,0.859,134.6121,1,1
1118,2012-01-21,24.184666666666665,20.613999999999997,5.876666666666667,81.02066666666666,0.7966666666666667,37.4052,1,1
1119,2012-02-01,25.115,22.584999999999997,4.566666666666666,86.16666666666667,0.7683333333333334,113.8017,1,1
1120,2012-02-11,25.39,22.762999999999998,4.739,85.739,0.776,151.8017,1,1
1121,2012-02-21,25.385384615384616,22.048461538461538,5.923846153846155,82.30538461538461,0.7315384615384615,152.1466,1,1
1122,2012-03-01,26.185,22.676666666666666,8.584999999999999,82.36,0.6983333333333333,55.3017,1,1
1123,2012-03-11,26.639999999999997,22.821,7.4159999999999995,80.834,0.653,20.5603,1,1
1124,2012-03-21,26.576666666666664,21.742,8.689333333333334,76.81333333333333,0.5726666666666667,55.7759,0,0
1125,2012-04-01,27.84,23.128333333333334,7.9316666666666675,77.08666666666666,0.5616666666666666,119.0862,0,0
1126,2012-04-11,27.95,23.738,6.553,79.003,0.593,169.9914,1,1
1127,2012-04-21,27.757857142857144,24.03642857142857,6.235714285714286,81.16642857142857,0.6121428571428572,161.5431,1,1
1128,2012-05-01,27.901666666666667,22.698333333333334,10.293333333333335,75.735,0.5266666666666667,105.3534,0,0
1129,2012-05-11,29.516000000000002,22.984,10.513,70.34299999999999,0.454,50.9914,0,0
1130,2012-05-21,29.494666666666667,23.017999999999997,8.151333333333334,70.06666666666666,0.41466666666666663,22.0,0,0
1131,2012-06-01,29.8,23.195000000000004,7.523333333333333,69.41833333333334,0.40166666666666667,14.75,0,0
1132,2012-06-11,29.192,22.741999999999997,7.991,69.934,0.399,13.1638,0,0
1133,2012-06-21,28.486428571428572,22.34857142857143,7.9835714285714285,71.2642857142857,0.40214285714285714,7.2931,0,0
1134,2012-07-01,28.80333333333333,21.721666666666668,8.541666666666666,68.04666666666667,0.4033333333333333,9.9828,0,0
1135,2012-07-11,28.776999999999997,22.791,7.593999999999999,72.01599999999999,0.43200000000000005,48.0172,0,0
1136,2012-07-21,29.079333333333334,22.28933333333333,8.490666666666666,68.86733333333333,0.39466666666666667,48.2672,0,0
1137,2012-08-01,29.421666666666667,21.691666666666666,9.783333333333333,65.71666666666667,0.35333333333333333,49.4138,0,0
1138,2012-08-11,29.467000000000002,21.851,9.162,65.751,0.343,15.819,0,0
1139,2012-08-21,28.836666666666666,21.587333333333333,8.296666666666667,67.0,0.36666666666666664,20.9052,0,0
1140,2012-09-01,28.826666666666668,21.94666666666667,8.741666666666667,68.31666666666666,0.3983333333333334,57.1207,0,0
1141,2012-09-11,28.865999999999996,21.814,8.269,67.654,0.369,71.0517,0,0
1142,2012-09-21,28.785,22.247857142857146,9.501428571428573,70.49,0.43714285714285717,128.1638,0,0
1143,2012-10-01,29.328333333333333,21.53333333333333,11.586666666666666,66.39833333333333,0.39999999999999997,148.5086,0,0
1144,2012-10-11,27.770999999999997,23.276,7.281000000000001,78.467,0.599,360.2414,1,0
1145,2012-10-21,26.123333333333335,23.897333333333332,4.169333333333333,87.84400000000001,0.7566666666666666,423.72415,1,1
1146,2012-11-01,26.285,23.745,5.575,86.40333333333335,0.8316666666666667,423.72415,1,1
1147,2012-11-11,26.064,23.75,4.12,87.288,0.844,394.8362,1,1
1148,2012-11-21,25.93357142857143,22.95642857142857,5.043571428571428,84.23785714285714,0.8549999999999999,249.5259,1,1
1149,2012-12-01,25.304999999999996,22.771666666666665,5.141666666666667,86.28666666666668,0.8683333333333333,240.5,1,1
1150,2012-12-11,25.258000000000003,22.445,4.828,84.714,0.8619999999999999,423.72415,1,1
1151,2012-12-21,25.645333333333333,24.206000000000003,2.74,91.74466666666667,0.9726666666666667,423.72415,1,1
1152,2013-01-01,25.378333333333334,23.325,3.956666666666667,88.46499999999999,0.9483333333333333,423.72415,1,1
1153,2013-01-11,24.772,22.577,3.9450000000000003,87.821,0.9570000000000001,423.72415,1,1
1154,2013-01-21,24.686666666666667,21.863999999999997,4.652,84.60733333333334,0.8933333333333333,423.72415,1,1
1155,2013-02-01,25.463333333333335,23.176666666666666,4.57,87.40833333333335,0.8816666666666667,177.4483,1,1
1156,2013-02-11,25.516,23.256,4.5009999999999994,87.611,0.909,294.6724,1,1
1157,2013-02-21,25.489166666666666,22.2925,5.745833333333334,82.89583333333333,0.8841666666666667,193.2155,1,1
1158,2013-03-01,25.963333333333335,23.41333333333333,4.673333333333333,86.17166666666667,0.8649999999999999,227.8276,1,1
1159,2013-03-11,26.675,24.031,5.026999999999999,85.834,0.853,137.5517,1,1
1160,2013-03-21,26.98,23.62933333333333,5.960666666666667,82.46866666666666,0.8206666666666667,221.7241,1,1
1161,2013-04-01,27.485,23.363333333333333,7.263333333333333,79.11833333333333,0.785,130.8534,1,1
1162,2013-04-11,27.907,24.595,6.096,82.977,0.769,110.5259,1,1
1163,2013-04-21,28.474285714285713,24.7,5.945,80.67142857142858,0.74,45.9052,1,1
1164,2013-05-01,28.03,24.826666666666668,4.9383333333333335,83.29,0.7416666666666667,96.4741,1,1
1165,2013-05-11,27.823,24.951999999999998,5.485,85.078,0.737,161.4828,1,1
1166,2013-05-21,27.408666666666665,24.646,5.591333333333334,85.44333333333334,0.6886666666666666,159.4655,1,1
1167,2013-06-01,27.08666666666667,24.011666666666667,5.296666666666667,83.89999999999999,0.6466666666666666,110.6466,1,1
1168,2013-06-11,27.168,23.424,6.061999999999999,80.911,0.592,28.6724,1,1
1169,2013-06-21,27.522142857142857,23.267142857142858,6.405714285714287,78.60785714285714,0.5192857142857144,16.0603,0,0
1170,2013-07-01,27.595,22.56833333333333,6.905,75.49833333333333,0.49666666666666665,31.5431,0,0
1171,2013-07-11,26.883999999999997,22.944,5.785,80.029,0.526,41.8621,1,1
1172,2013-07-21,27.721333333333334,22.324,6.889333333333334,73.89533333333334,0.45866666666666667,46.319,0,0
1173,2013-08-01,27.741666666666664,22.183333333333334,6.736666666666667,73.21166666666666,0.4383333333333333,80.8793,0,0
1174,2013-08-11,27.276999999999997,22.861,6.925,78.23100000000001,0.5,95.2845,0,0
1175,2013-08-21,28.696666666666665,22.568666666666665,8.898666666666665,71.494,0.4393333333333333,111.4483,0,0
1176,2013-09-01,27.448333333333334,22.546666666666667,7.486666666666667,76.29166666666667,0.5,158.4741,0,0
1177,2013-09-11,27.395,22.554,7.3629999999999995,76.401,0.47400000000000003,170.0172,0,0
1178,2013-09-21,28.613571428571426,22.364285714285717,9.162857142857144,71.17571428571429,0.42,146.6034,0,0
1179,2013-10-01,28.746666666666666,21.831666666666667,10.128333333333334,68.94666666666667,0.395,57.2414,0,0
1180,2013-10-11,28.919999999999998,22.156,9.659,69.244,0.399,101.6379,0,0
1181,2013-10-21,27.59733333333333,22.767333333333333,7.25,76.64066666666668,0.4666666666666667,113.0172,0,0
1182,2013-11-01,27.066666666666666,23.573333333333334,4.798333333333333,81.895,0.5466666666666667,131.4396,1,1
1183,2013-11-11,26.556,22.997,5.218999999999999,81.52799999999999,0.557,124.5172,1,1
1184,2013-11-21,26.26928571428571,22.792142857142856,5.722142857142857,81.99214285714285,0.6028571428571429,173.5776,1,1
1185,2013-12-01,25.349999999999998,23.478333333333335,3.295,89.52499999999999,0.7599999999999999,278.7069,1,1
1186,2013-12-11,25.489,22.762999999999998,5.5,85.461,0.718,223.3879,1,1
1187,2013-12-21,24.791333333333334,21.639333333333333,4.772666666666667,83.03999999999999,0.664,177.7241,1,1
1188,2014-01-01,24.708333333333332,22.334999999999997,4.406666666666666,87.04333333333334,0.6333333333333333,118.6552,1,1
1189,2014-01-11,25.148,22.801,4.51,87.146,0.6950000000000001,244.5086,1,1
1190,2014-01-21,24.858,21.391333333333332,5.541333333333333,81.68866666666666,0.6493333333333333,228.6466,1,1
1191,2014-02-01,24.708333333333332,20.565,6.718333333333334,78.58,0.5966666666666667,152.6983,1,1
1192,2014-02-11,25.589000000000002,19.75321428571428,8.623000000000001,70.26,0.507,12.1121,0,0
1193,2014-02-21,26.9725,22.0975,6.975833333333334,75.82666666666667,0.4891666666666667,48.3707,0,0
1194,2014-03-01,26.951666666666668,21.551666666666666,7.453333333333333,73.56666666666668,0.47833333333333333,59.2241,0,0
1195,2014-03-11,27.318,20.829,7.011,68.881,0.43899999999999995,61.7931,0,0
1196,2014-03-21,28.300666666666665,21.328666666666667,9.180666666666667,68.79333333333334,0.4066666666666666,23.6897,0,0
1197,2014-04-01,29.346666666666664,21.55,10.138333333333334,65.95166666666667,0.365,23.8621,0,0
1198,2014-04-11,29.476,22.345000000000002,9.55,68.245,0.41100000000000003,38.1379,0,0
1199,2014-04-21,29.539285714285715,23.363571428571426,7.725714285714285,71.34785714285714,0.44357142857142856,107.6724,0,0
1200,2014-05-01,27.573333333333334,24.516666666666666,4.785,84.37166666666667,0.57,249.4483,1,1
1201,2014-05-11,28.236,24.618000000000002,6.994,81.788,0.604,235.4655,1,1
1202,2014-05-21,28.570666666666668,24.34,7.171333333333333,79.19333333333334,0.514,193.9224,0,0
1203,2014-06-01,28.843333333333334,24.14,6.79,76.94,0.47,46.2328,0,0
1204,2014-06-11,28.797000000000004,23.706,6.593000000000001,75.264,0.446,38.2586,0,0
1205,2014-06-21,29.32857142857143,23.15285714285714,8.063571428571429,71.18071428571429,0.4121428571428571,10.2155,0,0
1206,2014-07-01,28.951666666666668,23.268333333333334,6.9366666666666665,72.78166666666667,0.4183333333333333,11.75,0,0
1207,2014-07-11,28.595999999999997,22.444,7.147,70.902,0.40099999999999997,16.0431,0,0
1208,2014-07-21,29.169333333333334,22.399333333333335,8.156,68.95533333333333,0.37133333333333335,17.5862,0,0
1209,2014-08-01,28.855,22.325,7.843333333333334,69.7,0.3666666666666667,35.6724,0,0
1210,2014-08-11,27.963,22.185,7.205,72.44,0.445,81.7586,0,0
1211,2014-08-21,28.153333333333332,22.30933333333333,8.372666666666667,72.66133333333333,0.4453333333333333,103.7586,0,0
1212,2014-09-01,28.02,22.481666666666666,6.758333333333333,73.39333333333333,0.425,89.4569,0,0
1213,2014-09-11,28.78,22.187,9.009,69.95500000000001,0.42000000000000004,60.3103,0,0
1214,2014-09-21,28.884285714285713,22.84142857142857,8.287857142857144,72.14071428571428,0.4642857142857143,144.6724,0,0
1215,2014-10-01,27.353333333333335,23.43166666666667,6.0249999999999995,80.265,0.5583333333333333,243.9224,1,1
1216,2014-10-11,27.617,23.681,7.019,80.522,0.5389999999999999,315.9828,1,1
1217,2014-10-21,26.471999999999998,23.484666666666666,4.753333333333333,84.10866666666668,0.7013333333333333,293.612,1,1
1218,2014-11-01,25.463333333333335,23.17833333333333,5.066666666666666,87.71333333333332,0.7366666666666667,233.1466,1,1
1219,2014-11-11,26.344,23.072,6.123,83.123,0.701,286.2414,1,1
1220,2014-11-21,25.627857142857145,23.939285714285713,3.142857142857143,90.47071428571428,0.87,419.0345,1,1
1221,2014-12-01,25.564999999999998,23.71666666666667,3.388333333333333,89.605,0.9066666666666667,423.72415,1,1
1222,2014-12-11,25.599,23.892,3.8259999999999996,90.419,0.921,423.72415,1,1
1223,2014-12-21,25.267333333333333,24.037333333333333,2.970666666666667,92.9,0.9760000000000001,423.72415,1,1
1224,2015-01-01,25.615,23.316666666666666,5.296666666666667,87.45166666666667,0.9266666666666667,423.72415,1,1
1225,2015-01-11,24.206,20.987000000000002,5.5920000000000005,82.64500000000001,0.8720000000000001,423.72415,1,1
1226,2015-01-21,24.842666666666666,22.147333333333332,5.0280000000000005,85.33666666666666,0.8119999999999999,10.5517,1,1
1227,2015-02-01,25.36,23.051666666666666,4.131666666666667,87.29166666666667,0.8233333333333333,66.681,1,1
1228,2015-02-11,25.187,22.496,4.952,85.432,0.829,74.9397,1,1
1229,2015-02-21,25.435833333333335,22.0925,5.603333333333333,82.335,0.7925,95.9828,1,1
1230,2015-03-01,26.396666666666665,23.386666666666667,6.248333333333334,84.09333333333333,0.7633333333333333,43.5948,1,1
1231,2015-03-11,26.284,23.024,5.497,82.741,0.73,59.181,1,1
1232,2015-03-21,26.449333333333335,22.851333333333333,6.59,81.42733333333332,0.6739999999999999,57.4397,1,1
1233,2015-04-01,27.535,24.47,5.905,84.06,0.7033333333333333,90.6983,1,1
1234,2015-04-11,27.235000000000003,23.848999999999997,5.643,82.373,0.711,107.1896,1,1
1235,2015-04-21,27.455000000000002,24.32857142857143,5.312142857142858,83.62285714285714,0.7235714285714285,106.3707,1,1
1236,2015-05-01,27.995,24.433333333333334,5.441666666666666,81.53666666666666,0.7233333333333333,155.8793,1,1
1237,2015-05-11,27.660000000000004,24.731,4.957,84.59,0.808,266.1034,1,1
1238,2015-05-21,27.619333333333334,24.98,5.884,86.11066666666667,0.788,253.2845,1,1
1239,2015-06-01,27.338333333333335,24.895,4.841666666666666,86.98333333333333,0.7583333333333333,174.3362,1,1
1240,2015-06-11,27.432,24.664,6.053,85.576,0.721,24.1724,1,1
1241,2015-06-21,27.467857142857145,24.193571428571428,6.229285714285714,83.16785714285713,0.6592857142857144,16.3362,1,1
1242,2015-07-01,27.939999999999998,24.27333333333333,6.676666666666667,81.51833333333333,0.585,7.1379,0,1
1243,2015-07-11,28.281,23.425,7.138,76.34,0.512,9.8103,0,0
1244,2015-07-21,28.34333333333333,22.494666666666667,7.945333333333333,72.47399999999999,0.45133333333333336,17.7241,0,0
1245,2015-08-01,28.86,22.150000000000002,8.991666666666667,69.205,0.42166666666666663,23.6552,0,0
1246,2015-08-11,29.084000000000003,22.973,7.803,71.45700000000001,0.437,49.7586,0,0
1247,2015-08-21,28.637333333333334,22.972666666666665,8.514666666666667,73.42866666666667,0.456,47.0431,0,0
1248,2015-09-01,28.633333333333336,23.566666666666666,8.278333333333334,76.05,0.5333333333333333,120.7328,0,0
1249,2015-09-11,27.575,23.05,7.861,77.957,0.521,108.9483,0,0
1250,2015-09-21,27.799285714285713,23.28357142857143,6.698571428571428,77.855,0.5228571428571429,226.5603,1,0
1251,2015-10-01,27.418333333333333,23.921666666666667,6.415,82.20833333333333,0.5883333333333333,171.0431,1,1
1252,2015-10-11,27.554000000000002,23.719,6.631,80.709,0.5890000000000001,210.9741,1,1
1253,2015-10-21,26.61733333333333,24.171333333333333,4.244666666666666,86.79133333333333,0.7746666666666666,384.638,1,1
1254,2015-11-01,26.183333333333334,23.641666666666666,4.223333333333334,86.18666666666667,0.875,423.72415,1,1
1255,2015-11-11,26.079,24.03,4.063000000000001,88.745,0.909,423.72415,1,1
1256,2015-11-21,26.31357142857143,24.330000000000002,3.817857142857143,89.01714285714286,0.9392857142857143,423.72415,1,1
1257,2015-12-01,26.07166666666667,24.738333333333333,3.0500000000000003,92.35833333333333,0.9433333333333334,423.72415,1,1
1258,2015-12-11,26.118000000000002,24.544999999999998,3.438,91.14399999999999,0.951,423.72415,1,1
1259,2015-12-21,25.954666666666665,23.38533333333333,4.204,86.00666666666666,0.9173333333333333,410.4828,1,1
1260,2016-01-01,25.955000000000002,23.866666666666664,4.013333333333334,88.37333333333333,0.9133333333333334,186.0172,1,1
1261,2016-01-11,25.088,22.372999999999998,4.325,85.123,0.892,109.0948,1,1
1262,2016-01-21,25.383333333333333,22.23,5.242,83.06,0.8406666666666667,41.8793,1,1
1263,2016-02-01,25.175,21.47,5.335,80.36666666666667,0.7916666666666666,49.75,1,1
1264,2016-02-11,25.966,22.752000000000002,5.771,82.989,0.748,52.0345,1,1
1265,2016-02-21,26.633076923076924,23.779999999999998,5.295384615384616,84.80615384615385,0.7100000000000001,32.7241,1,1
1266,2016-03-01,26.708333333333332,23.486666666666665,5.301666666666667,83.02,0.635,27.319,1,1
1267,2016-03-11,27.195999999999998,23.319,7.43,80.615,0.58,19.0862,0,1
1268,2016-03-21,27.90266666666667,21.981333333333335,9.288666666666666,72.938,0.49866666666666665,50.8362,0,0
1269,2016-04-01,28.99,23.24,9.193333333333333,73.58333333333333,0.48666666666666664,53.5517,0,0
1270,2016-04-11,29.857999999999997,24.489,8.559000000000001,75.035,0.49000000000000005,68.6466,0,0
1271,2016-04-21,30.139999999999997,24.412857142857142,8.11357142857143,73.36285714285714,0.46642857142857147,46.8276,0,0
1272,2016-05-01,30.636666666666667,24.143333333333334,8.698333333333332,70.58999999999999,0.46,223.5259,0,0
1273,2016-05-11,28.636000000000003,23.887999999999998,6.104,76.925,0.5900000000000001,423.72415,1,1
1274,2016-05-21,27.87933333333333,25.208000000000002,5.489333333333334,85.90533333333333,0.7093333333333334,423.72415,1,1
1275,2016-06-01,27.823333333333334,24.626666666666665,6.376666666666666,83.59333333333333,0.63,423.72415,1,1
1276,2016-06-11,27.796,24.297,6.208,82.202,0.584,22.569,1,1
1277,2016-06-21,27.78642857142857,23.207142857142856,6.296428571428572,77.30642857142857,0.4935714285714286,13.6121,0,0
1278,2016-07-01,29.11,23.105,7.9433333333333325,71.84833333333333,0.4466666666666667,21.8276,0,0
1279,2016-07-11,28.5,22.45,7.513,71.348,0.43099999999999994,42.2241,0,0
1280,2016-07-21,28.03533333333333,22.549333333333333,7.414666666666666,73.77266666666667,0.4313333333333333,77.2328,0,0
1281,2016-08-01,28.551666666666666,22.371666666666666,7.993333333333333,71.22,0.41,71.2069,0,0
1282,2016-08-11,29.487000000000002,22.399,9.26,67.738,0.391,53.2241,0,0
1283,2016-08-21,29.17,22.124000000000002,8.524,67.65466666666666,0.372,31.9138,0,0
1284,2016-09-01,29.153333333333332,21.223333333333333,8.926666666666668,64.42333333333333,0.315,33.4655,0,0
1285,2016-09-11,29.599,21.106,10.27,63.11,0.25,45.0172,0,0
1286,2016-09-21,29.69214285714286,21.60571428571429,9.69,64.16928571428572,0.22357142857142856,23.6638,0,0
1287,2016-10-01,30.083333333333332,20.935,10.845,60.916666666666664,0.19833333333333333,25.5259,0,0
1288,2016-10-11,29.839,20.64,11.254999999999999,61.395,0.259,55.6379,0,0
1289,2016-10-21,28.222666666666665,22.150666666666666,8.681999999999999,71.91733333333333,0.44933333333333336,108.3707,0,0
1290,2016-11-01,26.46666666666667,23.98,4.973333333333334,86.72333333333334,0.67,168.4224,1,1
1291,2016-11-11,26.576,23.048,5.639,81.664,0.5900000000000001,274.8966,1,1
1292,2016-11-21,25.892857142857142,23.282142857142855,4.052142857142857,85.84571428571428,0.7385714285714285,281.862,1,1
1293,2016-12-01,25.668333333333333,22.376666666666665,5.703333333333333,82.67166666666667,0.6749999999999999,234.9483,1,1
1294,2016-12-11,25.653,22.785999999999998,6.357,84.862,0.633,109.6638,1,1
1295,2016-12-21,25.332,22.220000000000002,5.228666666666667,83.412,0.6293333333333333,94.4138,1,1
1296,2017-01-01,25.105,21.14,6.16,79.55666666666667,0.5750000000000001,76.3966,1,1
1297,2017-01-11,24.684,19.75321428571428,7.892,69.958,0.493,56.3793,0,0
1298,2017-01-21,25.598000000000003,22.267999999999997,5.438666666666666,82.762,0.5493333333333333,198.8103,1,1
1299,2017-02-01,25.070000000000004,19.75321428571428,7.916666666666667,68.25,0.5183333333333334,198.0517,0,0
1300,2017-02-11,25.842000000000002,19.75321428571428,7.6450000000000005,70.76,0.504,212.9569,0,0
1301,2017-02-21,26.5175,21.88416666666667,6.660833333333334,77.2,0.505,59.5603,0,0
1302,2017-03-01,26.518333333333334,23.623333333333335,5.456666666666667,84.94333333333333,0.63,145.8448,1,1
1303,2017-03-11,26.879,24.131999999999998,5.477,85.598,0.713,184.2931,1,1
1304,2017-03-21,26.486666666666668,22.191333333333333,7.417333333333334,78.32,0.6433333333333333,151.8621,1,1
1305,2017-04-01,28.03,23.78833333333333,7.341666666666666,79.14,0.5916666666666667,72.0862,0,0
1306,2017-04-11,28.191000000000003,23.523,8.259,77.668,0.5690000000000001,34.1466,0,0
1307,2017-04-21,29.925,23.23785714285714,10.036428571428571,70.14214285714286,0.4635714285714286,32.5517,0,0
1308,2017-05-01,29.411666666666665,23.314999999999998,8.511666666666667,72.08333333333333,0.4683333333333333,78.6293,0,0
1309,2017-05-11,29.125,24.141,7.4719999999999995,76.038,0.513,105.3707,0,0
1310,2017-05-21,28.978666666666665,23.791999999999998,7.473333333333333,75.31666666666666,0.4826666666666667,240.069,0,0
1311,2017-06-01,28.57166666666667,23.46166666666667,6.653333333333333,75.075,0.4483333333333333,194.4914,0,0
1312,2017-06-11,29.189999999999998,23.187,8.216,71.925,0.425,148.9655,0,0
1313,2017-06-21,29.03,22.490714285714287,7.961428571428571,69.76071428571429,0.40928571428571425,19.1293,0,0
1314,2017-07-01,29.044999999999998,22.498333333333335,7.71,69.615,0.40166666666666667,31.3966,0,0
1315,2017-07-11,28.755000000000003,22.366,8.465,70.467,0.40099999999999997,38.8362,0,0
1316,2017-07-21,29.790666666666667,22.487333333333332,8.51,66.848,0.36666666666666664,58.5776,0,0
1317,2017-08-01,29.81833333333333,22.676666666666666,8.235,67.24833333333333,0.35666666666666663,79.0862,0,0
1318,2017-08-11,28.518,22.743000000000002,8.448,73.099,0.46399999999999997,117.7069,0,0
1319,2017-08-21,28.859333333333332,22.607333333333333,8.243333333333334,70.788,0.42133333333333334,130.0345,0,0
1320,2017-09-01,28.301666666666666,23.583333333333332,7.373333333333334,77.14,0.5116666666666667,184.2328,0,0
1321,2017-09-11,27.838,23.226999999999997,7.276999999999999,77.522,0.484,173.5517,0,0
1322,2017-09-21,28.67214285714286,22.474999999999998,9.198571428571428,71.39571428571429,0.4307142857142857,151.5517,0,0
1323,2017-10-01,29.07166666666667,23.01,8.586666666666668,71.845,0.4116666666666666,93.4828,0,0
1324,2017-10-11,28.294,22.916999999999998,8.028,74.777,0.45999999999999996,129.8362,0,0
1325,2017-10-21,27.753333333333334,23.428,6.732,78.92,0.5446666666666666,241.7414,1,0
1326,2017-11-01,26.00333333333333,24.21666666666667,3.391666666666667,90.01166666666666,0.7716666666666666,350.6724,1,1
1327,2017-11-11,26.101,23.544999999999998,5.774,86.412,0.72,295.4397,1,1
1328,2017-11-21,26.254285714285714,23.974999999999998,3.932857142857143,87.595,0.7557142857142857,326.4655,1,1
1329,2017-12-01,25.896666666666665,23.665000000000003,4.305000000000001,87.87,0.8233333333333333,229.4914,1,1
1330,2017-12-11,25.9,22.801,5.765,83.748,0.8,274.4483,1,1
1331,2017-12-21,25.206666666666667,22.3,4.897333333333334,84.33466666666666,0.8006666666666666,128.3362,1,1
1332,2018-01-01,24.584999999999997,20.96,6.416666666666667,80.99499999999999,0.7433333333333333,81.5776,1,1
1333,2018-01-11,24.744,22.104,5.2170000000000005,85.67999999999999,0.732,32.2069,1,1
1334,2018-01-21,24.642666666666667,21.368,5.620666666666667,82.63066666666667,0.6646666666666667,36.7328,1,1
1335,2018-02-01,24.888333333333332,21.791666666666668,5.52,83.47500000000001,0.615,42.181,1,1
1336,2018-02-11,25.956,22.483,6.062,82.05499999999999,0.561,31.6293,1,1
1337,2018-02-21,25.868333333333336,21.3725,6.849166666666666,77.515,0.5675,72.319,0,0
1338,2018-03-01,26.03833333333333,22.236666666666668,6.668333333333333,80.49666666666667,0.6216666666666667,88.5172,1,1
1339,2018-03-11,26.682,23.595000000000002,5.63,83.872,0.641,136.4914,1,1
1340,2018-03-21,27.308,22.732000000000003,7.653333333333333,77.59266666666666,0.5660000000000001,94.3362,0,0
1341,2018-04-01,28.041666666666668,23.31833333333333,7.668333333333333,77.20333333333333,0.5216666666666666,109.1983,0,0
1342,2018-04-11,27.462,24.14,5.818,82.91499999999999,0.599,86.5862,1,1
1343,2018-04-21,28.627857142857145,24.085714285714285,8.198571428571428,78.37285714285714,0.5521428571428572,86.431,0,0
1344,2018-05-01,28.60166666666667,24.743333333333336,6.6816666666666675,81.01166666666667,0.6433333333333333,167.3707,1,0
1345,2018-05-11,27.874000000000002,24.587,5.232,82.941,0.709,341.6983,1,1
1346,2018-05-21,27.374000000000002,24.695333333333334,5.645333333333334,85.90466666666666,0.7486666666666667,423.72415,1,1
1347,2018-06-01,27.298333333333332,25.17833333333333,4.746666666666667,88.53833333333334,0.7166666666666667,357.1724,1,1
1348,2018-06-11,27.4,24.434,5.077,84.337,0.673,154.5948,1,1
1349,2018-06-21,27.264285714285712,23.447142857142858,6.703571428571428,80.745,0.58,14.75,0,1
1350,2018-07-01,27.453333333333333,23.548333333333332,7.561666666666667,80.45833333333333,0.535,16.6034,0,1
1351,2018-07-11,27.677999999999997,22.585,6.193,74.813,0.47800000000000004,34.1897,0,0
1352,2018-07-21,28.389333333333333,22.401999999999997,7.950666666666666,71.644,0.43,34.3707,0,0
1353,2018-08-01,28.378333333333334,22.016666666666666,8.061666666666667,70.14,0.4116666666666666,30.75,0,0
1354,2018-08-11,27.938,22.002000000000002,6.829000000000001,71.563,0.41,47.3276,0,0
1355,2018-08-21,28.57133333333333,21.948666666666668,8.744666666666665,69.23466666666667,0.4033333333333333,86.3362,0,0
1356,2018-09-01,28.885,20.973333333333333,11.0,65.33166666666666,0.37666666666666665,85.5862,0,0
1357,2018-09-11,30.017000000000003,20.957,11.426,61.258,0.315,75.3879,0,0
1358,2018-09-21,28.59,22.44214285714286,7.696428571428571,71.16142857142857,0.38357142857142856,98.2328,0,0
1359,2018-10-01,27.669999999999998,23.89,5.598333333333334,80.89166666666667,0.5416666666666666,233.2672,1,1
1360,2018-10-11,26.548000000000002,23.384,5.851,83.50399999999999,0.6990000000000001,261.2069,1,1
1361,2018-10-21,26.515333333333334,23.531333333333336,4.621333333333334,84.15,0.6873333333333334,310.4914,1,1
1362,2018-11-01,26.291666666666668,24.041666666666668,3.311666666666667,87.59500000000001,0.7883333333333334,349.1983,1,1
1363,2018-11-11,25.915,23.122999999999998,5.939,85.321,0.825,357.2328,1,1
1364,2018-11-21,26.158571428571427,23.823571428571427,4.475,87.27928571428572,0.8185714285714286,296.75,1,1
1365,2018-12-01,25.656666666666666,23.546666666666667,3.875,88.32166666666667,0.8183333333333334,190.7931,1,1
1366,2018-12-11,25.365000000000002,23.023,4.915,87.197,0.804,196.4224,1,1
1367,2018-12-21,25.354666666666667,22.967333333333332,4.938666666666666,87.02333333333333,0.7866666666666667,183.5345,1,1
1368,2019-01-01,24.06833333333333,20.330000000000002,5.655,80.20166666666667,0.7416666666666667,112.3793,1,1
1369,2019-01-11,25.072,22.542,4.752,86.17,0.724,66.25,1,1
1370,2019-01-21,24.97533333333333,21.616,5.876666666666667,82.22533333333334,0.646,26.819,1,1
1371,2019-02-01,25.855,23.251666666666665,4.92,85.935,0.7033333333333333,130.1121,1,1
1372,2019-02-11,26.357,23.449,5.276,84.535,0.662,119.4397,1,1
1373,2019-02-21,26.503333333333334,22.5775,6.751666666666666,80.05333333333333,0.5691666666666667,121.7586,1,1
1374,2019-03-01,27.825,22.55,8.755,74.96166666666666,0.4816666666666667,18.6552,0,0
1375,2019-03-11,27.865,21.512999999999998,9.183,70.721,0.43499999999999994,9.3966,0,0
1376,2019-03-21,28.483333333333334,20.829333333333334,10.245333333333333,66.826,0.4053333333333333,8.069,0,0
1377,2019-04-01,29.76,20.76,11.658333333333333,63.038333333333334,0.345,13.4397,0,0
1378,2019-04-11,30.308999999999997,22.551,9.985,66.351,0.381,55.9655,0,0
1379,2019-04-21,29.637857142857143,23.047857142857143,8.564285714285715,70.11642857142857,0.4564285714285714,93.9138,0,0
1380,2019-05-01,30.44333333333333,23.626666666666665,8.911666666666667,69.02166666666666,0.4083333333333334,92.4138,0,0
1381,2019-05-11,31.129,22.823,10.815999999999999,63.997,0.388,72.9741,0,0
1382,2019-05-21,31.339333333333336,23.02266666666667,9.199333333333334,63.39,0.3453333333333333,69.8534,0,0
1383,2019-06-01,30.675,22.833333333333332,8.323333333333332,64.915,0.3283333333333333,86.9914,0,0
1384,2019-06-11,30.451999999999998,22.769,8.456999999999999,65.799,0.339,64.3707,0,0
1385,2019-06-21,30.430714285714284,22.679285714285715,8.047142857142857,65.13285714285715,0.2621428571428572,30.2414,0,0
1386,2019-07-01,30.525000000000002,22.605,8.583333333333334,64.47166666666666,0.22,14.4741,0,0
1387,2019-07-11,30.361,22.03,9.762,63.616,0.278,32.1207,0,0
1388,2019-07-21,29.649333333333335,21.753333333333334,9.051333333333332,64.77666666666667,0.30066666666666664,42.2672,0,0
1389,2019-08-01,29.686666666666667,22.416666666666668,8.505,67.18,0.3383333333333333,71.8621,0,0
1390,2019-08-11,28.756999999999998,22.223,7.978,69.59400000000001,0.41500000000000004,142.1121,0,0
1391,2019-08-21,28.238,22.15666666666667,7.995333333333334,71.426,0.42666666666666664,149.0604,0,0
1392,2019-09-01,28.691666666666666,22.691666666666666,8.215,71.71666666666667,0.40166666666666667,128.0259,0,0
1393,2019-09-11,28.825,22.798,8.314,72.095,0.438,158.0172,0,0
1394,2019-09-21,27.58142857142857,22.900000000000002,6.985714285714286,77.11714285714287,0.5007142857142857,206.5948,0,0
1395,2019-10-01,27.47,23.326666666666668,6.743333333333333,79.335,0.5733333333333334,227.8879,1,1
1396,2019-10-11,27.058,23.706,5.385,82.612,0.67,191.7845,1,1
1397,2019-10-21,26.116,23.842666666666666,4.282,87.55266666666667,0.7953333333333333,310.5776,1,1
1398,2019-11-01,26.55,23.151666666666667,5.363333333333333,82.11833333333334,0.8116666666666666,300.6552,1,1
1399,2019-11-11,27.0,23.716,5.661,82.809,0.796,248.75,1,1
1400,2019-11-21,26.719285714285714,24.325,4.1242857142857146,86.97071428571428,0.8521428571428571,349.4742,1,1
1401,2019-12-01,26.22,24.205,3.861666666666667,88.83999999999999,0.945,423.72415,1,1
1402,2019-12-11,25.929000000000002,23.857,3.718,88.441,0.951,423.72415,1,1
1403,2019-12-21,25.799333333333333,23.511333333333333,4.228666666666666,87.434,0.9359999999999999,423.72415,1,1
1404,2020-01-01,26.278333333333336,24.045,4.871666666666667,87.81833333333333,0.8783333333333333,182.0776,1,1
1405,2020-01-11,25.076,21.553,5.611,81.27799999999999,0.845,74.2845,1,1
1406,2020-01-21,25.65533333333333,22.539333333333335,5.042,83.34866666666667,0.8026666666666666,18.0172,1,1
1407,2020-02-01,25.258333333333336,21.925,5.565,82.26833333333333,0.7416666666666667,19.681,1,1
1408,2020-02-11,25.6,22.052,5.825,81.351,0.6849999999999999,17.319,1,1
1409,2020-02-21,25.95307692307692,22.459230769230768,5.7192307692307685,81.67846153846153,0.6276923076923077,13.5776,1,1
1410,2020-03-01,26.356666666666666,21.583333333333332,8.296666666666667,76.55833333333334,0.535,12.2845,0,0
1411,2020-03-11,27.462,22.014000000000003,8.446,73.876,0.472,18.3534,0,0
1412,2020-03-21,28.015333333333334,21.775333333333332,9.045333333333334,71.21933333333332,0.43666666666666665,14.8448,0,0
1413,2020-04-01,28.626666666666665,22.30333333333333,9.275,71.09333333333333,0.4116666666666666,22.1983,0,0
1414,2020-04-11,29.458999999999996,23.03,8.928,70.87899999999999,0.438,35.2414,0,0
1415,2020-04-21,29.787857142857142,23.874285714285715,8.045,72.50071428571428,0.45285714285714285,59.3621,0,0
1416,2020-05-01,29.959999999999997,23.745,8.613333333333333,71.66833333333334,0.49,178.3276,0,0
1417,2020-05-11,28.645999999999997,25.056,5.14,81.682,0.6559999999999999,314.7414,1,1
1418,2020-05-21,28.532,24.788666666666664,6.327333333333333,81.24533333333333,0.5686666666666668,324.431,1,1
1419,2020-06-01,28.62833333333333,23.67,8.221666666666666,76.35666666666667,0.48666666666666664,205.0,0,0
1420,2020-06-11,28.669999999999998,23.663999999999998,7.357000000000001,75.82000000000001,0.46399999999999997,50.8103,0,0
1421,2020-06-21,28.17142857142857,23.504285714285714,6.7942857142857145,77.21000000000001,0.5171428571428571,36.1034,0,0
1422,2020-07-01,27.959999999999997,22.91,6.596666666666667,75.31166666666667,0.4916666666666667,51.6207,0,0
1423,2020-07-11,27.863,23.578,6.881,78.81,0.509,81.3534,0,0
1424,2020-07-21,27.278000000000002,23.088666666666665,6.679333333333333,79.056,0.522,127.7328,0,0
1425,2020-08-01,27.515,22.913333333333338,6.3999999999999995,77.22666666666667,0.4916666666666667,119.6034,0,0
1426,2020-08-11,28.137,22.736,8.468,74.564,0.461,93.2672,0,0
1427,2020-08-21,29.634,22.471333333333334,10.037333333333333,67.92066666666666,0.41333333333333333,53.5345,0,0
1428,2020-09-01,28.171666666666667,22.856666666666666,8.656666666666666,74.88666666666667,0.49166666666666664,167.1552,0,0
1429,2020-09-11,27.631,22.762999999999998,7.487,76.397,0.481,215.1896,0,0
1430,2020-09-21,27.732857142857142,22.787142857142857,7.192142857142857,76.01571428571428,0.4685714285714286,280.4397,0,0
1431,2020-10-01,28.310000000000002,22.155,10.325000000000001,72.10333333333334,0.4383333333333333,160.1034,0,0
1432,2020-10-11,28.297000000000004,22.683,8.24,73.589,0.43499999999999994,138.3017,0,0
1433,2020-10-21,28.607333333333333,22.780666666666665,8.836,72.90733333333333,0.428,120.6897,0,0
1434,2020-11-01,28.258333333333336,23.378333333333334,7.125,76.41166666666668,0.49500000000000005,252.9914,0,0
1435,2020-11-11,26.845999999999997,24.756999999999998,3.7119999999999997,88.55600000000001,0.748,297.0517,1,1
1436,2020-11-21,26.129285714285714,23.772142857142857,4.501428571428572,87.22857142857143,0.7871428571428571,282.0862,1,1
1437,2020-12-01,26.261666666666667,24.55,3.6966666666666668,90.51833333333333,0.8649999999999999,305.4828,1,1
1438,2020-12-11,25.713,22.744,5.109,84.184,0.8299999999999998,336.9224,1,1
1439,2020-12-21,25.491333333333333,23.654666666666667,3.7006666666666663,89.704,0.9046666666666667,423.72415,1,1
1440,2021-01-01,25.474999999999998,23.616666666666664,3.5700000000000003,89.58666666666666,0.9183333333333333,423.72415,1,1
1441,2021-01-11,25.327,23.887,2.9859999999999998,91.75,0.9640000000000001,423.72415,1,1
1442,2021-01-21,25.17866666666667,22.749333333333333,4.5633333333333335,86.72533333333334,0.9133333333333333,380.9828,1,1
1443,2021-02-01,25.25,22.911666666666665,3.8083333333333336,87.03666666666668,0.8883333333333333,205.4828,1,1
1444,2021-02-11,24.899,21.816,5.568,83.399,0.8469999999999999,83.7931,1,1
1445,2021-02-21,25.785,22.699166666666667,5.8999999999999995,83.67833333333333,0.8025000000000001,32.6724,1,1
1446,2021-03-01,25.11,20.919999999999998,6.45,78.12666666666667,0.7533333333333333,33.9052,1,1
