Year,Month,District,Tmax,SRAD,RH,Rain
1984,1,BATTICALOA,27.56,12.71,85.08,331.78
1984,1,JAFFNA,27.17,13.1,84.14,192.61
1984,1,MANNAR,27.97,14.18,87.13,254.0
1984,1,MONARAGALA,27.58,13.96,92.02,279.9
1984,1,MULLATIVU,26.89,13.1,84.98,266.93
1984,1,POLONNARUWA,28.44,12.71,89.72,365.56
1984,1,PUTTALAM,28.68,14.18,88.16,302.03
1984,1,TRINCOMALEE,27.2,12.11,86.04,357.92
1984,1,VAVUNIYA,27.87,13.94,89.45,321.65
1984,1,HAMBANTOTA,27.7,13.96,84.8,257.09
1984,1,AMPARA,27.56,12.71,85.08,331.78
1984,1,ANURADHAPURA,28.47,13.94,91.38,363.79
1984,2,BATTICALOA,28.36,11.65,85.69,307.58
1984,2,JAFFNA,27.3,11.99,85.93,315.37
1984,2,MANNAR,28.33,13.64,88.01,346.94
1984,2,MONARAGALA,28.53,12.99,92.22,277.88
1984,2,MULLATIVU,27.28,11.99,86.42,317.07
1984,2,POLONNARUWA,29.21,11.65,89.85,326.22
1984,2,PUTTALAM,29.42,13.64,88.2,244.47
1984,2,TRINCOMALEE,28.46,12.01,86.06,321.51
1984,2,VAVUNIYA,28.96,12.47,89.64,358.39
1984,2,HAMBANTOTA,28.55,12.99,85.11,293.38
1984,2,AMPARA,28.36,11.65,85.69,307.58
1984,2,ANURADHAPURA,29.58,12.47,91.14,348.29
1984,3,BATTICALOA,29.45,19.75,76.95,137.47
1984,3,JAFFNA,30.22,18.93,76.58,112.2
1984,3,MANNAR,30.65,20.56,79.23,158.05
1984,3,MONARAGALA,29.71,20.27,85.12,134.37
1984,3,MULLATIVU,29.7,18.93,78.24,112.23
1984,3,POLONNARUWA,31.06,19.75,81.56,135.18
1984,3,PUTTALAM,30.5,20.56,80.25,175.54
1984,3,TRINCOMALEE,30.0,19.25,78.78,129.6
1984,3,VAVUNIYA,31.03,20.06,82.03,149.68
1984,3,HAMBANTOTA,28.73,20.27,78.39,171.04
1984,3,AMPARA,29.45,19.75,76.95,137.47
1984,3,ANURADHAPURA,31.31,20.06,84.21,170.89
1984,4,BATTICALOA,31.25,18.61,79.93,263.19
1984,4,JAFFNA,30.59,18.88,79.61,181.13
1984,4,MANNAR,30.71,19.18,82.17,226.87
1984,4,MONARAGALA,31.26,17.9,86.7,254.52
1984,4,MULLATIVU,30.92,18.88,81.42,181.94
1984,4,POLONNARUWA,32.06,18.61,84.53,250.59
1984,4,PUTTALAM,30.67,19.18,84.66,337.88
1984,4,TRINCOMALEE,31.64,18.06,81.5,208.64
1984,4,VAVUNIYA,31.54,19.12,85.38,225.53
1984,4,HAMBANTOTA,29.3,17.9,81.87,332.57
1984,4,AMPARA,31.25,18.61,79.93,263.19
1984,4,ANURADHAPURA,31.69,19.12,87.39,278.83
1984,5,BATTICALOA,31.73,21.0,78.23,53.0
1984,5,JAFFNA,31.44,20.77,80.6,14.8
1984,5,MANNAR,31.24,20.09,82.69,17.97
1984,5,MONARAGALA,30.87,19.67,84.97,85.72
1984,5,MULLATIVU,31.49,20.77,82.76,24.16
1984,5,POLONNARUWA,32.02,21.0,83.32,39.05
1984,5,PUTTALAM,30.85,20.09,85.25,85.23
1984,5,TRINCOMALEE,31.66,20.45,81.35,34.74
1984,5,VAVUNIYA,32.15,20.41,86.42,22.9
1984,5,HAMBANTOTA,29.79,19.67,83.82,147.52
1984,5,AMPARA,31.73,21.0,78.23,53.0
1984,5,ANURADHAPURA,31.86,20.41,87.27,33.14
1984,6,BATTICALOA,31.81,20.14,75.72,34.07
1984,6,JAFFNA,30.8,21.37,75.38,11.8
1984,6,MANNAR,30.46,20.36,76.9,8.95
1984,6,MONARAGALA,29.35,18.7,83.25,49.34
1984,6,MULLATIVU,31.11,21.37,77.53,20.88
1984,6,POLONNARUWA,31.92,20.14,82.21,17.87
1984,6,PUTTALAM,29.44,20.36,83.46,52.14
1984,6,TRINCOMALEE,31.68,20.34,80.75,9.69
1984,6,VAVUNIYA,32.08,20.9,80.1,11.56
1984,6,HAMBANTOTA,28.94,18.7,82.7,120.86
1984,6,AMPARA,31.81,20.14,75.72,34.07
1984,6,ANURADHAPURA,31.3,20.9,83.43,11.84
1984,7,BATTICALOA,31.58,17.48,75.94,203.67
1984,7,JAFFNA,30.58,18.51,78.27,150.24
1984,7,MANNAR,30.69,19.85,79.74,159.18
1984,7,MONARAGALA,30.14,14.39,81.62,161.1
1984,7,MULLATIVU,30.89,18.51,79.15,185.55
1984,7,POLONNARUWA,32.19,17.48,81.28,211.37
1984,7,PUTTALAM,29.25,19.85,83.27,119.91
1984,7,TRINCOMALEE,31.87,17.49,80.33,231.14
1984,7,VAVUNIYA,32.37,19.14,81.24,190.68
1984,7,HAMBANTOTA,28.78,14.39,82.99,216.3
1984,7,AMPARA,31.58,17.48,75.94,203.67
1984,7,ANURADHAPURA,31.78,19.14,83.14,184.23
1984,8,BATTICALOA,32.13,19.53,72.28,53.23
1984,8,JAFFNA,30.79,21.48,76.33,23.38
1984,8,MANNAR,31.07,21.3,78.19,14.91
1984,8,MONARAGALA,33.08,19.79,72.44,38.25
1984,8,MULLATIVU,31.27,21.48,77.58,30.63
1984,8,POLONNARUWA,33.45,19.53,77.0,54.6
1984,8,PUTTALAM,30.67,21.3,83.33,15.56
1984,8,TRINCOMALEE,32.42,19.4,79.22,73.03
1984,8,VAVUNIYA,33.33,21.48,78.44,31.83
1984,8,HAMBANTOTA,29.04,19.79,84.41,45.28
1984,8,AMPARA,32.13,19.53,72.28,53.23
1984,8,ANURADHAPURA,34.34,21.48,79.94,32.92
1984,9,BATTICALOA,33.0,19.81,71.84,228.09
1984,9,JAFFNA,30.54,19.14,77.73,233.21
1984,9,MANNAR,31.28,20.31,79.26,250.99
1984,9,MONARAGALA,34.37,19.8,72.62,170.26
1984,9,MULLATIVU,31.51,19.14,77.84,294.18
1984,9,POLONNARUWA,35.05,19.81,76.73,301.86
1984,9,PUTTALAM,31.54,20.31,80.24,217.87
1984,9,TRINCOMALEE,32.71,18.67,77.93,376.98
1984,9,VAVUNIYA,34.71,17.28,78.7,321.38
1984,9,HAMBANTOTA,29.4,19.8,80.97,175.33
1984,9,AMPARA,33.0,19.81,71.84,228.09
1984,9,ANURADHAPURA,35.49,17.28,78.64,329.77
1984,10,BATTICALOA,31.03,18.66,76.5,151.14
1984,10,JAFFNA,29.12,17.76,79.45,101.59
1984,10,MANNAR,29.41,18.62,81.69,91.9
1984,10,MONARAGALA,32.09,18.61,80.14,199.65
1984,10,MULLATIVU,29.6,17.76,80.73,103.23
1984,10,POLONNARUWA,30.9,18.66,83.97,113.58
1984,10,PUTTALAM,29.96,18.62,82.81,146.78
1984,10,TRINCOMALEE,30.36,18.4,82.2,102.69
1984,10,VAVUNIYA,30.34,18.02,84.48,100.58
1984,10,HAMBANTOTA,28.53,18.61,83.41,209.6
1984,10,AMPARA,31.03,18.66,76.5,151.14
1984,10,ANURADHAPURA,30.75,18.02,85.28,115.19
1984,11,BATTICALOA,28.71,16.61,83.0,294.75
1984,11,JAFFNA,28.77,15.47,81.68,226.04
1984,11,MANNAR,29.19,16.57,84.0,256.05
1984,11,MONARAGALA,28.56,17.65,88.76,237.55
1984,11,MULLATIVU,28.9,15.47,82.82,262.2
1984,11,POLONNARUWA,30.11,16.61,86.68,303.79
1984,11,PUTTALAM,29.74,16.57,85.44,286.65
1984,11,TRINCOMALEE,29.31,16.14,84.56,286.11
1984,11,VAVUNIYA,29.75,17.14,86.8,276.39
1984,11,HAMBANTOTA,28.33,17.65,81.97,327.3
1984,11,AMPARA,28.71,16.61,83.0,294.75
1984,11,ANURADHAPURA,30.03,17.14,88.92,278.85
1984,12,BATTICALOA,28.19,15.23,82.81,76.8
1984,12,JAFFNA,27.82,13.99,79.7,94.21
1984,12,MANNAR,28.43,15.75,82.49,87.11
1984,12,MONARAGALA,29.15,16.66,88.4,52.62
1984,12,MULLATIVU,27.69,13.99,80.46,104.56
1984,12,POLONNARUWA,29.84,15.23,85.72,95.29
1984,12,PUTTALAM,29.67,15.75,84.33,53.05
1984,12,TRINCOMALEE,28.38,14.89,82.43,119.59
1984,12,VAVUNIYA,29.21,15.33,84.88,97.89
1984,12,HAMBANTOTA,28.24,16.66,82.28,49.1
1984,12,AMPARA,28.19,15.23,82.81,76.8
1984,12,ANURADHAPURA,29.5,15.33,87.58,85.09
1985,1,BATTICALOA,27.67,16.55,82.96,83.8
1985,1,JAFFNA,28.0,15.37,80.37,93.75
1985,1,MANNAR,28.28,16.17,82.88,96.02
1985,1,MONARAGALA,27.75,17.89,88.97,48.98
1985,1,MULLATIVU,27.65,15.37,80.89,97.9
1985,1,POLONNARUWA,28.92,16.55,86.11,117.61
1985,1,PUTTALAM,29.15,16.17,84.28,119.86
1985,1,TRINCOMALEE,28.14,16.28,82.64,139.86
1985,1,VAVUNIYA,28.92,16.92,84.97,109.8
1985,1,HAMBANTOTA,28.24,17.89,83.32,49.24
1985,1,AMPARA,27.67,16.55,82.96,83.8
1985,1,ANURADHAPURA,29.0,16.92,87.42,124.9
1985,2,BATTICALOA,28.88,17.13,80.58,105.64
1985,2,JAFFNA,29.31,18.94,76.36,69.66
1985,2,MANNAR,30.46,18.96,79.24,104.83
1985,2,MONARAGALA,30.99,17.81,83.43,96.24
1985,2,MULLATIVU,28.94,18.94,78.01,63.14
1985,2,POLONNARUWA,30.31,17.13,83.26,98.51
1985,2,PUTTALAM,30.26,18.96,81.93,136.43
1985,2,TRINCOMALEE,28.66,17.5,80.34,77.91
1985,2,VAVUNIYA,30.2,18.27,82.02,85.25
1985,2,HAMBANTOTA,29.77,17.81,80.12,140.05
1985,2,AMPARA,28.88,17.13,80.58,105.64
1985,2,ANURADHAPURA,30.34,18.27,84.91,101.05
1985,3,BATTICALOA,31.35,21.56,78.26,98.34
1985,3,JAFFNA,31.57,21.09,74.4,41.71
1985,3,MANNAR,32.63,21.63,75.73,59.25
1985,3,MONARAGALA,34.58,21.93,78.49,90.28
1985,3,MULLATIVU,31.87,21.09,76.17,49.73
1985,3,POLONNARUWA,34.32,21.56,79.24,89.09
1985,3,PUTTALAM,32.89,21.63,77.34,56.44
1985,3,TRINCOMALEE,32.07,21.54,78.47,75.85
1985,3,VAVUNIYA,34.29,21.31,77.8,66.54
1985,3,HAMBANTOTA,29.87,21.93,79.48,136.8
1985,3,AMPARA,31.35,21.56,78.26,98.34
1985,3,ANURADHAPURA,34.45,21.31,80.69,79.45
1985,4,BATTICALOA,34.59,22.07,73.73,36.74
1985,4,JAFFNA,32.5,21.77,75.51,47.08
1985,4,MANNAR,34.14,21.99,75.72,58.69
1985,4,MONARAGALA,35.38,21.12,71.71,33.47
1985,4,MULLATIVU,33.19,21.77,75.45,41.03
1985,4,POLONNARUWA,37.42,22.07,70.57,39.36
1985,4,PUTTALAM,33.95,21.99,76.88,76.01
1985,4,TRINCOMALEE,34.81,21.64,74.36,38.54
1985,4,VAVUNIYA,35.68,21.81,74.67,47.19
1985,4,HAMBANTOTA,30.45,21.12,80.32,61.89
1985,4,AMPARA,34.59,22.07,73.73,36.74
1985,4,ANURADHAPURA,36.59,21.81,75.29,53.46
1985,5,BATTICALOA,34.66,20.42,72.12,52.11
1985,5,JAFFNA,32.94,20.35,74.77,52.7
1985,5,MANNAR,34.41,19.61,75.73,75.51
1985,5,MONARAGALA,37.49,19.07,69.21,80.44
1985,5,MULLATIVU,33.58,20.35,74.19,60.98
1985,5,POLONNARUWA,37.97,20.42,69.75,43.37
1985,5,PUTTALAM,34.08,19.61,79.07,121.85
1985,5,TRINCOMALEE,35.62,19.65,73.55,42.44
1985,5,VAVUNIYA,36.74,19.84,73.04,70.22
1985,5,HAMBANTOTA,31.47,19.07,79.43,133.35
1985,5,AMPARA,34.66,20.42,72.12,52.11
1985,5,ANURADHAPURA,38.41,19.84,74.14,77.32
1985,6,BATTICALOA,32.97,18.42,71.18,85.36
1985,6,JAFFNA,30.65,18.21,76.56,26.31
1985,6,MANNAR,30.76,17.4,76.5,16.6
1985,6,MONARAGALA,32.53,16.96,73.43,89.44
1985,6,MULLATIVU,31.28,18.21,75.97,40.2
1985,6,POLONNARUWA,34.65,18.42,71.65,53.83
1985,6,PUTTALAM,30.41,17.4,80.45,66.31
1985,6,TRINCOMALEE,33.19,17.63,73.71,27.38
1985,6,VAVUNIYA,33.81,18.05,73.03,20.56
1985,6,HAMBANTOTA,29.0,16.96,83.08,125.1
1985,6,AMPARA,32.97,18.42,71.18,85.36
1985,6,ANURADHAPURA,34.17,18.05,73.41,21.01
1985,7,BATTICALOA,33.27,19.14,67.26,29.62
1985,7,JAFFNA,30.64,19.01,75.72,55.49
1985,7,MANNAR,30.89,19.68,76.19,42.73
1985,7,MONARAGALA,33.78,18.8,67.09,19.47
1985,7,MULLATIVU,31.86,19.01,74.85,56.02
1985,7,POLONNARUWA,34.93,19.14,69.07,37.71
1985,7,PUTTALAM,30.65,19.68,78.54,29.99
1985,7,TRINCOMALEE,33.53,19.3,71.55,42.07
1985,7,VAVUNIYA,34.37,19.33,71.65,43.43
1985,7,HAMBANTOTA,29.26,18.8,79.67,24.53
1985,7,AMPARA,33.27,19.14,67.26,29.62
1985,7,ANURADHAPURA,35.14,19.33,70.87,33.6
1985,8,BATTICALOA,33.29,19.11,67.45,52.46
1985,8,JAFFNA,30.31,19.26,77.51,64.38
1985,8,MANNAR,30.51,18.79,77.47,62.08
1985,8,MONARAGALA,34.23,18.61,63.16,26.86
1985,8,MULLATIVU,30.91,19.26,76.85,69.16
1985,8,POLONNARUWA,34.7,19.11,69.59,67.72
1985,8,PUTTALAM,30.54,18.79,77.82,56.58
1985,8,TRINCOMALEE,33.16,18.47,72.4,66.26
1985,8,VAVUNIYA,33.71,18.83,73.36,71.09
1985,8,HAMBANTOTA,29.42,18.61,79.78,26.03
1985,8,AMPARA,33.29,19.11,67.45,52.46
1985,8,ANURADHAPURA,34.58,18.83,71.21,68.23
1985,9,BATTICALOA,33.63,19.8,68.98,115.23
1985,9,JAFFNA,30.57,19.28,77.73,133.07
1985,9,MANNAR,30.84,20.13,77.97,112.49
1985,9,MONARAGALA,36.76,20.1,66.53,141.87
1985,9,MULLATIVU,31.36,19.28,76.62,123.7
1985,9,POLONNARUWA,35.93,19.8,71.95,105.31
1985,9,PUTTALAM,31.79,20.13,78.11,95.47
1985,9,TRINCOMALEE,33.61,19.24,73.93,94.85
1985,9,VAVUNIYA,34.03,19.71,74.46,115.87
1985,9,HAMBANTOTA,30.62,20.1,79.8,159.49
1985,9,AMPARA,33.63,19.8,68.98,115.23
1985,9,ANURADHAPURA,35.73,19.71,73.91,111.48
1985,10,BATTICALOA,31.84,18.62,76.08,170.0
1985,10,JAFFNA,29.85,18.21,77.79,79.77
1985,10,MANNAR,31.18,19.08,77.94,69.66
1985,10,MONARAGALA,31.68,18.18,80.91,136.99
1985,10,MULLATIVU,30.98,18.21,77.99,105.13
1985,10,POLONNARUWA,33.12,18.62,79.02,145.34
1985,10,PUTTALAM,32.78,19.08,79.41,121.57
1985,10,TRINCOMALEE,32.9,18.7,76.94,121.19
1985,10,VAVUNIYA,33.38,17.91,77.08,83.1
1985,10,HAMBANTOTA,29.08,18.18,82.18,173.14
1985,10,AMPARA,31.84,18.62,76.08,170.0
1985,10,ANURADHAPURA,34.08,17.91,77.56,83.74
1985,11,BATTICALOA,29.1,16.16,80.48,208.12
1985,11,JAFFNA,28.37,14.56,79.48,294.84
1985,11,MANNAR,28.82,15.68,81.46,300.97
1985,11,MONARAGALA,29.18,17.77,86.27,220.75
1985,11,MULLATIVU,28.75,14.56,80.07,319.59
1985,11,POLONNARUWA,30.06,16.16,84.38,221.24
1985,11,PUTTALAM,29.34,15.68,83.57,279.01
1985,11,TRINCOMALEE,29.41,15.19,81.16,259.99
1985,11,VAVUNIYA,29.65,15.63,84.18,305.68
1985,11,HAMBANTOTA,28.58,17.77,82.04,302.42
1985,11,AMPARA,29.1,16.16,80.48,208.12
1985,11,ANURADHAPURA,30.12,15.63,86.16,294.11
1985,12,BATTICALOA,27.77,14.7,83.71,104.69
1985,12,JAFFNA,27.74,15.13,81.91,179.7
1985,12,MANNAR,28.37,16.59,84.18,185.87
1985,12,MONARAGALA,27.69,16.85,90.36,88.76
1985,12,MULLATIVU,27.36,15.13,82.57,174.82
1985,12,POLONNARUWA,28.67,14.7,86.71,120.18
1985,12,PUTTALAM,28.98,16.59,85.83,102.62
1985,12,TRINCOMALEE,27.74,15.12,83.71,152.0
1985,12,VAVUNIYA,28.6,15.51,85.99,177.29
1985,12,HAMBANTOTA,28.49,16.85,84.28,98.66
1985,12,AMPARA,27.77,14.7,83.71,104.69
1985,12,ANURADHAPURA,29.05,15.51,88.07,151.17
1986,1,BATTICALOA,28.29,14.12,84.76,347.53
1986,1,JAFFNA,27.31,14.14,82.18,106.4
1986,1,MANNAR,27.81,15.41,84.48,115.28
1986,1,MONARAGALA,28.59,15.99,90.29,330.93
1986,1,MULLATIVU,27.28,14.14,82.98,157.17
1986,1,POLONNARUWA,29.11,14.12,87.44,286.1
1986,1,PUTTALAM,29.36,15.41,85.22,130.81
1986,1,TRINCOMALEE,28.14,14.44,84.86,231.52
1986,1,VAVUNIYA,28.49,14.32,86.82,173.55
1986,1,HAMBANTOTA,27.99,15.99,84.71,330.72
1986,1,AMPARA,28.29,14.12,84.76,347.53
1986,1,ANURADHAPURA,29.04,14.32,88.61,201.04
1986,2,BATTICALOA,28.45,18.44,78.93,83.19
1986,2,JAFFNA,29.11,18.36,75.91,23.05
1986,2,MANNAR,30.01,20.12,77.78,26.95
1986,2,MONARAGALA,28.89,20.65,87.32,72.07
1986,2,MULLATIVU,28.36,18.36,77.38,26.71
1986,2,POLONNARUWA,29.91,18.44,82.18,71.96
1986,2,PUTTALAM,30.3,20.12,79.89,60.97
1986,2,TRINCOMALEE,28.65,18.79,78.63,63.86
1986,2,VAVUNIYA,30.03,19.2,80.32,32.15
1986,2,HAMBANTOTA,28.69,20.65,79.53,68.26
1986,2,AMPARA,28.45,18.44,78.93,83.19
1986,2,ANURADHAPURA,30.24,19.2,83.28,43.59
1986,3,BATTICALOA,29.63,18.68,81.96,179.86
1986,3,JAFFNA,31.61,19.82,75.91,96.12
1986,3,MANNAR,32.88,20.94,77.65,108.04
1986,3,MONARAGALA,30.09,19.11,87.33,155.86
1986,3,MULLATIVU,32.02,19.82,77.82,108.8
1986,3,POLONNARUWA,31.93,18.68,84.49,170.17
1986,3,PUTTALAM,32.39,20.94,80.3,100.93
1986,3,TRINCOMALEE,31.25,19.2,81.02,153.73
1986,3,VAVUNIYA,33.96,19.87,80.4,130.07
1986,3,HAMBANTOTA,29.1,19.11,82.53,215.21
1986,3,AMPARA,29.63,18.68,81.96,179.86
1986,3,ANURADHAPURA,33.9,19.87,83.52,137.15
1986,4,BATTICALOA,30.62,22.73,79.01,79.48
1986,4,JAFFNA,32.95,21.81,73.42,58.23
1986,4,MANNAR,34.1,21.75,73.96,82.44
1986,4,MONARAGALA,31.41,21.63,82.74,82.18
1986,4,MULLATIVU,32.6,21.81,74.67,77.7
1986,4,POLONNARUWA,34.31,22.73,76.76,81.74
1986,4,PUTTALAM,33.85,21.75,77.07,122.97
1986,4,TRINCOMALEE,32.56,21.77,76.79,96.3
1986,4,VAVUNIYA,35.41,22.53,74.08,97.43
1986,4,HAMBANTOTA,29.77,21.63,80.18,125.8
1986,4,AMPARA,30.62,22.73,79.01,79.48
1986,4,ANURADHAPURA,36.2,22.53,75.62,111.52
1986,5,BATTICALOA,33.24,22.01,75.04,42.29
1986,5,JAFFNA,32.1,22.38,78.65,46.5
1986,5,MANNAR,32.24,19.85,79.21,60.1
1986,5,MONARAGALA,34.36,20.75,78.26,55.48
1986,5,MULLATIVU,32.67,22.38,78.59,56.07
1986,5,POLONNARUWA,35.07,22.01,76.76,52.22
1986,5,PUTTALAM,30.67,19.85,82.33,107.8
1986,5,TRINCOMALEE,33.13,20.55,78.36,55.3
1986,5,VAVUNIYA,34.34,20.72,78.53,68.27
1986,5,HAMBANTOTA,29.26,20.75,83.77,118.49
1986,5,AMPARA,33.24,22.01,75.04,42.29
1986,5,ANURADHAPURA,34.33,20.72,80.43,83.03
1986,6,BATTICALOA,34.5,19.18,70.63,47.42
1986,6,JAFFNA,31.73,18.85,73.67,9.02
1986,6,MANNAR,32.17,18.87,73.86,3.69
1986,6,MONARAGALA,34.36,18.78,71.84,42.49
1986,6,MULLATIVU,32.28,18.85,73.44,14.08
1986,6,POLONNARUWA,36.02,19.18,71.58,22.78
1986,6,PUTTALAM,31.75,18.87,77.68,23.79
1986,6,TRINCOMALEE,34.37,18.83,72.65,9.25
1986,6,VAVUNIYA,34.97,19.09,71.25,6.69
1986,6,HAMBANTOTA,30.95,18.78,80.1,82.62
1986,6,AMPARA,34.5,19.18,70.63,47.42
1986,6,ANURADHAPURA,36.03,19.09,71.94,6.07
1986,7,BATTICALOA,33.54,18.94,67.57,40.38
1986,7,JAFFNA,31.12,19.12,74.57,16.79
1986,7,MANNAR,31.6,18.37,75.26,9.8
1986,7,MONARAGALA,33.83,18.75,66.1,32.3
1986,7,MULLATIVU,31.77,19.12,73.81,31.33
1986,7,POLONNARUWA,35.17,18.94,69.32,35.17
1986,7,PUTTALAM,31.32,18.37,79.1,20.46
1986,7,TRINCOMALEE,34.18,18.59,72.28,43.77
1986,7,VAVUNIYA,34.34,18.89,70.76,24.05
1986,7,HAMBANTOTA,30.65,18.75,80.95,47.47
1986,7,AMPARA,33.54,18.94,67.57,40.38
1986,7,ANURADHAPURA,35.63,18.89,70.82,20.99
1986,8,BATTICALOA,33.87,20.23,69.17,99.33
1986,8,JAFFNA,31.59,19.28,76.13,30.95
1986,8,MANNAR,32.01,19.19,75.58,18.04
1986,8,MONARAGALA,35.3,19.05,66.74,79.73
1986,8,MULLATIVU,32.25,19.28,73.99,31.18
1986,8,POLONNARUWA,35.54,20.23,69.71,72.87
1986,8,PUTTALAM,31.6,19.19,77.92,52.63
1986,8,TRINCOMALEE,34.44,19.1,71.95,46.59
1986,8,VAVUNIYA,35.59,19.95,69.55,27.72
1986,8,HAMBANTOTA,29.48,19.05,81.41,141.1
1986,8,AMPARA,33.87,20.23,69.17,99.33
1986,8,ANURADHAPURA,37.27,19.95,69.4,33.25
1986,9,BATTICALOA,33.15,19.81,68.84,70.39
1986,9,JAFFNA,30.57,20.09,79.28,74.1
1986,9,MANNAR,31.08,21.0,78.82,44.37
1986,9,MONARAGALA,33.87,19.17,67.05,62.84
1986,9,MULLATIVU,32.15,20.09,76.94,58.0
1986,9,POLONNARUWA,34.87,19.81,70.03,56.26
1986,9,PUTTALAM,30.97,21.0,78.79,61.82
1986,9,TRINCOMALEE,33.54,19.16,72.27,45.22
1986,9,VAVUNIYA,35.16,19.29,72.57,41.42
1986,9,HAMBANTOTA,29.45,19.17,82.3,106.05
1986,9,AMPARA,33.15,19.81,68.84,70.39
1986,9,ANURADHAPURA,35.79,19.29,71.03,39.2
1986,10,BATTICALOA,34.12,18.73,75.81,285.17
1986,10,JAFFNA,30.41,16.55,77.72,160.38
1986,10,MANNAR,31.83,18.0,78.42,160.46
1986,10,MONARAGALA,34.88,18.95,78.59,344.9
1986,10,MULLATIVU,31.41,16.55,76.92,182.6
1986,10,POLONNARUWA,35.7,18.73,75.54,211.94
1986,10,PUTTALAM,32.11,18.0,80.34,183.37
1986,10,TRINCOMALEE,34.13,17.42,75.08,154.54
1986,10,VAVUNIYA,35.05,17.19,76.01,180.18
1986,10,HAMBANTOTA,29.1,18.95,82.71,299.62
1986,10,AMPARA,34.12,18.73,75.81,285.17
1986,10,ANURADHAPURA,36.96,17.19,76.42,180.67
1986,11,BATTICALOA,30.09,16.67,76.28,121.28
1986,11,JAFFNA,29.31,15.96,75.69,108.24
1986,11,MANNAR,30.59,17.44,75.94,85.78
1986,11,MONARAGALA,29.86,18.2,85.53,112.97
1986,11,MULLATIVU,30.05,15.96,76.73,129.66
1986,11,POLONNARUWA,31.56,16.67,79.63,114.44
1986,11,PUTTALAM,31.76,17.44,77.78,106.51
1986,11,TRINCOMALEE,31.37,16.33,76.38,114.51
1986,11,VAVUNIYA,31.1,16.69,78.46,111.79
1986,11,HAMBANTOTA,28.96,18.2,79.78,157.48
1986,11,AMPARA,30.09,16.67,76.28,121.28
1986,11,ANURADHAPURA,32.57,16.69,78.79,93.74
1986,12,BATTICALOA,28.28,14.35,83.37,130.03
1986,12,JAFFNA,28.61,14.18,80.6,90.58
1986,12,MANNAR,30.12,16.08,80.77,82.13
1986,12,MONARAGALA,28.01,16.86,90.41,103.4
1986,12,MULLATIVU,28.33,14.18,81.69,112.19
1986,12,POLONNARUWA,29.63,14.35,86.14,137.27
1986,12,PUTTALAM,31.54,16.08,81.3,104.85
1986,12,TRINCOMALEE,28.58,14.8,82.7,129.71
1986,12,VAVUNIYA,30.22,15.07,83.17,108.49
1986,12,HAMBANTOTA,28.72,16.86,83.61,137.66
1986,12,AMPARA,28.28,14.35,83.37,130.03
1986,12,ANURADHAPURA,31.65,15.07,83.56,106.44
1987,1,BATTICALOA,27.84,13.4,82.78,136.18
1987,1,JAFFNA,28.54,15.15,75.74,29.92
1987,1,MANNAR,29.82,16.95,75.16,38.19
1987,1,MONARAGALA,28.15,15.97,89.05,92.79
1987,1,MULLATIVU,28.01,15.15,77.34,50.42
1987,1,POLONNARUWA,30.04,13.4,82.75,133.41
1987,1,PUTTALAM,31.89,16.95,75.08,41.09
1987,1,TRINCOMALEE,28.34,13.76,79.86,106.74
1987,1,VAVUNIYA,30.13,15.39,76.91,62.15
1987,1,HAMBANTOTA,28.74,15.97,82.84,120.38
1987,1,AMPARA,27.84,13.4,82.78,136.18
1987,1,ANURADHAPURA,31.99,15.39,76.97,68.65
1987,2,BATTICALOA,29.21,19.55,77.71,82.64
1987,2,JAFFNA,30.47,19.44,72.19,3.02
1987,2,MANNAR,33.25,20.5,69.12,1.62
1987,2,MONARAGALA,32.72,21.89,79.56,35.49
1987,2,MULLATIVU,29.49,19.44,73.56,8.4
1987,2,POLONNARUWA,32.48,19.55,76.23,83.07
1987,2,PUTTALAM,35.22,20.5,64.51,3.69
1987,2,TRINCOMALEE,29.82,19.64,74.78,48.26
1987,2,VAVUNIYA,34.07,21.18,70.06,8.98
1987,2,HAMBANTOTA,29.86,21.89,77.07,34.56
1987,2,AMPARA,29.21,19.55,77.71,82.64
1987,2,ANURADHAPURA,36.36,21.18,68.24,15.47
1987,3,BATTICALOA,31.33,20.91,76.31,56.81
1987,3,JAFFNA,33.13,21.41,69.36,30.44
1987,3,MANNAR,35.4,22.05,65.59,24.67
1987,3,MONARAGALA,35.21,21.25,72.27,38.07
1987,3,MULLATIVU,32.18,21.41,72.05,20.06
1987,3,POLONNARUWA,35.43,20.91,70.89,53.28
1987,3,PUTTALAM,36.73,22.05,61.56,29.7
1987,3,TRINCOMALEE,32.59,20.78,73.21,33.95
1987,3,VAVUNIYA,36.38,21.68,65.81,20.57
1987,3,HAMBANTOTA,30.98,21.25,76.78,51.83
1987,3,AMPARA,31.33,20.91,76.31,56.81
1987,3,ANURADHAPURA,39.52,21.68,62.43,25.04
1987,4,BATTICALOA,32.7,20.5,76.84,95.79
1987,4,JAFFNA,32.89,19.88,72.81,88.91
1987,4,MANNAR,34.57,19.72,71.57,113.01
1987,4,MONARAGALA,38.04,20.07,70.88,78.76
1987,4,MULLATIVU,35.13,19.88,72.37,88.24
1987,4,POLONNARUWA,38.26,20.5,69.61,84.41
1987,4,PUTTALAM,35.53,19.72,71.69,130.27
1987,4,TRINCOMALEE,35.81,19.83,71.69,67.57
1987,4,VAVUNIYA,38.89,20.7,67.61,100.46
1987,4,HAMBANTOTA,31.53,20.07,78.51,106.41
1987,4,AMPARA,32.7,20.5,76.84,95.79
1987,4,ANURADHAPURA,40.47,20.7,66.01,105.56
1987,5,BATTICALOA,32.66,21.0,74.77,69.24
1987,5,JAFFNA,32.4,21.36,73.52,15.96
1987,5,MANNAR,33.95,20.5,73.55,25.28
1987,5,MONARAGALA,36.43,20.33,71.66,109.14
1987,5,MULLATIVU,33.42,21.36,72.09,19.45
1987,5,POLONNARUWA,36.83,21.0,66.47,42.0
1987,5,PUTTALAM,35.05,20.5,74.74,84.24
1987,5,TRINCOMALEE,34.59,21.28,68.71,27.88
1987,5,VAVUNIYA,36.45,20.85,69.3,23.37
1987,5,HAMBANTOTA,30.99,20.33,79.57,119.43
1987,5,AMPARA,32.66,21.0,74.77,69.24
1987,5,ANURADHAPURA,38.22,20.85,68.06,36.05
1987,6,BATTICALOA,33.86,17.61,68.26,48.81
1987,6,JAFFNA,33.28,17.8,70.96,14.65
1987,6,MANNAR,33.03,17.86,70.69,6.65
1987,6,MONARAGALA,34.46,18.02,67.65,34.32
1987,6,MULLATIVU,33.62,17.8,70.5,24.75
1987,6,POLONNARUWA,35.85,17.61,68.02,29.29
1987,6,PUTTALAM,32.01,17.86,75.79,40.56
1987,6,TRINCOMALEE,34.69,17.06,69.6,17.52
1987,6,VAVUNIYA,35.71,17.93,66.53,13.24
1987,6,HAMBANTOTA,31.35,18.02,77.97,63.91
1987,6,AMPARA,33.86,17.61,68.26,48.81
1987,6,ANURADHAPURA,36.09,17.93,67.28,9.39
1987,7,BATTICALOA,35.42,20.64,64.15,2.31
1987,7,JAFFNA,31.87,19.73,75.0,16.19
1987,7,MANNAR,32.51,18.65,74.47,9.12
1987,7,MONARAGALA,37.88,20.43,57.94,1.55
1987,7,MULLATIVU,33.23,19.73,72.81,8.6
1987,7,POLONNARUWA,37.68,20.64,62.62,2.55
1987,7,PUTTALAM,32.72,18.65,75.08,6.53
1987,7,TRINCOMALEE,34.95,18.84,67.79,2.43
1987,7,VAVUNIYA,36.81,19.32,67.0,4.7
1987,7,HAMBANTOTA,30.92,20.43,76.52,2.5
1987,7,AMPARA,35.42,20.64,64.15,2.31
1987,7,ANURADHAPURA,38.2,19.32,65.32,3.33
1987,8,BATTICALOA,34.04,18.37,68.73,68.03
1987,8,JAFFNA,30.7,19.23,76.92,26.78
1987,8,MANNAR,31.57,19.56,75.46,13.86
1987,8,MONARAGALA,36.88,17.67,68.63,86.72
1987,8,MULLATIVU,32.16,19.23,74.85,32.46
1987,8,POLONNARUWA,37.05,18.37,68.52,40.6
1987,8,PUTTALAM,32.26,19.56,77.98,88.79
1987,8,TRINCOMALEE,34.68,17.98,70.73,19.77
1987,8,VAVUNIYA,35.46,18.75,69.69,17.07
1987,8,HAMBANTOTA,30.05,17.67,80.21,188.82
1987,8,AMPARA,34.04,18.37,68.73,68.03
1987,8,ANURADHAPURA,37.19,18.75,68.95,17.16
1987,9,BATTICALOA,35.33,19.94,71.47,100.96
1987,9,JAFFNA,31.5,19.21,77.54,97.49
1987,9,MANNAR,32.16,19.94,77.51,99.71
1987,9,MONARAGALA,36.48,19.22,70.61,102.35
1987,9,MULLATIVU,32.29,19.21,76.17,95.66
1987,9,POLONNARUWA,37.43,19.94,69.86,94.61
1987,9,PUTTALAM,32.74,19.94,77.75,105.57
1987,9,TRINCOMALEE,35.01,19.12,72.93,95.98
1987,9,VAVUNIYA,35.78,18.78,73.24,108.7
1987,9,HAMBANTOTA,30.71,19.22,80.85,166.24
1987,9,AMPARA,35.33,19.94,71.47,100.96
1987,9,ANURADHAPURA,37.76,18.78,72.25,115.05
1987,10,BATTICALOA,31.19,17.69,81.17,251.22
1987,10,JAFFNA,30.07,16.07,81.22,227.87
1987,10,MANNAR,30.78,16.71,82.71,241.14
1987,10,MONARAGALA,31.62,17.59,84.46,287.89
1987,10,MULLATIVU,30.62,16.07,80.98,259.8
1987,10,POLONNARUWA,33.38,17.69,80.99,235.8
1987,10,PUTTALAM,31.04,16.71,85.35,275.79
1987,10,TRINCOMALEE,31.71,16.82,80.02,240.9
1987,10,VAVUNIYA,32.45,16.05,82.42,259.52
1987,10,HAMBANTOTA,29.07,17.59,84.54,346.53
1987,10,AMPARA,31.19,17.69,81.17,251.22
1987,10,ANURADHAPURA,33.13,16.05,83.86,251.51
1987,11,BATTICALOA,30.4,17.06,80.78,203.41
1987,11,JAFFNA,29.9,15.33,80.08,168.9
1987,11,MANNAR,29.39,15.47,82.48,186.99
1987,11,MONARAGALA,29.12,17.31,86.9,192.95
1987,11,MULLATIVU,30.04,15.33,81.17,201.06
1987,11,POLONNARUWA,30.63,17.06,85.75,205.93
1987,11,PUTTALAM,29.56,15.47,84.91,192.34
1987,11,TRINCOMALEE,30.48,16.37,82.64,222.58
1987,11,VAVUNIYA,30.7,15.8,85.4,218.72
1987,11,HAMBANTOTA,29.22,17.31,82.4,229.09
1987,11,AMPARA,30.4,17.06,80.78,203.41
1987,11,ANURADHAPURA,30.59,15.8,87.56,214.95
1987,12,BATTICALOA,28.9,14.47,83.31,92.77
1987,12,JAFFNA,28.8,12.7,83.02,141.56
1987,12,MANNAR,29.14,15.34,84.67,93.2
1987,12,MONARAGALA,29.33,17.04,88.56,87.37
1987,12,MULLATIVU,28.37,12.7,83.85,127.97
1987,12,POLONNARUWA,29.8,14.47,87.35,104.53
1987,12,PUTTALAM,29.78,15.34,85.24,112.7
1987,12,TRINCOMALEE,28.94,13.44,84.58,129.88
1987,12,VAVUNIYA,29.7,14.2,87.37,102.83
1987,12,HAMBANTOTA,29.76,17.04,81.38,82.01
1987,12,AMPARA,28.9,14.47,83.31,92.77
1987,12,ANURADHAPURA,29.91,14.2,89.06,105.17
1988,1,BATTICALOA,28.66,14.78,79.69,20.6
1988,1,JAFFNA,28.22,15.77,76.23,3.13
1988,1,MANNAR,29.62,17.41,77.95,5.34
1988,1,MONARAGALA,28.55,16.48,87.81,16.73
1988,1,MULLATIVU,27.84,15.77,77.03,6.72
1988,1,POLONNARUWA,30.59,14.78,80.77,19.92
1988,1,PUTTALAM,31.15,17.41,80.7,11.44
1988,1,TRINCOMALEE,28.35,15.63,79.37,16.55
1988,1,VAVUNIYA,29.23,16.33,80.65,8.69
1988,1,HAMBANTOTA,28.95,16.48,81.98,26.73
1988,1,AMPARA,28.66,14.78,79.69,20.6
1988,1,ANURADHAPURA,30.05,16.33,83.67,13.39
1988,2,BATTICALOA,30.16,18.51,77.89,58.87
1988,2,JAFFNA,30.88,19.27,76.37,55.76
1988,2,MANNAR,32.51,20.35,75.2,63.76
1988,2,MONARAGALA,32.3,19.85,78.8,38.28
1988,2,MULLATIVU,29.98,19.27,77.93,59.37
1988,2,POLONNARUWA,33.11,18.51,74.91,66.92
1988,2,PUTTALAM,34.29,20.35,72.83,33.84
1988,2,TRINCOMALEE,30.42,18.63,77.63,70.79
1988,2,VAVUNIYA,32.9,20.03,76.95,67.45
1988,2,HAMBANTOTA,30.51,19.85,78.93,57.19
1988,2,AMPARA,30.16,18.51,77.89,58.87
1988,2,ANURADHAPURA,34.75,20.03,76.92,61.35
1988,3,BATTICALOA,32.54,19.64,77.79,124.27
1988,3,JAFFNA,33.03,19.71,73.46,16.62
1988,3,MANNAR,34.3,20.74,71.72,24.85
1988,3,MONARAGALA,36.52,19.83,75.08,82.75
1988,3,MULLATIVU,33.42,19.71,74.88,18.81
1988,3,POLONNARUWA,36.08,19.64,74.82,118.89
1988,3,PUTTALAM,35.15,20.74,71.4,66.6
1988,3,TRINCOMALEE,34.21,19.42,76.11,75.27
1988,3,VAVUNIYA,37.32,20.35,71.74,24.51
1988,3,HAMBANTOTA,31.83,19.83,79.02,113.19
1988,3,AMPARA,32.54,19.64,77.79,124.27
1988,3,ANURADHAPURA,38.67,20.35,70.99,41.29
1988,4,BATTICALOA,31.84,19.07,79.99,195.1
1988,4,JAFFNA,32.21,20.04,75.61,188.44
1988,4,MANNAR,34.35,20.07,77.24,234.72
1988,4,MONARAGALA,35.72,17.68,80.99,188.21
1988,4,MULLATIVU,31.72,20.04,76.98,205.72
1988,4,POLONNARUWA,35.07,19.07,79.65,180.82
1988,4,PUTTALAM,36.06,20.07,78.85,237.15
1988,4,TRINCOMALEE,32.41,18.95,79.01,185.2
1988,4,VAVUNIYA,35.8,19.03,78.77,239.68
1988,4,HAMBANTOTA,31.25,17.68,80.97,227.31
1988,4,AMPARA,31.84,19.07,79.99,195.1
1988,4,ANURADHAPURA,38.13,19.03,80.06,245.4
1988,5,BATTICALOA,33.89,18.91,74.68,25.7
1988,5,JAFFNA,31.56,18.79,80.45,29.44
1988,5,MANNAR,31.61,17.83,80.54,20.49
1988,5,MONARAGALA,33.9,18.08,74.95,37.06
1988,5,MULLATIVU,32.72,18.79,79.9,32.19
1988,5,POLONNARUWA,35.31,18.91,75.04,17.3
1988,5,PUTTALAM,31.29,17.83,81.4,31.49
1988,5,TRINCOMALEE,33.38,17.95,77.32,14.9
1988,5,VAVUNIYA,33.48,18.16,79.11,24.62
1988,5,HAMBANTOTA,30.39,18.08,82.96,69.73
1988,5,AMPARA,33.89,18.91,74.68,25.7
1988,5,ANURADHAPURA,33.79,18.16,79.6,21.43
1988,6,BATTICALOA,33.9,19.97,70.99,43.83
1988,6,JAFFNA,31.25,19.71,79.51,38.18
1988,6,MANNAR,31.87,19.11,78.87,32.79
1988,6,MONARAGALA,34.75,19.71,73.06,51.46
1988,6,MULLATIVU,32.45,19.71,78.11,34.26
1988,6,POLONNARUWA,35.95,19.97,71.5,31.03
1988,6,PUTTALAM,31.64,19.11,80.78,73.26
1988,6,TRINCOMALEE,34.03,19.38,74.59,21.81
1988,6,VAVUNIYA,34.82,18.59,74.97,26.12
1988,6,HAMBANTOTA,30.65,19.71,82.02,111.92
1988,6,AMPARA,33.9,19.97,70.99,43.83
1988,6,ANURADHAPURA,35.51,18.59,74.64,26.02
1988,7,BATTICALOA,33.7,17.07,71.32,61.16
1988,7,JAFFNA,31.28,16.5,78.45,59.45
1988,7,MANNAR,31.75,16.55,77.63,42.95
1988,7,MONARAGALA,33.76,16.34,72.9,51.02
1988,7,MULLATIVU,32.28,16.5,77.46,46.97
1988,7,POLONNARUWA,35.16,17.07,72.6,41.62
1988,7,PUTTALAM,31.57,16.55,79.98,56.38
1988,7,TRINCOMALEE,33.81,16.38,74.01,27.31
1988,7,VAVUNIYA,34.84,16.79,74.78,37.43
1988,7,HAMBANTOTA,29.87,16.34,82.27,95.17
1988,7,AMPARA,33.7,17.07,71.32,61.16
1988,7,ANURADHAPURA,35.3,16.79,74.38,35.07
1988,8,BATTICALOA,33.95,17.66,73.04,93.48
1988,8,JAFFNA,31.31,18.04,79.22,109.45
1988,8,MANNAR,31.89,17.77,79.37,104.49
1988,8,MONARAGALA,34.71,17.29,73.29,81.06
1988,8,MULLATIVU,32.25,18.04,78.74,116.72
1988,8,POLONNARUWA,36.08,17.66,73.71,91.01
1988,8,PUTTALAM,31.71,17.77,80.48,76.69
1988,8,TRINCOMALEE,34.48,17.41,75.55,88.75
1988,8,VAVUNIYA,35.11,17.17,76.78,109.35
1988,8,HAMBANTOTA,30.34,17.29,82.41,121.48
1988,8,AMPARA,33.95,17.66,73.04,93.48
1988,8,ANURADHAPURA,36.08,17.17,75.73,96.41
1988,9,BATTICALOA,32.93,18.0,74.99,88.5
1988,9,JAFFNA,30.22,18.04,80.71,121.4
1988,9,MANNAR,30.9,19.02,80.58,94.22
1988,9,MONARAGALA,33.51,17.04,75.58,97.23
1988,9,MULLATIVU,31.1,18.04,79.89,93.58
1988,9,POLONNARUWA,34.73,18.0,75.54,69.39
1988,9,PUTTALAM,30.99,19.02,82.12,137.27
1988,9,TRINCOMALEE,33.3,18.32,76.18,53.3
1988,9,VAVUNIYA,33.51,17.47,78.13,77.25
1988,9,HAMBANTOTA,30.37,17.04,82.23,178.4
1988,9,AMPARA,32.93,18.0,74.99,88.5
1988,9,ANURADHAPURA,34.18,17.47,77.25,74.46
1988,10,BATTICALOA,33.16,20.78,71.75,61.65
1988,10,JAFFNA,30.99,18.74,75.31,66.19
1988,10,MANNAR,32.31,19.87,76.3,65.43
1988,10,MONARAGALA,35.12,19.75,70.22,36.38
1988,10,MULLATIVU,32.0,18.74,74.28,63.47
1988,10,POLONNARUWA,35.59,20.78,70.49,70.11
1988,10,PUTTALAM,32.92,19.87,77.65,64.06
1988,10,TRINCOMALEE,33.25,19.54,71.84,52.22
1988,10,VAVUNIYA,34.27,19.38,73.6,63.09
1988,10,HAMBANTOTA,30.58,19.75,77.81,35.03
1988,10,AMPARA,33.16,20.78,71.75,61.65
1988,10,ANURADHAPURA,35.73,19.38,73.13,63.78
1988,11,BATTICALOA,30.75,15.41,80.25,170.27
1988,11,JAFFNA,29.67,14.03,76.55,131.35
1988,11,MANNAR,31.24,15.36,78.5,130.09
1988,11,MONARAGALA,33.38,16.39,82.12,155.57
1988,11,MULLATIVU,29.62,14.03,77.67,143.68
1988,11,POLONNARUWA,33.33,15.41,81.71,169.53
1988,11,PUTTALAM,32.4,15.36,81.16,160.44
1988,11,TRINCOMALEE,30.8,13.74,78.38,159.04
1988,11,VAVUNIYA,32.22,15.25,80.16,138.26
1988,11,HAMBANTOTA,30.35,16.39,76.81,166.06
1988,11,AMPARA,30.75,15.41,80.25,170.27
1988,11,ANURADHAPURA,33.76,15.25,81.86,143.82
1988,12,BATTICALOA,29.15,14.94,80.6,97.87
1988,12,JAFFNA,30.35,14.93,76.47,48.34
1988,12,MANNAR,31.93,15.62,76.4,55.16
1988,12,MONARAGALA,30.6,16.83,83.83,97.13
1988,12,MULLATIVU,29.52,14.93,77.17,54.72
1988,12,POLONNARUWA,31.7,14.94,79.45,78.14
1988,12,PUTTALAM,31.96,15.62,76.9,54.98
1988,12,TRINCOMALEE,29.89,15.1,77.63,68.14
1988,12,VAVUNIYA,32.48,15.8,76.99,60.83
1988,12,HAMBANTOTA,29.6,16.83,80.7,115.88
1988,12,AMPARA,29.15,14.94,80.6,97.87
1988,12,ANURADHAPURA,33.56,15.8,77.34,65.85
1989,1,BATTICALOA,28.17,14.19,79.64,147.52
1989,1,JAFFNA,28.69,14.3,76.04,25.6
1989,1,MANNAR,30.8,14.94,74.58,28.2
1989,1,MONARAGALA,30.23,15.77,84.57,126.0
1989,1,MULLATIVU,28.49,14.3,76.57,32.43
1989,1,POLONNARUWA,31.23,14.19,77.96,107.72
1989,1,PUTTALAM,32.96,14.94,72.89,31.66
1989,1,TRINCOMALEE,28.89,14.2,76.85,59.44
1989,1,VAVUNIYA,31.8,14.9,74.28,33.98
1989,1,HAMBANTOTA,29.15,15.77,80.97,170.33
1989,1,AMPARA,28.17,14.19,79.64,147.52
1989,1,ANURADHAPURA,33.72,14.9,73.62,42.8
1989,2,BATTICALOA,29.15,19.55,73.16,16.08
1989,2,JAFFNA,30.59,20.09,68.35,3.62
1989,2,MANNAR,32.86,19.92,66.06,3.72
1989,2,MONARAGALA,33.26,20.54,73.73,16.33
1989,2,MULLATIVU,29.38,20.09,69.65,6.44
1989,2,POLONNARUWA,32.97,19.55,68.12,12.0
1989,2,PUTTALAM,35.59,19.92,60.85,2.34
1989,2,TRINCOMALEE,29.97,19.01,70.8,15.63
1989,2,VAVUNIYA,33.93,21.72,66.01,7.32
1989,2,HAMBANTOTA,30.11,20.54,74.22,32.14
1989,2,AMPARA,29.15,19.55,73.16,16.08
1989,2,ANURADHAPURA,36.48,21.72,64.03,7.77
1989,3,BATTICALOA,32.1,22.05,72.59,46.39
1989,3,JAFFNA,32.91,21.24,67.34,18.45
1989,3,MANNAR,34.96,21.62,64.48,19.51
1989,3,MONARAGALA,36.04,22.53,68.9,49.33
1989,3,MULLATIVU,33.18,21.24,69.23,18.15
1989,3,POLONNARUWA,36.53,22.05,65.79,31.47
1989,3,PUTTALAM,36.09,21.62,61.87,44.9
1989,3,TRINCOMALEE,34.04,21.22,68.91,17.34
1989,3,VAVUNIYA,37.67,22.51,63.48,16.03
1989,3,HAMBANTOTA,30.6,22.53,73.08,66.99
1989,3,AMPARA,32.1,22.05,72.59,46.39
1989,3,ANURADHAPURA,40.06,22.51,59.95,19.79
1989,4,BATTICALOA,34.11,22.11,72.58,41.06
1989,4,JAFFNA,33.57,21.88,70.53,29.11
1989,4,MANNAR,35.74,21.44,68.68,35.05
1989,4,MONARAGALA,37.8,21.25,66.93,60.78
1989,4,MULLATIVU,33.54,21.88,70.88,33.91
1989,4,POLONNARUWA,37.91,22.11,64.63,37.37
1989,4,PUTTALAM,37.95,21.44,69.55,80.04
1989,4,TRINCOMALEE,35.48,22.04,68.7,34.05
1989,4,VAVUNIYA,38.47,21.71,64.92,34.9
1989,4,HAMBANTOTA,31.74,21.25,78.13,117.87
1989,4,AMPARA,34.11,22.11,72.58,41.06
1989,4,ANURADHAPURA,40.95,21.71,61.97,38.31
1989,5,BATTICALOA,34.85,19.35,70.56,81.84
1989,5,JAFFNA,31.86,20.03,76.27,42.78
1989,5,MANNAR,32.73,19.0,76.09,45.72
1989,5,MONARAGALA,35.2,18.57,71.3,88.29
1989,5,MULLATIVU,33.53,20.03,74.57,57.16
1989,5,POLONNARUWA,36.84,19.35,69.62,53.91
1989,5,PUTTALAM,32.06,19.0,79.45,73.24
1989,5,TRINCOMALEE,35.02,18.91,71.6,37.94
1989,5,VAVUNIYA,36.7,18.84,71.82,56.29
1989,5,HAMBANTOTA,30.11,18.57,83.07,186.36
1989,5,AMPARA,34.85,19.35,70.56,81.84
1989,5,ANURADHAPURA,37.2,18.84,72.54,55.82
1989,6,BATTICALOA,33.4,17.85,71.12,74.58
1989,6,JAFFNA,30.71,18.51,79.02,51.17
1989,6,MANNAR,31.24,17.62,78.88,53.25
1989,6,MONARAGALA,33.41,18.01,72.56,71.98
1989,6,MULLATIVU,31.39,18.51,78.07,73.84
1989,6,POLONNARUWA,34.36,17.85,74.41,71.29
1989,6,PUTTALAM,31.28,17.62,81.34,80.46
1989,6,TRINCOMALEE,33.45,17.2,75.31,71.16
1989,6,VAVUNIYA,34.42,17.48,75.16,71.17
1989,6,HAMBANTOTA,30.23,18.01,81.99,95.01
1989,6,AMPARA,33.4,17.85,71.12,74.58
1989,6,ANURADHAPURA,35.63,17.48,74.88,67.94
1989,7,BATTICALOA,32.1,18.22,76.05,201.61
1989,7,JAFFNA,31.03,18.09,80.54,130.66
1989,7,MANNAR,32.02,17.35,81.54,136.09
1989,7,MONARAGALA,33.52,17.17,76.13,170.72
1989,7,MULLATIVU,31.56,18.09,80.81,168.0
1989,7,POLONNARUWA,35.48,18.22,80.79,202.08
1989,7,PUTTALAM,31.62,17.35,83.7,130.44
1989,7,TRINCOMALEE,34.0,17.82,80.55,220.84
1989,7,VAVUNIYA,35.25,17.37,80.94,188.45
1989,7,HAMBANTOTA,30.14,17.17,84.5,247.45
1989,7,AMPARA,32.1,18.22,76.05,201.61
1989,7,ANURADHAPURA,36.39,17.37,81.0,193.66
1989,8,BATTICALOA,33.48,19.68,71.2,31.94
1989,8,JAFFNA,31.36,18.76,77.69,9.46
1989,8,MANNAR,31.37,18.78,78.08,8.5
1989,8,MONARAGALA,33.1,19.49,71.1,38.46
1989,8,MULLATIVU,31.86,18.76,77.72,16.64
1989,8,POLONNARUWA,34.57,19.68,74.25,18.45
1989,8,PUTTALAM,31.01,18.78,80.74,35.47
1989,8,TRINCOMALEE,33.44,18.34,75.97,12.64
1989,8,VAVUNIYA,34.19,18.38,75.77,12.79
1989,8,HAMBANTOTA,29.32,19.49,82.69,98.02
1989,8,AMPARA,33.48,19.68,71.2,31.94
1989,8,ANURADHAPURA,35.46,18.38,75.01,12.78
1989,9,BATTICALOA,32.91,19.55,74.93,150.87
1989,9,JAFFNA,30.84,19.06,78.95,129.9
1989,9,MANNAR,31.56,19.41,79.79,129.89
1989,9,MONARAGALA,33.77,19.02,75.4,140.51
1989,9,MULLATIVU,31.26,19.06,78.87,135.67
1989,9,POLONNARUWA,34.2,19.55,78.12,152.95
1989,9,PUTTALAM,31.43,19.41,81.72,160.6
1989,9,TRINCOMALEE,32.88,18.83,78.05,150.7
1989,9,VAVUNIYA,33.82,18.47,78.35,139.21
1989,9,HAMBANTOTA,29.72,19.02,83.56,276.75
1989,9,AMPARA,32.91,19.55,74.93,150.87
1989,9,ANURADHAPURA,35.07,18.47,78.27,143.37
1989,10,BATTICALOA,32.78,19.68,75.19,128.93
1989,10,JAFFNA,29.47,17.77,80.7,212.52
1989,10,MANNAR,30.09,18.77,82.51,237.49
1989,10,MONARAGALA,32.73,19.38,77.78,136.11
1989,10,MULLATIVU,30.36,17.77,80.11,207.6
1989,10,POLONNARUWA,33.25,19.68,79.14,130.36
1989,10,PUTTALAM,29.77,18.77,84.79,204.44
1989,10,TRINCOMALEE,32.07,18.62,78.77,130.31
1989,10,VAVUNIYA,32.62,17.68,81.47,217.49
1989,10,HAMBANTOTA,28.83,19.38,83.35,192.49
1989,10,AMPARA,32.78,19.68,75.19,128.93
1989,10,ANURADHAPURA,33.3,17.68,82.45,205.13
1989,11,BATTICALOA,29.5,16.56,82.27,243.16
1989,11,JAFFNA,29.27,14.83,82.83,218.86
1989,11,MANNAR,29.86,16.58,84.56,221.38
1989,11,MONARAGALA,30.47,18.37,87.08,203.66
1989,11,MULLATIVU,29.08,14.83,83.35,253.61
1989,11,POLONNARUWA,31.61,16.56,84.09,247.59
1989,11,PUTTALAM,30.44,16.58,85.58,199.95
1989,11,TRINCOMALEE,29.89,15.67,82.95,256.65
1989,11,VAVUNIYA,30.25,15.76,86.24,262.52
1989,11,HAMBANTOTA,29.77,18.37,82.09,186.92
1989,11,AMPARA,29.5,16.56,82.27,243.16
1989,11,ANURADHAPURA,31.28,15.76,87.59,251.31
1989,12,BATTICALOA,27.98,15.57,80.24,94.11
1989,12,JAFFNA,27.92,15.24,79.12,62.36
1989,12,MANNAR,28.46,16.65,81.94,60.8
1989,12,MONARAGALA,28.38,17.11,87.95,78.28
1989,12,MULLATIVU,27.66,15.24,79.15,68.96
1989,12,POLONNARUWA,29.21,15.57,83.59,94.17
1989,12,PUTTALAM,29.48,16.65,83.49,63.34
1989,12,TRINCOMALEE,28.32,15.45,79.93,90.25
1989,12,VAVUNIYA,28.77,16.63,83.46,70.7
1989,12,HAMBANTOTA,28.6,17.11,82.24,65.98
1989,12,AMPARA,27.98,15.57,80.24,94.11
1989,12,ANURADHAPURA,29.37,16.63,85.64,76.72
1990,1,BATTICALOA,28.1,16.25,78.65,135.28
1990,1,JAFFNA,27.73,17.16,75.76,156.45
1990,1,MANNAR,28.24,17.77,79.51,172.17
1990,1,MONARAGALA,29.4,17.76,85.56,104.78
1990,1,MULLATIVU,27.49,17.16,76.38,160.41
1990,1,POLONNARUWA,29.49,16.25,80.41,147.72
1990,1,PUTTALAM,29.78,17.77,82.09,163.69
1990,1,TRINCOMALEE,27.9,16.74,77.99,132.51
1990,1,VAVUNIYA,28.37,16.91,81.36,171.67
1990,1,HAMBANTOTA,29.23,17.76,79.18,115.76
1990,1,AMPARA,28.1,16.25,78.65,135.28
1990,1,ANURADHAPURA,29.18,16.91,84.3,166.09
1990,2,BATTICALOA,30.91,19.15,77.08,7.74
1990,2,JAFFNA,30.81,19.45,76.42,2.02
1990,2,MANNAR,32.66,20.59,76.27,2.13
1990,2,MONARAGALA,34.45,20.08,75.88,9.53
1990,2,MULLATIVU,31.5,19.45,77.89,3.39
1990,2,POLONNARUWA,35.42,19.15,73.27,5.36
1990,2,PUTTALAM,33.58,20.59,76.04,10.47
1990,2,TRINCOMALEE,32.24,19.25,76.92,3.75
1990,2,VAVUNIYA,34.86,19.23,76.8,3.37
1990,2,HAMBANTOTA,30.58,20.08,76.82,15.93
1990,2,AMPARA,30.91,19.15,77.08,7.74
1990,2,ANURADHAPURA,36.43,19.23,75.9,4.52
1990,3,BATTICALOA,31.86,20.47,74.65,53.31
1990,3,JAFFNA,32.37,20.44,72.14,40.34
1990,3,MANNAR,34.53,21.46,70.75,50.55
1990,3,MONARAGALA,36.12,20.87,70.28,49.33
1990,3,MULLATIVU,32.77,20.44,74.02,52.64
1990,3,POLONNARUWA,36.32,20.47,69.05,67.95
1990,3,PUTTALAM,35.62,21.46,69.35,53.59
1990,3,TRINCOMALEE,33.16,20.54,73.61,78.99
1990,3,VAVUNIYA,35.86,20.71,70.46,67.97
1990,3,HAMBANTOTA,31.42,20.87,75.68,69.21
1990,3,AMPARA,31.86,20.47,74.65,53.31
1990,3,ANURADHAPURA,37.77,20.71,68.48,78.31
1990,4,BATTICALOA,34.57,20.97,72.54,28.56
1990,4,JAFFNA,33.52,21.19,70.34,31.91
1990,4,MANNAR,35.1,20.16,69.97,43.8
1990,4,MONARAGALA,38.22,20.1,64.65,30.64
1990,4,MULLATIVU,33.44,21.19,71.56,40.24
1990,4,POLONNARUWA,38.13,20.97,66.45,34.02
1990,4,PUTTALAM,36.76,20.16,70.25,66.34
1990,4,TRINCOMALEE,35.11,20.33,71.76,34.02
1990,4,VAVUNIYA,37.17,20.91,68.12,45.84
1990,4,HAMBANTOTA,31.66,20.1,76.49,46.2
1990,4,AMPARA,34.57,20.97,72.54,28.56
1990,4,ANURADHAPURA,38.6,20.91,66.61,51.82
1990,5,BATTICALOA,33.85,19.06,74.5,141.48
1990,5,JAFFNA,32.36,19.46,76.46,102.58
1990,5,MANNAR,33.03,18.4,77.8,113.87
1990,5,MONARAGALA,35.19,18.68,74.27,139.21
1990,5,MULLATIVU,32.35,19.46,77.82,156.92
1990,5,POLONNARUWA,35.14,19.06,75.48,152.44
1990,5,PUTTALAM,32.93,18.4,81.22,171.28
1990,5,TRINCOMALEE,33.64,17.98,77.96,154.13
1990,5,VAVUNIYA,35.64,18.21,78.34,151.24
1990,5,HAMBANTOTA,30.98,18.68,81.83,245.12
1990,5,AMPARA,33.85,19.06,74.5,141.48
1990,5,ANURADHAPURA,36.43,18.21,80.12,171.39
1990,6,BATTICALOA,34.0,19.29,69.54,64.14
1990,6,JAFFNA,31.57,20.66,75.72,4.24
1990,6,MANNAR,31.66,18.89,75.91,2.0
1990,6,MONARAGALA,34.81,17.9,69.54,69.19
1990,6,MULLATIVU,32.47,20.66,75.25,13.53
1990,6,POLONNARUWA,35.25,19.29,70.46,30.36
1990,6,PUTTALAM,31.45,18.89,79.16,24.22
1990,6,TRINCOMALEE,33.85,18.76,73.55,13.34
1990,6,VAVUNIYA,34.54,18.93,72.08,7.8
1990,6,HAMBANTOTA,30.29,17.9,82.96,118.16
1990,6,AMPARA,34.0,19.29,69.54,64.14
1990,6,ANURADHAPURA,35.07,18.93,72.69,6.66
1990,7,BATTICALOA,33.78,18.3,69.09,26.22
1990,7,JAFFNA,31.34,19.14,75.07,16.05
1990,7,MANNAR,32.1,18.49,74.71,5.52
1990,7,MONARAGALA,35.21,18.04,69.8,42.05
1990,7,MULLATIVU,31.77,19.14,73.79,21.12
1990,7,POLONNARUWA,35.68,18.3,68.78,12.17
1990,7,PUTTALAM,31.86,18.49,78.86,35.81
1990,7,TRINCOMALEE,34.26,17.81,71.1,6.82
1990,7,VAVUNIYA,35.17,18.46,69.18,8.47
1990,7,HAMBANTOTA,29.98,18.04,81.42,62.63
1990,7,AMPARA,33.78,18.3,69.09,26.22
1990,7,ANURADHAPURA,37.0,18.46,69.32,4.76
1990,8,BATTICALOA,33.59,18.13,69.11,90.28
1990,8,JAFFNA,31.09,16.92,76.06,80.72
1990,8,MANNAR,31.93,17.34,77.23,86.25
1990,8,MONARAGALA,36.12,17.83,62.99,37.71
1990,8,MULLATIVU,31.88,16.92,76.19,102.54
1990,8,POLONNARUWA,35.68,18.13,70.95,126.3
1990,8,PUTTALAM,32.19,17.34,79.04,50.56
1990,8,TRINCOMALEE,33.49,16.59,73.81,144.42
1990,8,VAVUNIYA,35.36,17.04,73.73,114.77
1990,8,HAMBANTOTA,30.19,17.83,79.51,39.92
1990,8,AMPARA,33.59,18.13,69.11,90.28
1990,8,ANURADHAPURA,36.59,17.04,72.79,117.5
1990,9,BATTICALOA,34.05,19.76,67.29,38.78
1990,9,JAFFNA,30.77,19.18,78.01,90.64
1990,9,MANNAR,31.29,19.25,78.63,58.3
1990,9,MONARAGALA,36.21,19.59,62.1,21.37
1990,9,MULLATIVU,31.6,19.18,77.08,63.49
1990,9,POLONNARUWA,35.38,19.76,69.8,45.74
1990,9,PUTTALAM,32.14,19.25,77.19,35.18
1990,9,TRINCOMALEE,33.21,18.66,73.34,43.2
1990,9,VAVUNIYA,33.86,18.83,74.83,51.39
1990,9,HAMBANTOTA,30.36,19.59,78.37,34.59
1990,9,AMPARA,34.05,19.76,67.29,38.78
1990,9,ANURADHAPURA,35.18,18.83,72.94,46.68
1990,10,BATTICALOA,34.81,18.43,75.27,185.42
1990,10,JAFFNA,30.92,17.03,78.91,216.77
1990,10,MANNAR,32.63,18.03,79.11,222.85
1990,10,MONARAGALA,36.34,17.97,72.98,200.97
1990,10,MULLATIVU,31.87,17.03,79.47,204.02
1990,10,POLONNARUWA,36.73,18.43,75.17,166.09
1990,10,PUTTALAM,33.93,18.03,78.22,239.02
1990,10,TRINCOMALEE,34.1,18.34,77.41,153.57
1990,10,VAVUNIYA,35.06,17.25,77.86,201.48
1990,10,HAMBANTOTA,30.83,17.97,80.52,238.74
1990,10,AMPARA,34.81,18.43,75.27,185.42
1990,10,ANURADHAPURA,36.98,17.25,77.03,201.02
1990,11,BATTICALOA,30.11,17.55,80.87,86.32
1990,11,JAFFNA,29.26,15.86,79.2,82.09
1990,11,MANNAR,30.42,17.21,80.84,82.45
1990,11,MONARAGALA,30.39,17.77,84.57,99.08
1990,11,MULLATIVU,30.15,15.86,79.95,91.65
1990,11,POLONNARUWA,31.89,17.55,80.93,69.01
1990,11,PUTTALAM,30.62,17.21,83.92,133.32
1990,11,TRINCOMALEE,31.23,16.52,79.67,48.04
1990,11,VAVUNIYA,31.29,17.23,82.33,74.3
1990,11,HAMBANTOTA,29.51,17.77,82.42,157.68
1990,11,AMPARA,30.11,17.55,80.87,86.32
1990,11,ANURADHAPURA,32.04,17.23,83.53,78.08
1990,12,BATTICALOA,29.01,13.26,81.68,151.88
1990,12,JAFFNA,28.99,13.06,79.38,46.39
1990,12,MANNAR,30.25,14.57,80.45,53.44
1990,12,MONARAGALA,28.72,15.02,89.07,158.44
1990,12,MULLATIVU,28.73,13.06,79.76,66.24
1990,12,POLONNARUWA,31.47,13.26,81.59,106.58
1990,12,PUTTALAM,30.65,14.57,82.73,84.46
1990,12,TRINCOMALEE,29.64,13.59,80.18,73.74
1990,12,VAVUNIYA,30.79,13.73,80.92,67.15
1990,12,HAMBANTOTA,29.29,15.02,83.59,172.98
1990,12,AMPARA,29.01,13.26,81.68,151.88
1990,12,ANURADHAPURA,31.93,13.73,81.88,74.73
1991,1,BATTICALOA,28.42,15.13,78.7,74.72
1991,1,JAFFNA,29.8,15.47,76.18,27.42
1991,1,MANNAR,31.07,16.33,74.88,32.08
1991,1,MONARAGALA,29.17,16.66,84.82,91.34
1991,1,MULLATIVU,29.48,15.47,76.6,33.9
1991,1,POLONNARUWA,31.43,15.13,75.33,45.26
1991,1,PUTTALAM,32.36,16.33,75.98,42.08
1991,1,TRINCOMALEE,29.68,15.53,76.07,33.43
1991,1,VAVUNIYA,32.45,15.79,74.68,36.3
1991,1,HAMBANTOTA,29.27,16.66,80.69,118.54
1991,1,AMPARA,28.42,15.13,78.7,74.72
1991,1,ANURADHAPURA,33.56,15.79,74.44,38.25
1991,2,BATTICALOA,29.83,19.64,74.45,6.37
1991,2,JAFFNA,31.18,19.51,70.89,2.89
1991,2,MANNAR,33.29,20.2,68.34,3.18
1991,2,MONARAGALA,32.45,21.47,74.26,5.94
1991,2,MULLATIVU,30.11,19.51,72.04,2.64
1991,2,POLONNARUWA,33.37,19.64,68.06,4.09
1991,2,PUTTALAM,35.91,20.2,65.2,4.55
1991,2,TRINCOMALEE,30.88,18.84,71.45,2.86
1991,2,VAVUNIYA,34.21,20.44,67.86,2.41
1991,2,HAMBANTOTA,30.44,21.47,74.33,9.68
1991,2,AMPARA,29.83,19.64,74.45,6.37
1991,2,ANURADHAPURA,36.79,20.44,65.39,2.8
1991,3,BATTICALOA,32.26,21.25,73.94,18.93
1991,3,JAFFNA,33.56,21.28,69.74,37.7
1991,3,MANNAR,35.39,21.79,67.64,50.43
1991,3,MONARAGALA,38.51,21.8,67.72,15.35
1991,3,MULLATIVU,33.55,21.28,72.96,38.07
1991,3,POLONNARUWA,38.09,21.25,66.96,25.94
1991,3,PUTTALAM,37.11,21.79,63.19,38.18
1991,3,TRINCOMALEE,34.52,20.47,71.32,27.14
1991,3,VAVUNIYA,38.24,21.94,67.88,47.93
1991,3,HAMBANTOTA,31.31,21.8,75.25,15.63
1991,3,AMPARA,32.26,21.25,73.94,18.93
1991,3,ANURADHAPURA,40.71,21.94,63.76,50.45
1991,4,BATTICALOA,36.12,20.63,71.41,42.19
1991,4,JAFFNA,33.5,21.37,71.25,66.43
1991,4,MANNAR,34.75,21.1,71.47,91.01
1991,4,MONARAGALA,37.72,20.28,68.26,49.18
1991,4,MULLATIVU,33.92,21.37,72.7,62.97
1991,4,POLONNARUWA,38.08,20.63,66.05,39.49
1991,4,PUTTALAM,35.38,21.1,72.18,81.48
1991,4,TRINCOMALEE,35.63,21.0,70.69,34.79
1991,4,VAVUNIYA,37.21,21.61,69.75,76.85
1991,4,HAMBANTOTA,31.96,20.28,76.73,103.56
1991,4,AMPARA,36.12,20.63,71.41,42.19
1991,4,ANURADHAPURA,38.9,21.61,68.2,82.41
1991,5,BATTICALOA,34.29,21.09,72.44,51.08
1991,5,JAFFNA,32.17,21.97,76.86,69.51
1991,5,MANNAR,33.53,20.04,77.09,94.12
1991,5,MONARAGALA,39.45,19.76,66.18,51.76
1991,5,MULLATIVU,34.03,21.97,73.93,67.8
1991,5,POLONNARUWA,39.63,21.09,65.22,51.87
1991,5,PUTTALAM,33.72,20.04,76.92,93.62
1991,5,TRINCOMALEE,36.61,21.36,70.05,54.68
1991,5,VAVUNIYA,37.91,20.76,71.22,82.92
1991,5,HAMBANTOTA,30.99,19.76,79.67,63.21
1991,5,AMPARA,34.29,21.09,72.44,51.08
1991,5,ANURADHAPURA,39.14,20.76,70.41,87.59
1991,6,BATTICALOA,33.39,18.47,73.25,119.35
1991,6,JAFFNA,30.45,18.33,81.72,92.95
1991,6,MANNAR,30.81,17.75,81.25,59.64
1991,6,MONARAGALA,33.61,17.61,72.66,107.6
1991,6,MULLATIVU,31.54,18.33,79.95,76.09
1991,6,POLONNARUWA,34.71,18.47,72.46,74.0
1991,6,PUTTALAM,30.56,17.75,82.79,120.28
1991,6,TRINCOMALEE,33.84,17.86,75.31,33.74
1991,6,VAVUNIYA,33.79,17.8,77.32,44.69
1991,6,HAMBANTOTA,30.09,17.61,81.92,132.09
1991,6,AMPARA,33.39,18.47,73.25,119.35
1991,6,ANURADHAPURA,34.3,17.8,76.84,40.52
1991,7,BATTICALOA,34.67,18.85,68.03,43.18
1991,7,JAFFNA,30.65,18.31,77.65,20.47
1991,7,MANNAR,31.49,17.34,76.48,15.12
1991,7,MONARAGALA,34.75,18.38,68.32,44.27
1991,7,MULLATIVU,31.94,18.31,76.37,35.19
1991,7,POLONNARUWA,35.24,18.85,70.29,29.47
1991,7,PUTTALAM,31.19,17.34,79.31,46.07
1991,7,TRINCOMALEE,34.26,18.44,71.89,21.7
1991,7,VAVUNIYA,34.35,17.61,72.42,22.56
1991,7,HAMBANTOTA,30.21,18.38,79.82,90.7
1991,7,AMPARA,34.67,18.85,68.03,43.18
1991,7,ANURADHAPURA,35.15,17.61,71.72,20.24
1991,8,BATTICALOA,33.3,18.9,69.48,41.94
1991,8,JAFFNA,31.61,17.92,74.9,31.49
1991,8,MANNAR,31.94,17.86,73.44,13.63
1991,8,MONARAGALA,33.84,17.92,68.85,56.54
1991,8,MULLATIVU,32.36,17.92,73.36,31.68
1991,8,POLONNARUWA,34.73,18.9,69.86,24.56
1991,8,PUTTALAM,31.41,17.86,77.06,31.22
1991,8,TRINCOMALEE,33.91,17.75,70.43,24.58
1991,8,VAVUNIYA,35.24,18.52,68.31,17.32
1991,8,HAMBANTOTA,30.07,17.92,80.91,107.81
1991,8,AMPARA,33.3,18.9,69.48,41.94
1991,8,ANURADHAPURA,35.92,18.52,67.64,12.51
1991,9,BATTICALOA,33.66,21.58,68.74,63.19
1991,9,JAFFNA,31.46,19.8,75.62,93.81
1991,9,MANNAR,32.04,20.16,75.0,49.09
1991,9,MONARAGALA,35.96,21.07,64.67,48.28
1991,9,MULLATIVU,32.46,19.8,73.22,52.78
1991,9,POLONNARUWA,36.37,21.58,67.58,53.2
1991,9,PUTTALAM,32.52,20.16,74.91,28.52
1991,9,TRINCOMALEE,34.56,19.76,69.14,39.83
1991,9,VAVUNIYA,35.98,20.54,69.05,37.71
1991,9,HAMBANTOTA,30.9,21.07,79.12,61.82
1991,9,AMPARA,33.66,21.58,68.74,63.19
1991,9,ANURADHAPURA,37.14,20.54,67.11,33.46
1991,10,BATTICALOA,32.82,17.1,77.42,209.49
1991,10,JAFFNA,30.4,16.03,79.41,248.39
1991,10,MANNAR,31.32,16.43,79.39,257.0
1991,10,MONARAGALA,33.4,16.73,78.44,156.57
1991,10,MULLATIVU,31.79,16.03,79.14,266.92
1991,10,POLONNARUWA,36.33,17.1,77.49,245.11
1991,10,PUTTALAM,32.1,16.43,80.37,242.63
1991,10,TRINCOMALEE,34.09,16.16,77.14,275.83
1991,10,VAVUNIYA,35.12,15.82,77.89,275.45
1991,10,HAMBANTOTA,29.74,16.73,82.65,206.86
1991,10,AMPARA,32.82,17.1,77.42,209.49
1991,10,ANURADHAPURA,36.6,15.82,78.0,268.27
1991,11,BATTICALOA,30.05,16.81,81.58,197.71
1991,11,JAFFNA,28.95,15.22,80.5,310.4
1991,11,MANNAR,29.15,16.34,83.05,319.34
1991,11,MONARAGALA,30.42,17.54,86.36,168.58
1991,11,MULLATIVU,29.48,15.22,80.57,309.5
1991,11,POLONNARUWA,30.94,16.81,84.32,217.27
1991,11,PUTTALAM,29.73,16.34,84.33,226.16
1991,11,TRINCOMALEE,30.04,15.69,80.89,211.46
1991,11,VAVUNIYA,29.84,16.31,85.15,323.93
1991,11,HAMBANTOTA,28.82,17.54,83.3,191.85
1991,11,AMPARA,30.05,16.81,81.58,197.71
1991,11,ANURADHAPURA,30.22,16.31,87.2,317.18
1991,12,BATTICALOA,28.05,13.83,81.46,137.74
1991,12,JAFFNA,28.2,13.75,80.03,100.53
1991,12,MANNAR,28.42,14.97,82.63,115.84
1991,12,MONARAGALA,28.31,14.67,88.19,126.81
1991,12,MULLATIVU,27.82,13.75,79.88,100.19
1991,12,POLONNARUWA,29.14,13.83,84.48,108.12
1991,12,PUTTALAM,29.81,14.97,83.51,94.68
1991,12,TRINCOMALEE,28.13,14.27,80.83,84.02
1991,12,VAVUNIYA,28.95,15.16,84.34,113.05
1991,12,HAMBANTOTA,28.78,14.67,82.48,145.88
1991,12,AMPARA,28.05,13.83,81.46,137.74
1991,12,ANURADHAPURA,29.51,15.16,86.58,117.55
1992,1,BATTICALOA,28.14,16.21,75.94,21.72
1992,1,JAFFNA,28.22,16.02,73.86,8.23
1992,1,MANNAR,29.03,17.11,77.03,8.06
1992,1,MONARAGALA,30.48,17.91,81.9,18.87
1992,1,MULLATIVU,27.89,16.02,74.42,14.37
1992,1,POLONNARUWA,30.83,16.21,74.75,20.4
1992,1,PUTTALAM,31.04,17.11,77.44,6.35
1992,1,TRINCOMALEE,28.28,15.92,74.95,26.19
1992,1,VAVUNIYA,29.68,17.26,78.62,14.85
1992,1,HAMBANTOTA,29.26,17.91,78.09,26.78
1992,1,AMPARA,28.14,16.21,75.94,21.72
1992,1,ANURADHAPURA,30.3,17.26,81.29,14.63
1992,2,BATTICALOA,30.91,22.66,70.96,0.45
1992,2,JAFFNA,30.29,20.39,70.87,0.02
1992,2,MANNAR,32.53,20.65,70.35,0.01
1992,2,MONARAGALA,35.05,22.98,69.06,1.24
1992,2,MULLATIVU,30.51,20.39,71.55,0.15
1992,2,POLONNARUWA,35.46,22.66,66.23,0.26
1992,2,PUTTALAM,34.98,20.65,65.26,1.37
1992,2,TRINCOMALEE,31.74,20.82,70.28,0.16
1992,2,VAVUNIYA,34.49,22.84,70.21,0.1
1992,2,HAMBANTOTA,30.55,22.98,71.42,1.42
1992,2,AMPARA,30.91,22.66,70.96,0.45
1992,2,ANURADHAPURA,36.35,22.84,69.47,0.15
1992,3,BATTICALOA,32.15,23.65,68.9,0.0
1992,3,JAFFNA,33.78,21.28,64.29,0.19
1992,3,MANNAR,35.68,21.63,62.07,0.0
1992,3,MONARAGALA,38.15,24.21,57.92,0.0
1992,3,MULLATIVU,33.31,21.28,67.87,0.14
1992,3,POLONNARUWA,37.5,23.65,60.99,0.0
1992,3,PUTTALAM,37.57,21.63,54.01,0.01
1992,3,TRINCOMALEE,34.25,22.2,66.85,0.0
1992,3,VAVUNIYA,38.5,24.28,62.83,0.0
1992,3,HAMBANTOTA,31.22,24.21,68.51,0.0
1992,3,AMPARA,32.15,23.65,68.9,0.0
1992,3,ANURADHAPURA,41.26,24.28,57.85,0.0
1992,4,BATTICALOA,33.14,21.84,72.34,54.46
1992,4,JAFFNA,33.13,20.59,70.46,76.33
1992,4,MANNAR,35.08,20.68,69.76,104.81
1992,4,MONARAGALA,39.59,22.04,63.96,52.5
1992,4,MULLATIVU,35.28,20.59,71.25,75.6
1992,4,POLONNARUWA,39.32,21.84,64.62,53.43
1992,4,PUTTALAM,37.2,20.68,67.65,96.86
1992,4,TRINCOMALEE,35.83,21.15,69.47,44.83
1992,4,VAVUNIYA,39.22,21.54,66.99,96.54
1992,4,HAMBANTOTA,31.71,22.04,73.09,63.57
1992,4,AMPARA,33.14,21.84,72.34,54.46
1992,4,ANURADHAPURA,41.36,21.54,64.29,104.41
1992,5,BATTICALOA,33.89,19.91,74.54,103.66
1992,5,JAFFNA,32.6,20.37,77.21,75.57
1992,5,MANNAR,33.71,19.1,77.85,80.05
1992,5,MONARAGALA,35.45,18.38,74.84,114.26
1992,5,MULLATIVU,33.56,20.37,76.75,90.02
1992,5,POLONNARUWA,36.23,19.91,72.36,97.07
1992,5,PUTTALAM,33.71,19.1,79.89,138.69
1992,5,TRINCOMALEE,34.32,19.72,74.48,88.44
1992,5,VAVUNIYA,36.58,19.62,75.57,90.33
1992,5,HAMBANTOTA,31.32,18.38,81.36,179.2
1992,5,AMPARA,33.89,19.91,74.54,103.66
1992,5,ANURADHAPURA,36.61,19.62,75.98,91.18
1992,6,BATTICALOA,34.09,18.05,68.63,45.22
1992,6,JAFFNA,31.53,18.33,78.58,42.91
1992,6,MANNAR,31.36,17.68,78.05,36.55
1992,6,MONARAGALA,34.7,17.86,66.48,27.61
1992,6,MULLATIVU,31.91,18.33,77.83,49.67
1992,6,POLONNARUWA,34.88,18.05,71.56,52.91
1992,6,PUTTALAM,31.16,17.68,80.34,66.4
1992,6,TRINCOMALEE,33.52,17.11,74.26,47.8
1992,6,VAVUNIYA,33.86,18.24,74.68,42.21
1992,6,HAMBANTOTA,30.63,17.86,80.22,64.99
1992,6,AMPARA,34.09,18.05,68.63,45.22
1992,6,ANURADHAPURA,34.74,18.24,74.0,41.79
1992,7,BATTICALOA,33.34,17.58,71.14,97.56
1992,7,JAFFNA,30.32,16.99,79.78,44.0
1992,7,MANNAR,30.86,17.13,79.35,40.45
1992,7,MONARAGALA,34.43,17.09,69.11,71.08
1992,7,MULLATIVU,31.36,16.99,78.76,49.25
1992,7,POLONNARUWA,34.47,17.58,72.9,64.63
1992,7,PUTTALAM,30.84,17.13,81.42,71.01
1992,7,TRINCOMALEE,33.39,17.26,74.89,38.99
1992,7,VAVUNIYA,33.75,17.92,75.46,38.8
1992,7,HAMBANTOTA,29.68,17.09,81.99,126.17
1992,7,AMPARA,33.34,17.58,71.14,97.56
1992,7,ANURADHAPURA,34.36,17.92,74.49,35.78
1992,8,BATTICALOA,33.82,18.71,70.87,71.0
1992,8,JAFFNA,30.69,19.28,78.37,27.01
1992,8,MANNAR,31.47,18.6,78.62,22.04
1992,8,MONARAGALA,36.06,18.54,66.84,59.27
1992,8,MULLATIVU,32.18,19.28,77.11,48.15
1992,8,POLONNARUWA,35.56,18.71,72.18,56.82
1992,8,PUTTALAM,31.72,18.6,81.29,40.26
1992,8,TRINCOMALEE,34.6,17.79,73.28,59.01
1992,8,VAVUNIYA,35.04,18.68,73.57,40.73
1992,8,HAMBANTOTA,31.18,18.54,81.44,83.43
1992,8,AMPARA,33.82,18.71,70.87,71.0
1992,8,ANURADHAPURA,36.62,18.68,72.78,36.86
1992,9,BATTICALOA,33.05,18.49,73.06,70.12
1992,9,JAFFNA,29.88,18.45,80.51,138.21
1992,9,MANNAR,30.72,18.76,80.21,96.93
1992,9,MONARAGALA,34.67,18.71,70.36,56.42
1992,9,MULLATIVU,30.94,18.45,79.66,148.15
1992,9,POLONNARUWA,34.65,18.49,75.11,119.72
1992,9,PUTTALAM,31.12,18.76,80.78,88.05
1992,9,TRINCOMALEE,33.12,17.77,77.11,192.65
1992,9,VAVUNIYA,34.0,18.18,77.46,135.73
1992,9,HAMBANTOTA,30.15,18.71,81.07,98.13
1992,9,AMPARA,33.05,18.49,73.06,70.12
1992,9,ANURADHAPURA,35.36,18.18,76.45,118.78
1992,10,BATTICALOA,31.48,17.45,75.45,98.43
1992,10,JAFFNA,29.55,15.28,80.63,149.73
1992,10,MANNAR,30.38,16.67,82.45,170.71
1992,10,MONARAGALA,33.97,17.81,75.3,95.13
1992,10,MULLATIVU,30.55,15.28,81.17,134.25
1992,10,POLONNARUWA,32.97,17.45,78.89,98.53
1992,10,PUTTALAM,30.76,16.67,84.08,210.58
1992,10,TRINCOMALEE,31.22,16.17,80.42,104.97
1992,10,VAVUNIYA,32.07,16.39,83.24,132.5
1992,10,HAMBANTOTA,29.92,17.81,80.63,131.27
1992,10,AMPARA,31.48,17.45,75.45,98.43
1992,10,ANURADHAPURA,32.47,16.39,83.86,137.77
1992,11,BATTICALOA,30.56,14.52,83.64,311.61
1992,11,JAFFNA,29.32,13.93,82.96,288.32
1992,11,MANNAR,29.36,14.71,85.0,243.71
1992,11,MONARAGALA,30.88,14.36,87.5,263.81
1992,11,MULLATIVU,29.0,13.93,84.11,297.61
1992,11,POLONNARUWA,30.97,14.52,86.07,321.55
1992,11,PUTTALAM,29.54,14.71,86.46,229.48
1992,11,TRINCOMALEE,29.61,14.2,84.37,349.47
1992,11,VAVUNIYA,29.63,14.57,87.17,286.39
1992,11,HAMBANTOTA,29.44,14.36,84.72,318.56
1992,11,AMPARA,30.56,14.52,83.64,311.61
1992,11,ANURADHAPURA,30.13,14.57,88.46,263.85
1992,12,BATTICALOA,27.88,12.97,81.1,176.75
1992,12,JAFFNA,28.02,13.79,77.33,169.36
1992,12,MANNAR,28.21,14.62,80.88,184.86
1992,12,MONARAGALA,27.22,14.3,89.88,125.93
1992,12,MULLATIVU,27.78,13.79,77.4,219.79
1992,12,POLONNARUWA,28.27,12.97,85.11,223.55
1992,12,PUTTALAM,28.93,14.62,83.72,108.05
1992,12,TRINCOMALEE,27.64,13.7,80.54,292.86
1992,12,VAVUNIYA,28.16,14.32,83.33,251.8
1992,12,HAMBANTOTA,28.14,14.3,83.21,137.21
1992,12,AMPARA,27.88,12.97,81.1,176.75
1992,12,ANURADHAPURA,28.31,14.32,86.22,239.72
1993,1,BATTICALOA,27.64,15.49,78.14,15.87
1993,1,JAFFNA,27.34,15.53,76.49,3.88
1993,1,MANNAR,28.28,16.41,79.49,1.65
1993,1,MONARAGALA,28.39,17.2,85.39,23.01
1993,1,MULLATIVU,27.07,15.53,77.17,7.14
1993,1,POLONNARUWA,28.36,15.49,82.08,7.91
1993,1,PUTTALAM,30.66,16.41,79.52,5.35
1993,1,TRINCOMALEE,27.65,15.28,78.17,4.94
1993,1,VAVUNIYA,28.02,15.89,81.79,3.08
1993,1,HAMBANTOTA,28.56,17.2,79.08,29.17
1993,1,AMPARA,27.64,15.49,78.14,15.87
1993,1,ANURADHAPURA,28.89,15.89,84.23,3.58
1993,2,BATTICALOA,30.58,19.58,74.66,18.32
1993,2,JAFFNA,30.07,19.85,73.0,3.19
1993,2,MANNAR,32.23,21.11,72.14,1.73
1993,2,MONARAGALA,34.87,21.27,73.6,11.19
1993,2,MULLATIVU,30.39,19.85,74.21,3.74
1993,2,POLONNARUWA,34.53,19.58,73.51,11.48
1993,2,PUTTALAM,34.08,21.11,68.63,5.52
1993,2,TRINCOMALEE,31.39,19.03,74.78,6.49
1993,2,VAVUNIYA,33.97,20.22,73.74,3.14
1993,2,HAMBANTOTA,30.12,21.27,74.62,6.44
1993,2,AMPARA,30.58,19.58,74.66,18.32
1993,2,ANURADHAPURA,35.72,20.22,73.07,3.88
1993,3,BATTICALOA,32.02,21.22,73.62,30.86
1993,3,JAFFNA,33.16,21.36,70.28,34.61
1993,3,MANNAR,35.14,21.98,67.98,46.92
1993,3,MONARAGALA,36.15,22.03,70.2,38.07
1993,3,MULLATIVU,32.2,21.36,72.86,30.05
1993,3,POLONNARUWA,36.43,21.22,68.66,24.21
1993,3,PUTTALAM,36.72,21.98,64.18,53.94
1993,3,TRINCOMALEE,33.15,20.76,72.61,19.55
1993,3,VAVUNIYA,36.09,21.51,68.97,36.65
1993,3,HAMBANTOTA,31.6,22.03,74.71,51.13
1993,3,AMPARA,32.02,21.22,73.62,30.86
1993,3,ANURADHAPURA,38.22,21.51,65.86,40.68
1993,4,BATTICALOA,32.52,21.27,71.86,36.71
1993,4,JAFFNA,33.14,22.63,70.32,86.22
1993,4,MANNAR,34.98,21.89,69.87,112.69
1993,4,MONARAGALA,38.4,21.57,63.83,36.55
1993,4,MULLATIVU,32.78,22.63,71.54,80.1
1993,4,POLONNARUWA,37.07,21.27,65.24,51.1
1993,4,PUTTALAM,36.19,21.89,68.38,115.17
1993,4,TRINCOMALEE,33.83,21.24,69.53,50.58
1993,4,VAVUNIYA,36.87,21.62,67.96,98.31
1993,4,HAMBANTOTA,31.9,21.57,72.78,67.93
1993,4,AMPARA,32.52,21.27,71.86,36.71
1993,4,ANURADHAPURA,39.01,21.62,65.49,107.4
1993,5,BATTICALOA,33.34,19.84,75.77,87.69
1993,5,JAFFNA,32.57,20.92,77.27,68.17
1993,5,MANNAR,33.83,19.64,77.82,73.07
1993,5,MONARAGALA,35.79,18.6,74.31,120.2
1993,5,MULLATIVU,33.94,20.92,76.73,89.67
1993,5,POLONNARUWA,37.52,19.84,71.86,75.74
1993,5,PUTTALAM,34.13,19.64,80.67,108.91
1993,5,TRINCOMALEE,35.09,20.04,74.59,88.41
1993,5,VAVUNIYA,37.68,19.51,75.47,91.48
1993,5,HAMBANTOTA,30.45,18.6,83.87,291.29
1993,5,AMPARA,33.34,19.84,75.77,87.69
1993,5,ANURADHAPURA,38.99,19.51,75.51,87.66
1993,6,BATTICALOA,34.03,19.53,72.57,124.18
1993,6,JAFFNA,31.45,19.87,79.2,41.1
1993,6,MANNAR,31.67,18.98,79.08,19.79
1993,6,MONARAGALA,34.4,18.78,73.16,92.56
1993,6,MULLATIVU,32.0,19.87,78.83,56.35
1993,6,POLONNARUWA,35.1,19.53,75.91,91.88
1993,6,PUTTALAM,31.27,18.98,82.09,60.18
1993,6,TRINCOMALEE,33.64,18.81,76.69,65.85
1993,6,VAVUNIYA,33.79,18.61,76.73,38.29
1993,6,HAMBANTOTA,29.82,18.78,84.88,155.31
1993,6,AMPARA,34.03,19.53,72.57,124.18
1993,6,ANURADHAPURA,35.19,18.61,76.08,33.35
1993,7,BATTICALOA,32.65,17.5,72.61,69.42
1993,7,JAFFNA,30.96,18.11,78.84,48.9
1993,7,MANNAR,30.84,17.27,77.93,34.6
1993,7,MONARAGALA,33.23,16.89,71.35,69.84
1993,7,MULLATIVU,31.07,18.11,78.03,49.99
1993,7,POLONNARUWA,34.3,17.5,73.55,48.1
1993,7,PUTTALAM,30.47,17.27,81.78,44.24
1993,7,TRINCOMALEE,33.41,17.49,75.08,51.02
1993,7,VAVUNIYA,33.8,18.04,74.04,42.43
1993,7,HAMBANTOTA,28.84,16.89,84.86,119.14
1993,7,AMPARA,32.65,17.5,72.61,69.42
1993,7,ANURADHAPURA,34.4,18.04,73.96,37.03
1993,8,BATTICALOA,34.58,20.13,68.55,27.11
1993,8,JAFFNA,31.0,19.59,78.88,19.79
1993,8,MANNAR,31.5,20.02,78.41,12.69
1993,8,MONARAGALA,35.54,19.86,64.73,13.28
1993,8,MULLATIVU,31.75,19.59,76.84,31.27
1993,8,POLONNARUWA,35.49,20.13,69.61,37.28
1993,8,PUTTALAM,31.46,20.02,79.37,18.52
1993,8,TRINCOMALEE,33.89,19.54,72.82,49.87
1993,8,VAVUNIYA,34.78,19.55,72.25,24.66
1993,8,HAMBANTOTA,29.34,19.86,82.64,19.14
1993,8,AMPARA,34.58,20.13,68.55,27.11
1993,8,ANURADHAPURA,36.22,19.55,70.47,22.12
1993,9,BATTICALOA,34.39,20.27,70.15,39.87
1993,9,JAFFNA,30.7,19.09,78.01,26.7
1993,9,MANNAR,31.5,20.72,77.22,12.17
1993,9,MONARAGALA,36.28,19.88,66.61,41.59
1993,9,MULLATIVU,31.7,19.09,76.13,29.49
1993,9,POLONNARUWA,36.24,20.27,69.94,32.48
1993,9,PUTTALAM,31.94,20.72,78.18,55.6
1993,9,TRINCOMALEE,34.06,19.43,72.35,20.66
1993,9,VAVUNIYA,34.63,19.29,71.6,15.44
1993,9,HAMBANTOTA,29.86,19.88,81.26,112.47
1993,9,AMPARA,34.39,20.27,70.15,39.87
1993,9,ANURADHAPURA,36.49,19.29,70.03,15.52
1993,10,BATTICALOA,32.58,16.66,77.99,250.38
1993,10,JAFFNA,30.06,14.24,82.33,334.68
1993,10,MANNAR,30.86,16.04,83.48,340.05
1993,10,MONARAGALA,33.23,16.81,79.37,207.46
1993,10,MULLATIVU,30.32,14.24,82.68,342.93
1993,10,POLONNARUWA,33.98,16.66,81.17,255.78
1993,10,PUTTALAM,31.06,16.04,84.27,287.92
1993,10,TRINCOMALEE,31.79,15.58,81.2,253.82
1993,10,VAVUNIYA,32.78,15.21,83.79,348.53
1993,10,HAMBANTOTA,29.44,16.81,83.81,252.45
1993,10,AMPARA,32.58,16.66,77.99,250.38
1993,10,ANURADHAPURA,32.62,15.21,84.08,334.91
1993,11,BATTICALOA,29.53,13.37,85.34,267.12
1993,11,JAFFNA,28.57,12.95,84.97,430.47
1993,11,MANNAR,29.01,13.12,87.34,381.07
1993,11,MONARAGALA,29.07,14.7,89.82,236.23
1993,11,MULLATIVU,28.53,12.95,85.33,419.51
1993,11,POLONNARUWA,29.82,13.37,88.45,323.5
1993,11,PUTTALAM,29.68,13.12,87.83,289.46
1993,11,TRINCOMALEE,29.2,12.67,86.05,388.18
1993,11,VAVUNIYA,29.47,13.48,89.36,412.92
1993,11,HAMBANTOTA,28.55,14.7,84.59,271.31
1993,11,AMPARA,29.53,13.37,85.34,267.12
1993,11,ANURADHAPURA,29.85,13.48,90.82,381.41
1993,12,BATTICALOA,28.98,11.39,87.55,259.33
1993,12,JAFFNA,27.69,11.5,85.82,378.3
1993,12,MANNAR,28.3,12.08,88.43,389.69
1993,12,MONARAGALA,29.09,13.75,92.53,210.82
1993,12,MULLATIVU,27.86,11.5,85.22,408.9
1993,12,POLONNARUWA,29.6,11.39,90.54,333.85
1993,12,PUTTALAM,29.27,12.08,89.41,288.86
1993,12,TRINCOMALEE,28.63,11.32,86.84,434.31
1993,12,VAVUNIYA,28.54,11.58,90.24,429.35
1993,12,HAMBANTOTA,28.59,13.75,87.25,234.46
1993,12,AMPARA,28.98,11.39,87.55,259.33
1993,12,ANURADHAPURA,29.07,11.58,92.26,407.98
1994,1,BATTICALOA,27.43,13.32,81.37,173.35
1994,1,JAFFNA,27.94,16.33,78.74,40.61
1994,1,MANNAR,28.66,16.93,82.24,52.48
1994,1,MONARAGALA,27.78,14.91,90.53,130.8
1994,1,MULLATIVU,27.68,16.33,78.68,55.84
1994,1,POLONNARUWA,28.66,13.32,85.56,154.9
1994,1,PUTTALAM,29.0,16.93,85.13,71.36
1994,1,TRINCOMALEE,27.71,14.75,80.85,121.6
1994,1,VAVUNIYA,28.76,15.57,84.34,65.61
1994,1,HAMBANTOTA,27.92,14.91,84.82,140.12
1994,1,AMPARA,27.43,13.32,81.37,173.35
1994,1,ANURADHAPURA,29.26,15.57,87.31,73.61
1994,2,BATTICALOA,28.21,16.68,81.46,158.28
1994,2,JAFFNA,28.66,18.42,79.63,140.0
1994,2,MANNAR,29.19,19.35,82.57,164.78
1994,2,MONARAGALA,28.21,17.36,89.29,131.78
1994,2,MULLATIVU,28.29,18.42,80.5,154.48
1994,2,POLONNARUWA,29.23,16.68,85.26,175.15
1994,2,PUTTALAM,29.87,19.35,84.56,119.79
1994,2,TRINCOMALEE,28.46,17.38,81.62,184.42
1994,2,VAVUNIYA,29.35,18.02,84.73,186.64
1994,2,HAMBANTOTA,28.67,17.36,82.9,140.24
1994,2,AMPARA,28.21,16.68,81.46,158.28
1994,2,ANURADHAPURA,29.85,18.02,87.22,191.07
1994,3,BATTICALOA,30.74,20.53,79.64,31.29
1994,3,JAFFNA,30.97,21.19,77.09,19.11
1994,3,MANNAR,31.49,21.89,80.39,26.1
1994,3,MONARAGALA,32.8,20.25,83.52,29.58
1994,3,MULLATIVU,31.08,21.19,78.67,17.15
1994,3,POLONNARUWA,31.91,20.53,82.18,29.16
1994,3,PUTTALAM,31.6,21.89,80.68,41.59
1994,3,TRINCOMALEE,31.54,20.19,79.49,21.82
1994,3,VAVUNIYA,32.43,21.46,82.31,20.45
1994,3,HAMBANTOTA,29.96,20.25,79.8,45.07
1994,3,AMPARA,30.74,20.53,79.64,31.29
1994,3,ANURADHAPURA,32.07,21.46,83.88,24.65
1994,4,BATTICALOA,33.04,21.68,77.15,70.03
1994,4,JAFFNA,32.19,21.63,76.53,131.76
1994,4,MANNAR,32.79,21.67,79.15,133.85
1994,4,MONARAGALA,34.92,20.71,77.98,74.31
1994,4,MULLATIVU,33.13,21.63,76.88,86.49
1994,4,POLONNARUWA,35.94,21.68,77.24,62.29
1994,4,PUTTALAM,33.47,21.67,80.08,112.63
1994,4,TRINCOMALEE,33.7,21.75,76.25,50.42
1994,4,VAVUNIYA,35.14,21.68,78.98,98.74
1994,4,HAMBANTOTA,30.72,20.71,80.58,101.1
1994,4,AMPARA,33.04,21.68,77.15,70.03
1994,4,ANURADHAPURA,35.75,21.68,80.85,103.29
1994,5,BATTICALOA,34.63,21.12,74.67,94.18
1994,5,JAFFNA,31.87,21.13,80.07,112.9
1994,5,MANNAR,32.3,19.86,80.36,109.65
1994,5,MONARAGALA,35.0,19.45,72.76,71.23
1994,5,MULLATIVU,33.12,21.13,79.78,115.5
1994,5,POLONNARUWA,35.98,21.12,75.54,108.23
1994,5,PUTTALAM,32.49,19.86,80.71,111.09
1994,5,TRINCOMALEE,34.07,19.97,77.92,120.18
1994,5,VAVUNIYA,34.96,19.6,79.26,116.43
1994,5,HAMBANTOTA,30.39,19.45,84.54,109.46
1994,5,AMPARA,34.63,21.12,74.67,94.18
1994,5,ANURADHAPURA,35.25,19.6,79.64,115.77
1994,6,BATTICALOA,33.74,19.45,69.48,22.0
1994,6,JAFFNA,30.36,20.52,79.55,5.46
1994,6,MANNAR,30.81,19.55,79.33,3.03
1994,6,MONARAGALA,33.91,19.06,68.51,27.42
1994,6,MULLATIVU,31.46,20.52,78.68,13.01
1994,6,POLONNARUWA,34.73,19.45,71.7,11.65
1994,6,PUTTALAM,30.87,19.55,82.06,32.57
1994,6,TRINCOMALEE,33.41,18.75,75.08,7.22
1994,6,VAVUNIYA,33.89,19.3,75.75,7.1
1994,6,HAMBANTOTA,29.74,19.06,84.28,67.76
1994,6,AMPARA,33.74,19.45,69.48,22.0
1994,6,ANURADHAPURA,34.7,19.3,75.28,5.33
1994,7,BATTICALOA,33.8,18.81,69.26,36.4
1994,7,JAFFNA,30.79,17.99,78.51,32.01
1994,7,MANNAR,31.11,17.98,78.0,20.23
1994,7,MONARAGALA,34.03,17.54,67.79,44.23
1994,7,MULLATIVU,31.07,17.99,77.85,35.48
1994,7,POLONNARUWA,35.16,18.81,69.6,28.51
1994,7,PUTTALAM,31.36,17.98,79.59,44.45
1994,7,TRINCOMALEE,33.59,18.11,73.39,24.27
1994,7,VAVUNIYA,33.6,18.23,74.22,22.59
1994,7,HAMBANTOTA,30.04,17.54,80.58,101.83
1994,7,AMPARA,33.8,18.81,69.26,36.4
1994,7,ANURADHAPURA,34.91,18.23,72.91,19.62
1994,8,BATTICALOA,33.9,19.02,68.92,31.27
1994,8,JAFFNA,30.79,18.57,77.93,7.37
1994,8,MANNAR,31.5,19.06,76.49,1.84
1994,8,MONARAGALA,35.68,18.4,65.31,28.58
1994,8,MULLATIVU,32.54,18.57,75.51,12.19
1994,8,POLONNARUWA,36.65,19.02,66.37,18.11
1994,8,PUTTALAM,31.9,19.06,77.9,18.94
1994,8,TRINCOMALEE,34.54,18.38,69.99,7.08
1994,8,VAVUNIYA,35.51,18.72,69.6,3.08
1994,8,HAMBANTOTA,29.48,18.4,81.48,48.35
1994,8,AMPARA,33.9,19.02,68.92,31.27
1994,8,ANURADHAPURA,37.29,18.72,68.0,3.39
1994,9,BATTICALOA,34.64,20.55,74.07,72.64
1994,9,JAFFNA,30.85,20.96,77.48,63.02
1994,9,MANNAR,31.81,21.52,77.27,52.07
1994,9,MONARAGALA,35.74,18.51,72.51,66.34
1994,9,MULLATIVU,32.05,20.96,75.79,50.31
1994,9,POLONNARUWA,37.06,20.55,69.78,65.45
1994,9,PUTTALAM,32.63,21.52,78.03,56.32
1994,9,TRINCOMALEE,34.63,21.14,72.63,52.35
1994,9,VAVUNIYA,35.51,20.04,72.49,48.99
1994,9,HAMBANTOTA,29.75,18.51,82.92,102.88
1994,9,AMPARA,34.64,20.55,74.07,72.64
1994,9,ANURADHAPURA,36.88,20.04,71.58,49.39
1994,10,BATTICALOA,30.31,17.26,82.74,175.08
1994,10,JAFFNA,29.57,16.74,82.0,282.32
1994,10,MANNAR,30.49,17.1,83.3,275.32
1994,10,MONARAGALA,32.25,16.45,81.62,134.25
1994,10,MULLATIVU,30.4,16.74,82.64,242.64
1994,10,POLONNARUWA,31.9,17.26,81.16,186.73
1994,10,PUTTALAM,30.98,17.1,84.22,230.04
1994,10,TRINCOMALEE,31.35,16.77,80.63,147.13
1994,10,VAVUNIYA,32.59,16.35,82.9,249.42
1994,10,HAMBANTOTA,29.22,16.45,84.6,161.53
1994,10,AMPARA,30.31,17.26,82.74,175.08
1994,10,ANURADHAPURA,33.27,16.35,83.36,252.11
1994,11,BATTICALOA,29.0,13.79,86.09,111.82
1994,11,JAFFNA,28.35,13.11,84.61,116.28
1994,11,MANNAR,29.05,15.13,86.37,83.12
1994,11,MONARAGALA,30.39,14.8,89.11,106.56
1994,11,MULLATIVU,28.27,13.11,85.09,144.79
1994,11,POLONNARUWA,30.0,13.79,87.89,120.52
1994,11,PUTTALAM,30.52,15.13,86.2,80.58
1994,11,TRINCOMALEE,28.7,13.4,85.41,142.12
1994,11,VAVUNIYA,29.18,14.17,87.89,115.83
1994,11,HAMBANTOTA,29.51,14.8,85.85,110.58
1994,11,AMPARA,29.0,13.79,86.09,111.82
1994,11,ANURADHAPURA,29.85,14.17,88.78,98.85
1994,12,BATTICALOA,29.02,13.72,78.61,43.6
1994,12,JAFFNA,28.56,14.73,75.09,23.66
1994,12,MANNAR,30.09,16.63,75.91,14.24
1994,12,MONARAGALA,30.65,16.42,81.94,25.71
1994,12,MULLATIVU,28.57,14.73,75.38,25.34
1994,12,POLONNARUWA,30.83,13.72,77.93,44.9
1994,12,PUTTALAM,32.42,16.63,75.33,19.86
1994,12,TRINCOMALEE,29.3,14.34,76.64,31.79
1994,12,VAVUNIYA,30.67,15.21,76.5,18.04
1994,12,HAMBANTOTA,29.68,16.42,80.12,29.72
1994,12,AMPARA,29.02,13.72,78.61,43.6
1994,12,ANURADHAPURA,32.14,15.21,77.63,19.85
1995,1,BATTICALOA,29.07,15.47,78.04,39.7
1995,1,JAFFNA,28.8,14.97,76.33,29.05
1995,1,MANNAR,31.06,16.31,74.52,22.54
1995,1,MONARAGALA,32.5,16.55,77.9,34.64
1995,1,MULLATIVU,28.68,14.97,76.55,43.21
1995,1,POLONNARUWA,32.11,15.47,74.76,43.46
1995,1,PUTTALAM,33.74,16.31,70.72,16.76
1995,1,TRINCOMALEE,29.44,15.15,76.49,60.39
1995,1,VAVUNIYA,32.17,15.67,74.14,37.94
1995,1,HAMBANTOTA,30.44,16.55,78.13,44.81
1995,1,AMPARA,29.07,15.47,78.04,39.7
1995,1,ANURADHAPURA,34.09,15.67,73.3,35.65
1995,2,BATTICALOA,29.78,17.6,75.52,18.51
1995,2,JAFFNA,30.8,18.21,73.67,4.77
1995,2,MANNAR,33.83,18.7,69.98,6.05
1995,2,MONARAGALA,35.18,18.61,72.84,21.99
1995,2,MULLATIVU,29.92,18.21,75.08,4.52
1995,2,POLONNARUWA,33.7,17.6,70.1,11.41
1995,2,PUTTALAM,36.31,18.7,62.96,9.29
1995,2,TRINCOMALEE,30.38,17.92,74.39,6.74
1995,2,VAVUNIYA,34.46,18.93,69.95,4.96
1995,2,HAMBANTOTA,30.63,18.61,75.9,25.46
1995,2,AMPARA,29.78,17.6,75.52,18.51
1995,2,ANURADHAPURA,36.68,18.93,67.42,6.14
1995,3,BATTICALOA,31.97,20.95,73.32,2.46
1995,3,JAFFNA,32.95,20.69,69.59,3.84
1995,3,MANNAR,35.17,20.93,65.53,4.29
1995,3,MONARAGALA,37.81,21.71,65.07,2.78
1995,3,MULLATIVU,32.67,20.69,72.13,2.71
1995,3,POLONNARUWA,36.99,20.95,65.76,1.99
1995,3,PUTTALAM,36.87,20.93,61.25,9.12
1995,3,TRINCOMALEE,33.27,20.73,71.37,1.26
1995,3,VAVUNIYA,37.4,21.42,64.74,2.04
1995,3,HAMBANTOTA,31.37,21.71,73.51,3.09
1995,3,AMPARA,31.97,20.95,73.32,2.46
1995,3,ANURADHAPURA,39.84,21.42,60.72,2.78
1995,4,BATTICALOA,32.72,20.17,75.81,33.65
1995,4,JAFFNA,33.8,20.88,71.71,26.06
1995,4,MANNAR,36.27,21.17,69.15,24.76
1995,4,MONARAGALA,36.63,20.51,73.13,52.52
1995,4,MULLATIVU,33.16,20.88,73.64,26.67
1995,4,POLONNARUWA,36.72,20.17,68.77,26.66
1995,4,PUTTALAM,37.66,21.17,71.08,65.44
1995,4,TRINCOMALEE,33.5,19.56,73.08,22.67
1995,4,VAVUNIYA,37.71,19.92,68.2,23.37
1995,4,HAMBANTOTA,31.41,20.51,78.9,80.32
1995,4,AMPARA,32.72,20.17,75.81,33.65
1995,4,ANURADHAPURA,39.62,19.92,65.81,24.91
1995,5,BATTICALOA,34.78,20.19,71.86,27.69
1995,5,JAFFNA,31.27,19.34,77.12,65.74
1995,5,MANNAR,32.93,18.59,74.97,36.69
1995,5,MONARAGALA,35.7,18.45,70.09,38.07
1995,5,MULLATIVU,32.46,19.34,76.14,53.04
1995,5,POLONNARUWA,37.93,20.19,68.14,22.7
1995,5,PUTTALAM,32.91,18.59,77.66,64.08
1995,5,TRINCOMALEE,35.26,19.35,71.43,17.25
1995,5,VAVUNIYA,35.62,19.16,70.27,29.27
1995,5,HAMBANTOTA,30.67,18.45,82.48,64.94
1995,5,AMPARA,34.78,20.19,71.86,27.69
1995,5,ANURADHAPURA,37.55,19.16,68.75,26.09
1995,6,BATTICALOA,36.1,17.83,66.77,10.07
1995,6,JAFFNA,31.36,19.95,79.83,26.11
1995,6,MANNAR,32.66,18.58,77.88,7.95
1995,6,MONARAGALA,36.59,16.58,63.27,15.08
1995,6,MULLATIVU,32.86,19.95,77.31,18.08
1995,6,POLONNARUWA,37.5,17.83,67.47,6.8
1995,6,PUTTALAM,32.17,18.58,79.92,27.96
1995,6,TRINCOMALEE,35.09,17.59,71.63,4.19
1995,6,VAVUNIYA,36.21,18.41,71.04,5.59
1995,6,HAMBANTOTA,30.38,16.58,82.97,31.72
1995,6,AMPARA,36.1,17.83,66.77,10.07
1995,6,ANURADHAPURA,37.31,18.41,70.07,3.67
1995,7,BATTICALOA,34.33,18.08,64.7,6.01
1995,7,JAFFNA,31.13,18.4,75.76,21.43
1995,7,MANNAR,31.75,18.5,74.63,6.86
1995,7,MONARAGALA,36.07,16.92,58.93,8.33
1995,7,MULLATIVU,32.0,18.4,73.83,21.06
1995,7,POLONNARUWA,36.34,18.08,64.71,4.9
1995,7,PUTTALAM,32.01,18.5,76.89,15.47
1995,7,TRINCOMALEE,33.97,17.28,69.44,5.06
1995,7,VAVUNIYA,34.58,18.91,68.32,4.67
1995,7,HAMBANTOTA,31.62,16.92,77.41,16.47
1995,7,AMPARA,34.33,18.08,64.7,6.01
1995,7,ANURADHAPURA,36.29,18.91,67.4,3.21
1995,8,BATTICALOA,34.76,19.15,65.63,13.82
1995,8,JAFFNA,31.21,20.43,77.42,22.27
1995,8,MANNAR,31.92,20.37,76.74,7.15
1995,8,MONARAGALA,36.7,18.0,59.71,10.55
1995,8,MULLATIVU,32.3,20.43,75.05,20.74
1995,8,POLONNARUWA,38.03,19.15,64.07,10.72
1995,8,PUTTALAM,32.82,20.37,76.94,15.69
1995,8,TRINCOMALEE,35.56,18.49,69.59,6.41
1995,8,VAVUNIYA,36.04,19.5,68.95,6.94
1995,8,HAMBANTOTA,30.38,18.0,79.43,26.25
1995,8,AMPARA,34.76,19.15,65.63,13.82
1995,8,ANURADHAPURA,37.9,19.5,67.13,3.43
1995,9,BATTICALOA,36.1,19.27,67.23,7.0
1995,9,JAFFNA,31.62,19.77,78.19,25.26
1995,9,MANNAR,32.15,21.08,77.42,11.45
1995,9,MONARAGALA,37.78,18.59,60.45,8.32
1995,9,MULLATIVU,32.96,19.77,75.59,18.2
1995,9,POLONNARUWA,37.65,19.27,64.45,5.16
1995,9,PUTTALAM,32.73,21.08,77.03,19.02
1995,9,TRINCOMALEE,34.86,18.56,69.92,3.89
1995,9,VAVUNIYA,36.12,19.74,69.75,6.92
1995,9,HAMBANTOTA,31.35,18.59,78.66,17.77
1995,9,AMPARA,36.1,19.27,67.23,7.0
1995,9,ANURADHAPURA,37.77,19.74,67.89,6.16
1995,10,BATTICALOA,33.34,16.88,74.52,47.09
1995,10,JAFFNA,30.94,16.88,79.51,81.89
1995,10,MANNAR,32.26,18.79,78.15,64.51
1995,10,MONARAGALA,36.47,16.13,67.57,32.17
1995,10,MULLATIVU,32.52,16.88,78.5,77.4
1995,10,POLONNARUWA,36.36,16.88,70.96,58.01
1995,10,PUTTALAM,34.27,18.79,77.32,71.13
1995,10,TRINCOMALEE,33.47,16.52,74.71,56.76
1995,10,VAVUNIYA,36.11,17.41,74.52,65.24
1995,10,HAMBANTOTA,30.55,16.13,79.41,50.63
1995,10,AMPARA,33.34,16.88,74.52,47.09
1995,10,ANURADHAPURA,36.33,17.41,72.85,63.06
1995,11,BATTICALOA,31.88,15.19,76.44,73.15
1995,11,JAFFNA,30.18,14.5,75.51,63.74
1995,11,MANNAR,31.74,15.72,74.95,40.45
1995,11,MONARAGALA,35.09,15.3,75.01,46.46
1995,11,MULLATIVU,30.72,14.5,75.82,45.24
1995,11,POLONNARUWA,35.48,15.19,73.5,72.71
1995,11,PUTTALAM,33.26,15.72,75.99,82.48
1995,11,TRINCOMALEE,33.51,14.67,74.45,51.94
1995,11,VAVUNIYA,33.92,15.09,74.0,30.01
1995,11,HAMBANTOTA,30.8,15.3,78.22,56.74
1995,11,AMPARA,31.88,15.19,76.44,73.15
1995,11,ANURADHAPURA,35.82,15.09,73.01,31.83
1995,12,BATTICALOA,29.19,14.09,73.23,26.62
1995,12,JAFFNA,28.92,14.97,68.97,11.56
1995,12,MANNAR,30.79,16.35,66.47,10.41
1995,12,MONARAGALA,32.0,15.74,71.5,18.42
1995,12,MULLATIVU,28.81,14.97,68.61,12.81
1995,12,POLONNARUWA,31.27,14.09,68.66,26.73
1995,12,PUTTALAM,33.41,16.35,63.98,6.83
1995,12,TRINCOMALEE,29.51,14.32,68.96,21.78
1995,12,VAVUNIYA,31.69,16.13,64.32,13.46
1995,12,HAMBANTOTA,30.12,15.74,73.72,24.33
1995,12,AMPARA,29.19,14.09,73.23,26.62
1995,12,ANURADHAPURA,33.63,16.13,62.75,14.48
1996,1,BATTICALOA,28.82,14.52,73.95,22.1
1996,1,JAFFNA,29.19,15.86,70.37,4.25
1996,1,MANNAR,31.83,17.3,67.35,5.03
1996,1,MONARAGALA,32.14,15.66,71.81,23.21
1996,1,MULLATIVU,28.56,15.86,70.73,5.39
1996,1,POLONNARUWA,31.73,14.52,68.63,16.52
1996,1,PUTTALAM,33.83,17.3,63.23,25.11
1996,1,TRINCOMALEE,29.2,14.67,70.01,10.96
1996,1,VAVUNIYA,32.48,16.37,65.44,5.59
1996,1,HAMBANTOTA,29.8,15.66,74.37,30.82
1996,1,AMPARA,28.82,14.52,73.95,22.1
1996,1,ANURADHAPURA,34.7,16.37,62.86,7.87
1996,2,BATTICALOA,29.47,16.17,76.63,22.74
1996,2,JAFFNA,30.96,18.65,72.51,9.84
1996,2,MANNAR,33.46,18.98,68.38,11.94
1996,2,MONARAGALA,33.72,16.14,71.56,19.48
1996,2,MULLATIVU,30.12,18.65,73.59,12.53
1996,2,POLONNARUWA,33.17,16.17,69.38,22.21
1996,2,PUTTALAM,35.23,18.98,63.32,20.61
1996,2,TRINCOMALEE,30.6,16.87,73.2,20.96
1996,2,VAVUNIYA,35.2,17.62,67.38,14.05
1996,2,HAMBANTOTA,30.17,16.14,76.71,30.76
1996,2,AMPARA,29.47,16.17,76.63,22.74
1996,2,ANURADHAPURA,37.78,17.62,64.2,15.64
1996,3,BATTICALOA,32.64,21.19,71.79,1.55
1996,3,JAFFNA,32.98,21.63,67.62,1.11
1996,3,MANNAR,35.32,22.15,63.57,0.53
1996,3,MONARAGALA,39.53,21.91,60.34,1.52
1996,3,MULLATIVU,33.97,21.63,70.35,1.55
1996,3,POLONNARUWA,38.62,21.19,62.42,0.9
1996,3,PUTTALAM,37.87,22.15,58.2,1.33
1996,3,TRINCOMALEE,35.09,21.22,68.86,0.45
1996,3,VAVUNIYA,38.52,21.74,62.47,0.51
1996,3,HAMBANTOTA,31.44,21.91,72.42,1.73
1996,3,AMPARA,32.64,21.19,71.79,1.55
1996,3,ANURADHAPURA,40.91,21.74,57.69,0.67
1996,4,BATTICALOA,34.59,19.47,76.57,42.35
1996,4,JAFFNA,32.69,20.21,73.06,85.45
1996,4,MANNAR,34.68,20.27,70.45,52.01
1996,4,MONARAGALA,37.51,17.81,74.55,46.04
1996,4,MULLATIVU,34.24,20.21,73.59,44.16
1996,4,POLONNARUWA,39.4,19.47,69.56,30.59
1996,4,PUTTALAM,35.49,20.27,71.15,55.47
1996,4,TRINCOMALEE,36.96,19.93,72.4,21.67
1996,4,VAVUNIYA,38.79,19.6,67.72,31.49
1996,4,HAMBANTOTA,31.87,17.81,81.62,56.13
1996,4,AMPARA,34.59,19.47,76.57,42.35
1996,4,ANURADHAPURA,40.13,19.6,65.23,28.25
1996,5,BATTICALOA,36.49,21.32,65.01,16.12
1996,5,JAFFNA,32.19,21.57,75.29,13.07
1996,5,MANNAR,33.39,20.93,72.72,7.02
1996,5,MONARAGALA,39.52,20.13,56.61,20.27
1996,5,MULLATIVU,34.28,21.57,71.12,19.84
1996,5,POLONNARUWA,40.36,21.32,58.41,19.93
1996,5,PUTTALAM,34.58,20.93,71.16,7.66
1996,5,TRINCOMALEE,37.81,19.94,65.11,26.83
1996,5,VAVUNIYA,38.32,20.11,63.59,14.32
1996,5,HAMBANTOTA,31.19,20.13,79.11,39.14
1996,5,AMPARA,36.49,21.32,65.01,16.12
1996,5,ANURADHAPURA,39.92,20.11,61.23,12.75
1996,6,BATTICALOA,33.63,16.26,74.29,71.72
1996,6,JAFFNA,31.01,16.98,79.69,71.1
1996,6,MANNAR,31.99,16.98,78.84,47.41
1996,6,MONARAGALA,34.34,15.33,72.18,77.63
1996,6,MULLATIVU,32.49,16.98,78.3,73.25
1996,6,POLONNARUWA,35.28,16.26,71.46,74.21
1996,6,PUTTALAM,31.45,16.98,79.93,66.49
1996,6,TRINCOMALEE,33.59,16.27,74.75,79.44
1996,6,VAVUNIYA,34.5,16.85,74.86,51.74
1996,6,HAMBANTOTA,29.83,15.33,83.1,134.79
1996,6,AMPARA,33.63,16.26,74.29,71.72
1996,6,ANURADHAPURA,35.14,16.85,73.82,52.96
1996,7,BATTICALOA,33.66,16.9,67.16,6.42
1996,7,JAFFNA,30.87,17.9,78.18,14.44
1996,7,MANNAR,31.68,16.98,76.31,5.18
1996,7,MONARAGALA,34.99,15.21,62.88,6.11
1996,7,MULLATIVU,31.91,17.9,75.83,15.47
1996,7,POLONNARUWA,35.27,16.9,67.05,6.8
1996,7,PUTTALAM,32.15,16.98,78.21,18.83
1996,7,TRINCOMALEE,33.72,16.56,71.1,2.65
1996,7,VAVUNIYA,34.82,17.9,69.63,2.7
1996,7,HAMBANTOTA,30.14,15.21,80.27,10.83
1996,7,AMPARA,33.66,16.9,67.16,6.42
1996,7,ANURADHAPURA,35.95,17.9,68.7,2.33
1996,8,BATTICALOA,34.2,18.44,68.16,21.62
1996,8,JAFFNA,31.13,19.15,78.06,55.76
1996,8,MANNAR,31.67,19.04,77.93,33.64
1996,8,MONARAGALA,35.51,17.46,62.72,24.4
1996,8,MULLATIVU,31.69,19.15,76.8,37.54
1996,8,POLONNARUWA,36.01,18.44,67.62,21.8
1996,8,PUTTALAM,31.65,19.04,79.13,29.34
1996,8,TRINCOMALEE,33.79,17.58,72.18,26.56
1996,8,VAVUNIYA,34.95,18.9,72.17,28.84
1996,8,HAMBANTOTA,30.59,17.46,79.23,40.53
1996,8,AMPARA,34.2,18.44,68.16,21.62
1996,8,ANURADHAPURA,36.17,18.9,70.6,24.74
1996,9,BATTICALOA,33.67,16.96,70.46,35.61
1996,9,JAFFNA,30.28,17.24,81.23,51.53
1996,9,MANNAR,30.94,18.37,80.56,25.29
1996,9,MONARAGALA,35.4,16.45,65.36,24.35
1996,9,MULLATIVU,30.74,17.24,79.86,46.62
1996,9,POLONNARUWA,35.11,16.96,71.64,35.89
1996,9,PUTTALAM,31.32,18.37,81.26,41.86
1996,9,TRINCOMALEE,33.6,16.36,74.77,30.77
1996,9,VAVUNIYA,33.55,17.12,75.61,27.44
1996,9,HAMBANTOTA,30.28,16.45,82.35,48.04
1996,9,AMPARA,33.67,16.96,70.46,35.61
1996,9,ANURADHAPURA,35.58,17.12,74.0,24.22
1996,10,BATTICALOA,33.33,17.81,72.55,37.55
1996,10,JAFFNA,30.95,16.66,77.83,61.6
1996,10,MANNAR,31.96,18.59,77.02,54.95
1996,10,MONARAGALA,36.15,16.98,68.66,42.87
1996,10,MULLATIVU,31.39,16.66,77.96,70.43
1996,10,POLONNARUWA,35.59,17.81,71.02,47.66
1996,10,PUTTALAM,32.51,18.59,78.1,101.87
1996,10,TRINCOMALEE,33.63,17.04,74.51,66.73
1996,10,VAVUNIYA,35.37,17.04,74.46,57.37
1996,10,HAMBANTOTA,31.29,16.98,80.02,50.84
1996,10,AMPARA,33.33,17.81,72.55,37.55
1996,10,ANURADHAPURA,37.15,17.04,72.95,55.31
1996,11,BATTICALOA,32.4,15.89,75.68,68.09
1996,11,JAFFNA,30.87,14.18,75.06,75.79
1996,11,MANNAR,33.32,15.66,74.65,63.61
1996,11,MONARAGALA,36.62,16.65,69.96,93.37
1996,11,MULLATIVU,30.81,14.18,74.91,93.17
1996,11,POLONNARUWA,36.17,15.89,71.69,61.42
1996,11,PUTTALAM,34.43,15.66,75.24,71.11
1996,11,TRINCOMALEE,33.25,14.51,75.33,66.35
1996,11,VAVUNIYA,34.88,15.26,72.85,77.83
1996,11,HAMBANTOTA,30.74,16.65,76.57,84.64
1996,11,AMPARA,32.4,15.89,75.68,68.09
1996,11,ANURADHAPURA,36.87,15.26,71.97,75.28
1996,12,BATTICALOA,30.34,14.69,77.85,29.12
1996,12,JAFFNA,29.73,14.02,76.94,134.0
1996,12,MANNAR,30.6,14.87,75.76,62.68
1996,12,MONARAGALA,34.16,16.39,75.6,22.45
1996,12,MULLATIVU,30.32,14.02,77.19,76.01
1996,12,POLONNARUWA,34.22,14.69,73.48,31.6
1996,12,PUTTALAM,32.18,14.87,74.09,46.38
1996,12,TRINCOMALEE,31.72,14.8,75.79,27.41
1996,12,VAVUNIYA,33.18,14.76,75.27,34.28
1996,12,HAMBANTOTA,30.4,16.39,76.34,26.25
1996,12,AMPARA,30.34,14.69,77.85,29.12
1996,12,ANURADHAPURA,34.68,14.76,73.69,25.33
1997,1,BATTICALOA,29.62,17.86,73.21,4.38
1997,1,JAFFNA,29.0,17.2,73.29,13.89
1997,1,MANNAR,31.42,18.88,70.05,7.43
1997,1,MONARAGALA,35.63,19.76,69.37,3.21
1997,1,MULLATIVU,28.87,17.2,73.33,9.05
1997,1,POLONNARUWA,33.84,17.86,67.7,5.39
1997,1,PUTTALAM,34.3,18.88,63.79,2.45
1997,1,TRINCOMALEE,30.65,17.47,71.06,5.6
1997,1,VAVUNIYA,33.69,18.01,68.68,6.18
1997,1,HAMBANTOTA,30.36,19.76,72.03,2.66
1997,1,AMPARA,29.62,17.86,73.21,4.38
1997,1,ANURADHAPURA,37.02,18.01,65.13,4.51
1997,2,BATTICALOA,29.47,19.02,71.65,6.25
1997,2,JAFFNA,30.61,19.43,70.28,0.25
1997,2,MANNAR,33.57,20.73,65.44,0.14
1997,2,MONARAGALA,35.07,20.06,64.56,11.97
1997,2,MULLATIVU,29.7,19.43,71.29,1.46
1997,2,POLONNARUWA,34.16,19.02,64.1,3.59
1997,2,PUTTALAM,36.15,20.73,58.44,13.15
1997,2,TRINCOMALEE,30.58,18.75,69.26,1.39
1997,2,VAVUNIYA,34.62,19.89,64.36,0.53
1997,2,HAMBANTOTA,30.62,20.06,70.46,21.27
1997,2,AMPARA,29.47,19.02,71.65,6.25
1997,2,ANURADHAPURA,37.32,19.89,60.31,1.66
1997,3,BATTICALOA,32.38,21.67,71.71,12.7
1997,3,JAFFNA,33.18,21.03,68.15,4.21
1997,3,MANNAR,35.45,22.14,64.27,2.58
1997,3,MONARAGALA,38.42,22.46,61.16,12.25
1997,3,MULLATIVU,33.43,21.03,69.2,9.28
1997,3,POLONNARUWA,38.42,21.67,62.23,10.16
1997,3,PUTTALAM,37.85,22.14,58.58,7.46
1997,3,TRINCOMALEE,35.0,21.1,68.21,12.96
1997,3,VAVUNIYA,38.13,21.94,62.23,8.15
1997,3,HAMBANTOTA,31.59,22.46,72.36,17.63
1997,3,AMPARA,32.38,21.67,71.71,12.7
1997,3,ANURADHAPURA,40.81,21.94,56.78,5.87
1997,4,BATTICALOA,32.68,21.18,73.84,84.23
1997,4,JAFFNA,32.8,21.45,68.49,50.85
1997,4,MANNAR,35.53,21.15,65.97,38.49
1997,4,MONARAGALA,36.36,20.32,72.21,105.58
1997,4,MULLATIVU,33.02,21.45,71.38,56.07
1997,4,POLONNARUWA,37.42,21.18,66.01,49.06
1997,4,PUTTALAM,36.42,21.15,67.71,60.34
1997,4,TRINCOMALEE,34.26,21.0,70.33,42.71
1997,4,VAVUNIYA,36.89,20.44,65.76,49.89
1997,4,HAMBANTOTA,31.58,20.32,77.08,169.66
1997,4,AMPARA,32.68,21.18,73.84,84.23
1997,4,ANURADHAPURA,39.38,20.44,61.82,38.33
1997,5,BATTICALOA,34.01,19.18,76.38,111.19
1997,5,JAFFNA,31.89,20.34,75.68,64.35
1997,5,MANNAR,32.83,19.53,74.73,61.02
1997,5,MONARAGALA,35.96,17.47,76.77,106.06
1997,5,MULLATIVU,33.51,20.34,76.28,84.49
1997,5,POLONNARUWA,37.4,19.18,72.87,95.94
1997,5,PUTTALAM,32.64,19.53,77.3,79.38
1997,5,TRINCOMALEE,35.27,18.77,74.8,90.62
1997,5,VAVUNIYA,36.08,18.61,73.9,83.32
1997,5,HAMBANTOTA,30.39,17.47,82.03,185.37
1997,5,AMPARA,34.01,19.18,76.38,111.19
1997,5,ANURADHAPURA,36.36,18.61,73.69,74.36
1997,6,BATTICALOA,34.32,19.59,72.74,38.43
1997,6,JAFFNA,32.31,20.45,75.56,33.58
1997,6,MANNAR,33.58,20.23,73.57,14.06
1997,6,MONARAGALA,36.48,18.94,70.56,38.34
1997,6,MULLATIVU,33.84,20.45,73.37,29.49
1997,6,POLONNARUWA,37.86,19.59,66.24,30.57
1997,6,PUTTALAM,33.56,20.23,75.73,36.73
1997,6,TRINCOMALEE,35.8,19.26,69.03,21.51
1997,6,VAVUNIYA,37.33,19.19,68.44,15.3
1997,6,HAMBANTOTA,30.75,18.94,79.68,94.51
1997,6,AMPARA,34.32,19.59,72.74,38.43
1997,6,ANURADHAPURA,38.3,19.19,66.95,10.2
1997,7,BATTICALOA,33.56,17.86,71.5,58.27
1997,7,JAFFNA,31.48,18.51,77.8,37.7
1997,7,MANNAR,32.11,18.55,76.53,31.5
1997,7,MONARAGALA,35.0,17.06,69.15,44.58
1997,7,MULLATIVU,32.18,18.51,77.17,64.98
1997,7,POLONNARUWA,36.22,17.86,71.31,67.6
1997,7,PUTTALAM,32.47,18.55,77.73,58.92
1997,7,TRINCOMALEE,34.18,17.9,74.07,76.96
1997,7,VAVUNIYA,34.94,18.26,73.43,54.64
1997,7,HAMBANTOTA,30.55,17.06,80.74,92.59
1997,7,AMPARA,33.56,17.86,71.5,58.27
1997,7,ANURADHAPURA,36.01,18.26,72.18,47.74
1997,8,BATTICALOA,34.27,19.88,69.38,33.56
1997,8,JAFFNA,31.4,19.39,77.03,12.91
1997,8,MANNAR,31.96,20.01,76.17,6.73
1997,8,MONARAGALA,36.64,19.55,64.43,26.04
1997,8,MULLATIVU,31.85,19.39,76.21,32.19
1997,8,POLONNARUWA,36.42,19.88,70.12,31.5
1997,8,PUTTALAM,32.68,20.01,78.42,27.41
1997,8,TRINCOMALEE,34.45,19.0,73.35,31.55
1997,8,VAVUNIYA,35.29,20.05,71.65,21.24
1997,8,HAMBANTOTA,30.92,19.55,80.91,66.38
1997,8,AMPARA,34.27,19.88,69.38,33.56
1997,8,ANURADHAPURA,36.78,20.05,70.65,17.56
1997,9,BATTICALOA,33.04,20.5,77.22,148.23
1997,9,JAFFNA,31.07,20.34,78.85,48.12
1997,9,MANNAR,32.27,21.54,78.22,35.01
1997,9,MONARAGALA,37.45,18.5,74.43,160.25
1997,9,MULLATIVU,32.9,20.34,77.16,64.86
1997,9,POLONNARUWA,35.68,20.5,74.12,115.5
1997,9,PUTTALAM,32.12,21.54,80.77,115.55
1997,9,TRINCOMALEE,33.68,20.02,75.33,76.42
1997,9,VAVUNIYA,35.76,19.54,74.05,54.76
1997,9,HAMBANTOTA,30.09,18.5,83.94,282.88
1997,9,AMPARA,33.04,20.5,77.22,148.23
1997,9,ANURADHAPURA,36.54,19.54,74.12,65.42
1997,10,BATTICALOA,30.64,18.12,81.57,206.94
1997,10,JAFFNA,31.33,16.85,78.08,161.41
1997,10,MANNAR,33.13,16.73,77.82,158.9
1997,10,MONARAGALA,31.78,17.25,86.23,249.81
1997,10,MULLATIVU,31.67,16.85,78.5,167.84
1997,10,POLONNARUWA,34.28,18.12,80.05,182.49
1997,10,PUTTALAM,33.0,16.73,81.08,203.59
1997,10,TRINCOMALEE,32.46,17.75,78.6,184.59
1997,10,VAVUNIYA,35.49,16.55,77.51,173.26
1997,10,HAMBANTOTA,28.85,17.25,84.72,316.9
1997,10,AMPARA,30.64,18.12,81.57,206.94
1997,10,ANURADHAPURA,37.09,16.55,78.19,179.19
1997,11,BATTICALOA,29.59,16.75,83.68,202.28
1997,11,JAFFNA,29.45,13.58,84.97,273.79
1997,11,MANNAR,30.08,14.16,86.3,258.07
1997,11,MONARAGALA,29.4,15.81,90.68,263.07
1997,11,MULLATIVU,29.09,13.58,85.35,276.06
1997,11,POLONNARUWA,30.52,16.75,86.68,187.4
1997,11,PUTTALAM,30.11,14.16,86.89,278.53
1997,11,TRINCOMALEE,29.72,15.33,84.23,223.06
1997,11,VAVUNIYA,30.04,14.75,87.62,250.52
1997,11,HAMBANTOTA,28.85,15.81,84.67,381.94
1997,11,AMPARA,29.59,16.75,83.68,202.28
1997,11,ANURADHAPURA,30.48,14.75,88.92,221.79
1997,12,BATTICALOA,28.92,13.57,83.37,149.69
1997,12,JAFFNA,28.96,13.3,82.37,131.27
1997,12,MANNAR,29.61,14.78,84.89,124.85
1997,12,MONARAGALA,27.97,15.31,91.73,133.64
1997,12,MULLATIVU,28.75,13.3,82.84,160.59
1997,12,POLONNARUWA,29.85,13.57,87.3,173.52
1997,12,PUTTALAM,30.46,14.78,86.48,126.67
1997,12,TRINCOMALEE,29.11,14.09,84.03,195.92
1997,12,VAVUNIYA,29.58,14.56,86.87,168.43
1997,12,HAMBANTOTA,29.08,15.31,85.16,142.6
1997,12,AMPARA,28.92,13.57,83.37,149.69
1997,12,ANURADHAPURA,30.0,14.56,88.65,188.68
1998,1,BATTICALOA,28.82,15.07,80.03,42.13
1998,1,JAFFNA,29.38,16.18,76.43,14.51
1998,1,MANNAR,30.53,17.87,79.1,22.05
1998,1,MONARAGALA,28.91,16.9,89.05,31.51
1998,1,MULLATIVU,28.95,16.18,76.98,24.66
1998,1,POLONNARUWA,30.52,15.07,81.86,45.61
1998,1,PUTTALAM,30.82,17.87,82.37,23.66
1998,1,TRINCOMALEE,29.15,15.57,79.25,34.6
1998,1,VAVUNIYA,30.17,15.64,81.2,35.89
1998,1,HAMBANTOTA,28.97,16.9,83.4,41.28
1998,1,AMPARA,28.82,15.07,80.03,42.13
1998,1,ANURADHAPURA,30.5,15.64,84.32,44.55
1998,2,BATTICALOA,31.48,19.16,74.68,5.45
1998,2,JAFFNA,32.11,19.78,72.32,1.24
1998,2,MANNAR,34.31,21.44,70.39,1.4
1998,2,MONARAGALA,33.59,20.42,79.58,2.44
1998,2,MULLATIVU,31.64,19.78,73.83,2.03
1998,2,POLONNARUWA,35.25,19.16,70.46,5.8
1998,2,PUTTALAM,35.49,21.44,70.75,2.27
1998,2,TRINCOMALEE,32.23,19.79,74.39,4.52
1998,2,VAVUNIYA,35.84,20.15,71.63,2.29
1998,2,HAMBANTOTA,30.51,20.42,78.36,2.1
1998,2,AMPARA,31.48,19.16,74.68,5.45
1998,2,ANURADHAPURA,37.76,20.15,71.48,2.56
1998,3,BATTICALOA,31.99,21.92,73.39,30.97
1998,3,JAFFNA,33.45,22.33,67.98,1.82
1998,3,MANNAR,35.95,23.7,63.93,4.88
1998,3,MONARAGALA,36.68,22.64,69.1,26.93
1998,3,MULLATIVU,32.88,22.33,71.47,3.22
1998,3,POLONNARUWA,36.88,21.92,66.01,20.07
1998,3,PUTTALAM,38.38,23.7,61.11,18.34
1998,3,TRINCOMALEE,33.46,22.25,72.01,8.79
1998,3,VAVUNIYA,37.65,22.17,65.57,5.96
1998,3,HAMBANTOTA,31.78,22.64,74.9,34.78
1998,3,AMPARA,31.99,21.92,73.39,30.97
1998,3,ANURADHAPURA,40.37,22.17,62.5,11.41
1998,4,BATTICALOA,33.88,21.29,73.42,28.74
1998,4,JAFFNA,34.58,22.13,68.29,13.24
1998,4,MANNAR,36.47,22.51,65.04,24.11
1998,4,MONARAGALA,38.97,21.43,67.56,35.44
1998,4,MULLATIVU,34.89,22.13,70.5,20.94
1998,4,POLONNARUWA,38.92,21.29,64.15,33.06
1998,4,PUTTALAM,37.7,22.51,65.8,66.51
1998,4,TRINCOMALEE,35.47,21.32,68.93,25.47
1998,4,VAVUNIYA,39.36,20.95,63.76,35.06
1998,4,HAMBANTOTA,32.13,21.43,76.82,58.06
1998,4,AMPARA,33.88,21.29,73.42,28.74
1998,4,ANURADHAPURA,41.11,20.95,60.88,54.44
1998,5,BATTICALOA,35.91,18.95,74.03,105.35
1998,5,JAFFNA,33.54,19.38,75.71,123.16
1998,5,MANNAR,35.42,18.99,75.94,142.76
1998,5,MONARAGALA,36.95,18.71,73.5,102.88
1998,5,MULLATIVU,33.42,19.38,77.05,156.19
1998,5,POLONNARUWA,37.17,18.95,73.36,130.2
1998,5,PUTTALAM,36.57,18.99,78.23,186.78
1998,5,TRINCOMALEE,34.22,18.63,76.7,138.76
1998,5,VAVUNIYA,37.08,18.49,76.29,178.35
1998,5,HAMBANTOTA,31.92,18.71,81.09,170.42
1998,5,AMPARA,35.91,18.95,74.03,105.35
1998,5,ANURADHAPURA,38.61,18.49,78.1,199.3
1998,6,BATTICALOA,34.67,17.29,70.87,57.85
1998,6,JAFFNA,32.29,18.76,77.24,6.79
1998,6,MANNAR,32.76,17.53,76.9,3.1
1998,6,MONARAGALA,35.51,16.22,70.69,52.17
1998,6,MULLATIVU,33.26,18.76,76.92,19.58
1998,6,POLONNARUWA,35.77,17.29,71.91,30.1
1998,6,PUTTALAM,32.02,17.53,79.86,47.15
1998,6,TRINCOMALEE,34.58,17.06,74.45,12.2
1998,6,VAVUNIYA,35.43,17.46,73.98,9.93
1998,6,HAMBANTOTA,31.56,16.22,83.14,127.68
1998,6,AMPARA,34.67,17.29,70.87,57.85
1998,6,ANURADHAPURA,35.2,17.46,74.52,8.94
1998,7,BATTICALOA,33.73,19.15,72.27,81.58
1998,7,JAFFNA,30.99,19.28,78.22,29.57
1998,7,MANNAR,31.38,20.15,78.67,32.34
1998,7,MONARAGALA,35.06,19.28,69.66,88.91
1998,7,MULLATIVU,32.19,19.28,77.55,44.64
1998,7,POLONNARUWA,35.61,19.15,73.83,66.57
1998,7,PUTTALAM,31.5,20.15,82.27,102.68
1998,7,TRINCOMALEE,33.7,18.96,75.66,53.37
1998,7,VAVUNIYA,34.3,18.94,75.0,41.55
1998,7,HAMBANTOTA,30.95,19.28,83.29,158.38
1998,7,AMPARA,33.73,19.15,72.27,81.58
1998,7,ANURADHAPURA,34.77,18.94,75.58,49.14
1998,8,BATTICALOA,34.15,20.26,73.4,80.31
1998,8,JAFFNA,30.88,19.52,79.81,76.07
1998,8,MANNAR,31.39,21.16,79.62,41.54
1998,8,MONARAGALA,34.89,20.14,73.05,72.91
1998,8,MULLATIVU,31.92,19.52,78.87,67.67
1998,8,POLONNARUWA,35.43,20.26,74.38,58.33
1998,8,PUTTALAM,31.21,21.16,82.52,67.77
1998,8,TRINCOMALEE,34.2,20.31,75.64,45.15
1998,8,VAVUNIYA,34.73,19.04,75.86,45.04
1998,8,HAMBANTOTA,30.18,20.14,82.7,118.88
1998,8,AMPARA,34.15,20.26,73.4,80.31
1998,8,ANURADHAPURA,35.48,19.04,75.62,41.66
1998,9,BATTICALOA,33.18,20.17,72.53,55.9
1998,9,JAFFNA,30.98,19.07,80.13,48.37
1998,9,MANNAR,31.74,20.68,78.86,24.9
1998,9,MONARAGALA,33.71,20.7,71.37,63.18
1998,9,MULLATIVU,31.74,19.07,78.78,59.36
1998,9,POLONNARUWA,34.83,20.17,73.27,47.83
1998,9,PUTTALAM,30.83,20.68,81.61,77.44
1998,9,TRINCOMALEE,34.21,18.82,74.75,68.06
1998,9,VAVUNIYA,34.87,19.1,74.33,39.32
1998,9,HAMBANTOTA,30.05,20.7,81.86,108.48
1998,9,AMPARA,33.18,20.17,72.53,55.9
1998,9,ANURADHAPURA,35.93,19.1,73.39,34.23
1998,10,BATTICALOA,33.54,19.09,74.45,123.99
1998,10,JAFFNA,30.9,17.5,78.76,80.6
1998,10,MANNAR,32.72,19.61,77.87,68.9
1998,10,MONARAGALA,34.57,19.44,74.76,104.9
1998,10,MULLATIVU,32.34,17.5,77.91,105.21
1998,10,POLONNARUWA,34.39,19.09,75.96,128.92
1998,10,PUTTALAM,30.76,19.61,83.22,152.49
1998,10,TRINCOMALEE,33.18,18.39,75.89,120.5
1998,10,VAVUNIYA,35.27,17.7,74.96,95.55
1998,10,HAMBANTOTA,30.05,19.44,82.31,144.03
1998,10,AMPARA,33.54,19.09,74.45,123.99
1998,10,ANURADHAPURA,36.11,17.7,75.11,111.13
1998,11,BATTICALOA,30.27,18.76,80.1,177.92
1998,11,JAFFNA,29.22,16.68,80.62,181.36
1998,11,MANNAR,30.1,18.21,82.92,184.06
1998,11,MONARAGALA,31.38,18.57,82.48,162.79
1998,11,MULLATIVU,29.53,16.68,81.34,201.02
1998,11,POLONNARUWA,30.68,18.76,85.86,206.66
1998,11,PUTTALAM,30.17,18.21,85.95,253.53
1998,11,TRINCOMALEE,30.45,18.32,82.69,216.93
1998,11,VAVUNIYA,30.6,17.04,84.82,208.48
1998,11,HAMBANTOTA,29.48,18.57,82.27,235.98
1998,11,AMPARA,30.27,18.76,80.1,177.92
1998,11,ANURADHAPURA,30.52,17.04,87.88,233.53
1998,12,BATTICALOA,29.23,15.01,82.25,251.44
1998,12,JAFFNA,29.14,13.15,81.41,413.9
1998,12,MANNAR,29.8,14.59,83.72,380.59
1998,12,MONARAGALA,29.76,15.83,89.52,280.97
1998,12,MULLATIVU,28.88,13.15,81.45,408.74
1998,12,POLONNARUWA,29.93,15.01,86.09,284.3
1998,12,PUTTALAM,29.54,14.59,85.94,259.03
1998,12,TRINCOMALEE,28.98,15.38,82.72,376.65
1998,12,VAVUNIYA,29.77,14.08,85.87,378.64
1998,12,HAMBANTOTA,29.04,15.83,83.1,367.3
1998,12,AMPARA,29.23,15.01,82.25,251.44
1998,12,ANURADHAPURA,29.91,14.08,88.33,324.1
1999,1,BATTICALOA,27.56,15.98,82.76,273.04
1999,1,JAFFNA,27.51,16.35,79.17,83.11
1999,1,MANNAR,27.71,17.96,82.43,106.62
1999,1,MONARAGALA,28.27,17.11,89.62,198.44
1999,1,MULLATIVU,27.41,16.35,79.47,132.25
1999,1,POLONNARUWA,28.42,15.98,86.11,287.13
1999,1,PUTTALAM,28.92,17.96,84.74,115.6
1999,1,TRINCOMALEE,27.41,16.89,82.25,283.69
1999,1,VAVUNIYA,28.31,16.04,84.87,166.47
1999,1,HAMBANTOTA,29.33,17.11,82.98,180.86
1999,1,AMPARA,27.56,15.98,82.76,273.04
1999,1,ANURADHAPURA,28.97,16.04,87.87,191.48
1999,2,BATTICALOA,28.72,18.27,84.0,149.09
1999,2,JAFFNA,28.95,19.62,81.35,33.31
1999,2,MANNAR,29.54,21.02,83.91,49.81
1999,2,MONARAGALA,29.81,19.29,90.43,136.99
1999,2,MULLATIVU,28.59,19.62,82.28,52.83
1999,2,POLONNARUWA,29.44,18.27,87.15,144.43
1999,2,PUTTALAM,29.97,21.02,85.94,100.04
1999,2,TRINCOMALEE,28.89,18.77,83.87,125.3
1999,2,VAVUNIYA,29.64,18.74,85.9,70.66
1999,2,HAMBANTOTA,28.91,19.29,84.69,140.82
1999,2,AMPARA,28.72,18.27,84.0,149.09
1999,2,ANURADHAPURA,29.84,18.74,88.05,99.56
1999,3,BATTICALOA,30.94,22.42,77.59,24.35
1999,3,JAFFNA,32.74,23.57,70.54,7.17
1999,3,MANNAR,34.12,24.35,71.38,11.33
1999,3,MONARAGALA,32.19,22.02,82.48,38.11
1999,3,MULLATIVU,32.39,23.57,73.81,9.0
1999,3,POLONNARUWA,33.58,22.42,78.91,15.67
1999,3,PUTTALAM,34.19,24.35,74.58,18.0
1999,3,TRINCOMALEE,32.17,23.24,75.95,8.74
1999,3,VAVUNIYA,35.58,22.85,74.75,14.7
1999,3,HAMBANTOTA,30.62,22.02,78.75,51.17
1999,3,AMPARA,30.94,22.42,77.59,24.35
1999,3,ANURADHAPURA,36.14,22.85,77.33,16.62
1999,4,BATTICALOA,33.61,20.3,75.68,105.08
1999,4,JAFFNA,32.08,19.85,77.61,125.43
1999,4,MANNAR,33.79,20.09,78.4,130.62
1999,4,MONARAGALA,34.02,20.6,80.1,105.7
1999,4,MULLATIVU,32.22,19.85,78.61,140.79
1999,4,POLONNARUWA,34.59,20.3,79.91,119.8
1999,4,PUTTALAM,33.08,20.09,80.51,156.06
1999,4,TRINCOMALEE,33.04,20.26,79.06,124.19
1999,4,VAVUNIYA,34.56,19.71,79.47,144.75
1999,4,HAMBANTOTA,30.24,20.6,82.71,227.59
1999,4,AMPARA,33.61,20.3,75.68,105.08
1999,4,ANURADHAPURA,34.9,19.71,80.81,139.07
1999,5,BATTICALOA,33.04,20.89,75.66,86.25
1999,5,JAFFNA,30.78,21.14,80.98,31.44
1999,5,MANNAR,31.63,21.75,80.37,16.46
1999,5,MONARAGALA,34.35,19.87,78.43,110.39
1999,5,MULLATIVU,32.08,21.14,80.3,37.61
1999,5,POLONNARUWA,35.12,20.89,77.45,55.5
1999,5,PUTTALAM,31.07,21.75,83.95,110.9
1999,5,TRINCOMALEE,33.24,21.0,78.64,29.15
1999,5,VAVUNIYA,34.56,20.47,78.22,24.0
1999,5,HAMBANTOTA,29.48,19.87,85.12,236.96
1999,5,AMPARA,33.04,20.89,75.66,86.25
1999,5,ANURADHAPURA,34.61,20.47,78.7,24.6
1999,6,BATTICALOA,32.92,20.77,73.14,68.38
1999,6,JAFFNA,30.85,20.88,79.21,16.81
1999,6,MANNAR,32.18,21.06,77.92,7.76
1999,6,MONARAGALA,33.81,20.32,73.71,62.99
1999,6,MULLATIVU,31.74,20.88,77.74,26.71
1999,6,POLONNARUWA,36.26,20.77,73.97,35.82
1999,6,PUTTALAM,31.9,21.06,81.82,45.56
1999,6,TRINCOMALEE,34.1,20.76,74.99,15.98
1999,6,VAVUNIYA,35.42,20.13,73.91,15.33
1999,6,HAMBANTOTA,29.08,20.32,85.63,119.22
1999,6,AMPARA,32.92,20.77,73.14,68.38
1999,6,ANURADHAPURA,36.76,20.13,73.72,15.89
1999,7,BATTICALOA,33.51,20.92,69.24,44.69
1999,7,JAFFNA,30.62,20.33,77.14,13.35
1999,7,MANNAR,31.59,21.17,76.24,10.65
1999,7,MONARAGALA,33.59,20.53,67.72,30.11
1999,7,MULLATIVU,31.85,20.33,75.55,21.15
1999,7,POLONNARUWA,34.59,20.92,70.74,35.66
1999,7,PUTTALAM,30.64,21.17,79.72,31.85
1999,7,TRINCOMALEE,33.81,20.84,71.96,24.5
1999,7,VAVUNIYA,34.81,19.84,70.59,15.7
1999,7,HAMBANTOTA,30.06,20.53,80.96,49.01
1999,7,AMPARA,33.51,20.92,69.24,44.69
1999,7,ANURADHAPURA,35.46,19.84,70.11,17.6
1999,8,BATTICALOA,34.3,21.95,70.75,43.99
1999,8,JAFFNA,30.47,20.3,79.97,29.88
1999,8,MANNAR,30.94,22.06,78.9,21.7
1999,8,MONARAGALA,34.94,21.7,67.51,40.12
1999,8,MULLATIVU,31.52,20.3,77.7,32.29
1999,8,POLONNARUWA,35.29,21.95,69.71,35.92
1999,8,PUTTALAM,31.31,22.06,79.97,32.63
1999,8,TRINCOMALEE,33.84,21.4,72.66,29.08
1999,8,VAVUNIYA,34.76,20.28,72.39,24.67
1999,8,HAMBANTOTA,29.12,21.7,82.6,71.06
1999,8,AMPARA,34.3,21.95,70.75,43.99
1999,8,ANURADHAPURA,35.81,20.28,71.08,24.84
1999,9,BATTICALOA,34.31,21.48,71.13,102.96
1999,9,JAFFNA,30.96,20.69,78.05,45.67
1999,9,MANNAR,32.04,22.28,76.97,51.36
1999,9,MONARAGALA,34.89,20.5,68.75,77.81
1999,9,MULLATIVU,32.54,20.69,75.73,57.95
1999,9,POLONNARUWA,36.6,21.48,69.06,111.65
1999,9,PUTTALAM,32.04,22.28,77.25,74.82
1999,9,TRINCOMALEE,34.64,21.8,72.01,103.88
1999,9,VAVUNIYA,35.61,20.4,71.13,63.63
1999,9,HAMBANTOTA,30.01,20.5,82.19,104.08
1999,9,AMPARA,34.31,21.48,71.13,102.96
1999,9,ANURADHAPURA,36.69,20.4,70.08,83.38
1999,10,BATTICALOA,31.44,17.76,78.98,142.05
1999,10,JAFFNA,29.57,17.2,82.65,158.42
1999,10,MANNAR,29.68,18.75,83.92,137.27
1999,10,MONARAGALA,32.24,17.52,81.37,165.72
1999,10,MULLATIVU,30.17,17.2,82.83,155.19
1999,10,POLONNARUWA,31.77,17.76,82.79,133.1
1999,10,PUTTALAM,29.31,18.75,85.72,185.51
1999,10,TRINCOMALEE,31.15,17.71,81.73,154.2
1999,10,VAVUNIYA,31.71,16.9,83.35,141.07
1999,10,HAMBANTOTA,29.19,17.52,84.53,177.86
1999,10,AMPARA,31.44,17.76,78.98,142.05
1999,10,ANURADHAPURA,32.17,16.9,83.89,131.37
1999,11,BATTICALOA,31.47,15.14,82.43,224.93
1999,11,JAFFNA,30.12,14.7,80.4,162.32
1999,11,MANNAR,30.57,17.54,80.76,139.63
1999,11,MONARAGALA,32.56,17.01,86.58,168.89
1999,11,MULLATIVU,31.25,14.7,81.01,198.83
1999,11,POLONNARUWA,33.28,15.14,84.69,258.92
1999,11,PUTTALAM,31.07,17.54,83.02,138.04
1999,11,TRINCOMALEE,32.31,15.15,82.08,264.16
1999,11,VAVUNIYA,33.01,15.49,81.85,188.38
1999,11,HAMBANTOTA,30.0,17.01,83.08,188.97
1999,11,AMPARA,31.47,15.14,82.43,224.93
1999,11,ANURADHAPURA,33.41,15.49,82.81,185.75
1999,12,BATTICALOA,28.29,15.33,80.23,108.86
1999,12,JAFFNA,28.2,15.4,77.56,70.96
1999,12,MANNAR,28.97,17.03,79.08,67.37
1999,12,MONARAGALA,28.49,17.91,87.94,92.26
1999,12,MULLATIVU,28.05,15.4,77.37,72.58
1999,12,POLONNARUWA,28.87,15.33,83.92,98.81
1999,12,PUTTALAM,29.93,17.03,80.67,58.5
1999,12,TRINCOMALEE,28.13,15.56,79.28,77.01
1999,12,VAVUNIYA,29.07,15.08,80.9,70.95
1999,12,HAMBANTOTA,29.67,17.91,80.43,115.71
1999,12,AMPARA,28.29,15.33,80.23,108.86
1999,12,ANURADHAPURA,29.7,15.08,83.39,71.24
2000,1,BATTICALOA,28.56,15.2,81.67,30.01
2000,1,JAFFNA,28.62,16.24,78.67,30.12
2000,1,MANNAR,30.6,17.84,78.05,31.12
2000,1,MONARAGALA,29.64,16.67,84.94,14.87
2000,1,MULLATIVU,28.29,16.24,78.88,30.74
2000,1,POLONNARUWA,30.06,15.2,83.18,39.0
2000,1,PUTTALAM,32.57,17.84,76.5,18.99
2000,1,TRINCOMALEE,28.67,16.09,80.81,38.63
2000,1,VAVUNIYA,30.68,15.93,78.54,32.42
2000,1,HAMBANTOTA,29.54,16.67,81.74,13.23
2000,1,AMPARA,28.56,15.2,81.67,30.01
2000,1,ANURADHAPURA,32.2,15.93,79.19,33.71
2000,2,BATTICALOA,29.62,18.16,79.83,81.97
2000,2,JAFFNA,30.31,19.72,75.84,54.56
2000,2,MANNAR,32.21,20.61,73.77,53.1
2000,2,MONARAGALA,32.27,18.91,80.42,74.99
2000,2,MULLATIVU,29.67,19.72,77.9,61.52
2000,2,POLONNARUWA,31.96,18.16,78.75,93.55
2000,2,PUTTALAM,33.55,20.61,72.05,63.12
2000,2,TRINCOMALEE,29.56,18.26,79.11,102.14
2000,2,VAVUNIYA,32.76,18.64,75.02,65.54
2000,2,HAMBANTOTA,29.99,18.91,78.37,95.14
2000,2,AMPARA,29.62,18.16,79.83,81.97
2000,2,ANURADHAPURA,34.61,18.64,74.46,67.21
2000,3,BATTICALOA,31.4,20.2,75.98,29.9
2000,3,JAFFNA,32.44,22.74,71.28,3.25
2000,3,MANNAR,34.73,22.43,67.51,3.91
2000,3,MONARAGALA,35.02,19.9,74.48,47.22
2000,3,MULLATIVU,31.36,22.74,73.83,5.56
2000,3,POLONNARUWA,35.04,20.2,70.89,18.28
2000,3,PUTTALAM,36.65,22.43,64.02,20.86
2000,3,TRINCOMALEE,31.83,21.43,74.1,10.1
2000,3,VAVUNIYA,35.81,21.99,68.38,5.25
2000,3,HAMBANTOTA,30.95,19.9,76.71,86.18
2000,3,AMPARA,31.4,20.2,75.98,29.9
2000,3,ANURADHAPURA,38.09,21.99,65.82,7.37
2000,4,BATTICALOA,34.75,22.13,72.11,62.13
2000,4,JAFFNA,33.12,22.65,73.31,34.94
2000,4,MANNAR,34.66,22.59,72.79,43.02
2000,4,MONARAGALA,37.96,22.4,67.06,51.58
2000,4,MULLATIVU,34.23,22.65,72.3,37.65
2000,4,POLONNARUWA,37.88,22.13,67.91,63.41
2000,4,PUTTALAM,35.07,22.59,73.84,76.38
2000,4,TRINCOMALEE,35.65,22.91,71.5,51.42
2000,4,VAVUNIYA,38.22,22.17,68.22,43.91
2000,4,HAMBANTOTA,31.88,22.4,79.33,62.65
2000,4,AMPARA,34.75,22.13,72.11,62.13
2000,4,ANURADHAPURA,40.16,22.17,67.46,56.11
2000,5,BATTICALOA,36.52,21.81,67.86,34.8
2000,5,JAFFNA,32.87,21.68,74.33,59.3
2000,5,MANNAR,34.1,22.41,73.9,57.54
2000,5,MONARAGALA,37.91,21.42,60.28,19.24
2000,5,MULLATIVU,33.98,21.68,72.34,37.84
2000,5,POLONNARUWA,38.3,21.81,65.64,43.48
2000,5,PUTTALAM,34.02,22.41,74.82,51.62
2000,5,TRINCOMALEE,36.83,21.53,68.95,35.8
2000,5,VAVUNIYA,37.85,21.16,67.64,39.5
2000,5,HAMBANTOTA,31.66,21.42,79.64,12.69
2000,5,AMPARA,36.52,21.81,67.86,34.8
2000,5,ANURADHAPURA,39.87,21.16,66.58,47.23
2000,6,BATTICALOA,33.66,19.73,68.25,37.34
2000,6,JAFFNA,30.91,19.68,76.49,15.31
2000,6,MANNAR,31.24,19.99,76.86,21.25
2000,6,MONARAGALA,34.53,18.86,64.85,35.47
2000,6,MULLATIVU,31.94,19.68,75.52,26.93
2000,6,POLONNARUWA,34.81,19.73,70.07,36.92
2000,6,PUTTALAM,31.16,19.99,79.85,61.6
2000,6,TRINCOMALEE,33.77,19.67,73.57,33.16
2000,6,VAVUNIYA,34.4,19.09,72.61,23.95
2000,6,HAMBANTOTA,29.96,18.86,81.08,69.81
2000,6,AMPARA,33.66,19.73,68.25,37.34
2000,6,ANURADHAPURA,35.01,19.09,72.8,32.88
2000,7,BATTICALOA,34.41,21.77,66.58,103.12
2000,7,JAFFNA,31.47,20.43,73.65,122.25
2000,7,MANNAR,32.43,21.36,74.4,108.31
2000,7,MONARAGALA,37.38,21.05,60.54,58.12
2000,7,MULLATIVU,32.57,20.43,72.28,106.0
2000,7,POLONNARUWA,37.56,21.77,67.35,114.74
2000,7,PUTTALAM,32.51,21.36,77.98,71.95
2000,7,TRINCOMALEE,35.02,20.98,70.37,112.63
2000,7,VAVUNIYA,36.2,21.25,68.41,102.59
2000,7,HAMBANTOTA,30.67,21.05,79.89,97.34
2000,7,AMPARA,34.41,21.77,66.58,103.12
2000,7,ANURADHAPURA,38.09,21.25,68.59,100.05
2000,8,BATTICALOA,33.61,19.41,71.45,52.89
2000,8,JAFFNA,29.9,19.69,79.91,27.41
2000,8,MANNAR,30.35,19.88,79.87,29.5
2000,8,MONARAGALA,33.97,18.86,69.89,60.01
2000,8,MULLATIVU,31.11,19.69,78.79,26.68
2000,8,POLONNARUWA,34.0,19.41,72.76,42.86
2000,8,PUTTALAM,31.34,19.88,80.41,82.39
2000,8,TRINCOMALEE,32.82,19.72,75.86,21.43
2000,8,VAVUNIYA,33.13,18.75,76.24,21.39
2000,8,HAMBANTOTA,30.86,18.86,82.24,115.72
2000,8,AMPARA,33.61,19.41,71.45,52.89
2000,8,ANURADHAPURA,34.07,18.75,75.75,35.31
2000,9,BATTICALOA,34.16,19.89,73.75,74.91
2000,9,JAFFNA,30.35,19.86,80.75,118.91
2000,9,MANNAR,31.39,20.94,80.5,96.31
2000,9,MONARAGALA,35.87,20.14,69.77,49.45
2000,9,MULLATIVU,31.86,19.86,78.95,88.99
2000,9,POLONNARUWA,35.56,19.89,73.35,90.27
2000,9,PUTTALAM,32.03,20.94,80.53,87.53
2000,9,TRINCOMALEE,33.43,19.84,75.24,85.12
2000,9,VAVUNIYA,34.67,19.33,76.0,79.62
2000,9,HAMBANTOTA,30.14,20.14,82.32,87.4
2000,9,AMPARA,34.16,19.89,73.75,74.91
2000,9,ANURADHAPURA,36.06,19.33,75.16,83.2
2000,10,BATTICALOA,33.84,19.8,71.0,55.68
2000,10,JAFFNA,30.54,18.39,78.77,103.37
2000,10,MANNAR,31.63,20.2,78.39,71.72
2000,10,MONARAGALA,35.26,19.72,68.78,47.55
2000,10,MULLATIVU,31.19,18.39,78.01,97.64
2000,10,POLONNARUWA,34.61,19.8,74.5,62.08
2000,10,PUTTALAM,32.52,20.2,79.03,58.7
2000,10,TRINCOMALEE,32.59,19.5,75.07,78.72
2000,10,VAVUNIYA,34.25,19.09,76.7,74.9
2000,10,HAMBANTOTA,30.33,19.72,79.8,87.89
2000,10,AMPARA,33.84,19.8,71.0,55.68
2000,10,ANURADHAPURA,35.49,19.09,75.94,62.64
2000,11,BATTICALOA,30.66,14.15,79.31,296.07
2000,11,JAFFNA,30.04,15.0,76.55,227.31
2000,11,MANNAR,31.8,16.08,77.16,231.62
2000,11,MONARAGALA,33.95,15.9,82.25,219.44
2000,11,MULLATIVU,29.9,15.0,77.14,264.27
2000,11,POLONNARUWA,33.02,14.15,80.09,337.95
2000,11,PUTTALAM,33.74,16.08,77.59,212.34
2000,11,TRINCOMALEE,30.83,15.31,78.09,322.41
2000,11,VAVUNIYA,33.28,14.66,78.17,300.68
2000,11,HAMBANTOTA,30.56,15.9,80.09,216.35
2000,11,AMPARA,30.66,14.15,79.31,296.07
2000,11,ANURADHAPURA,35.05,14.66,79.4,329.19
2000,12,BATTICALOA,28.65,12.33,83.52,138.39
2000,12,JAFFNA,28.56,14.83,78.62,81.51
2000,12,MANNAR,29.1,16.7,80.35,89.2
2000,12,MONARAGALA,29.65,14.89,86.27,119.58
2000,12,MULLATIVU,28.91,14.83,79.22,104.68
2000,12,POLONNARUWA,29.97,12.33,85.52,150.33
2000,12,PUTTALAM,30.12,16.7,81.32,117.48
2000,12,TRINCOMALEE,29.65,14.37,81.91,150.28
2000,12,VAVUNIYA,30.19,14.22,82.59,122.74
2000,12,HAMBANTOTA,29.71,14.89,82.28,116.78
2000,12,AMPARA,28.65,12.33,83.52,138.39
2000,12,ANURADHAPURA,30.4,14.22,85.36,144.56
2001,1,BATTICALOA,27.59,14.32,84.75,208.27
2001,1,JAFFNA,27.68,14.54,80.13,49.83
2001,1,MANNAR,28.99,16.26,81.02,56.44
2001,1,MONARAGALA,28.64,16.02,88.99,230.56
2001,1,MULLATIVU,27.38,14.54,81.42,69.74
2001,1,POLONNARUWA,28.77,14.32,87.24,160.7
2001,1,PUTTALAM,29.89,16.26,83.57,77.29
2001,1,TRINCOMALEE,27.64,14.93,84.51,126.41
2001,1,VAVUNIYA,28.75,14.29,83.64,76.03
2001,1,HAMBANTOTA,28.63,16.02,83.96,297.13
2001,1,AMPARA,27.59,14.32,84.75,208.27
2001,1,ANURADHAPURA,29.26,14.29,86.95,87.47
2001,2,BATTICALOA,28.27,20.24,80.14,99.46
2001,2,JAFFNA,30.61,21.31,76.34,64.78
2001,2,MANNAR,32.45,21.87,76.93,69.98
2001,2,MONARAGALA,29.06,20.41,84.93,83.29
2001,2,MULLATIVU,30.64,21.31,78.09,49.25
2001,2,POLONNARUWA,30.6,20.24,83.22,79.13
2001,2,PUTTALAM,33.34,21.87,77.18,53.87
2001,2,TRINCOMALEE,29.85,21.41,80.39,44.28
2001,2,VAVUNIYA,33.64,20.54,79.33,51.78
2001,2,HAMBANTOTA,28.82,20.41,80.28,71.1
2001,2,AMPARA,28.27,20.24,80.14,99.46
2001,2,ANURADHAPURA,34.47,20.54,81.17,44.0
2001,3,BATTICALOA,32.99,22.85,73.84,1.41
2001,3,JAFFNA,32.9,22.78,71.27,0.22
2001,3,MANNAR,34.62,23.38,68.61,0.04
2001,3,MONARAGALA,36.99,22.83,73.27,4.68
2001,3,MULLATIVU,34.44,22.78,72.25,0.68
2001,3,POLONNARUWA,38.12,22.85,69.61,0.33
2001,3,PUTTALAM,35.76,23.38,66.03,1.16
2001,3,TRINCOMALEE,36.01,22.9,72.25,0.35
2001,3,VAVUNIYA,37.86,22.42,67.24,0.38
2001,3,HAMBANTOTA,32.06,22.83,74.69,13.19
2001,3,AMPARA,32.99,22.85,73.84,1.41
2001,3,ANURADHAPURA,39.93,22.42,65.44,0.17
2001,4,BATTICALOA,31.9,20.33,78.12,116.9
2001,4,JAFFNA,33.03,20.59,74.67,159.63
2001,4,MANNAR,35.17,21.67,74.81,174.49
2001,4,MONARAGALA,35.49,19.15,78.3,121.67
2001,4,MULLATIVU,32.32,20.59,75.96,161.05
2001,4,POLONNARUWA,35.92,20.33,75.5,123.87
2001,4,PUTTALAM,36.47,21.67,74.44,202.76
2001,4,TRINCOMALEE,32.74,21.07,77.35,138.04
2001,4,VAVUNIYA,36.92,19.86,75.51,172.22
2001,4,HAMBANTOTA,31.59,19.15,79.03,160.36
2001,4,AMPARA,31.9,20.33,78.12,116.9
2001,4,ANURADHAPURA,38.94,19.86,76.16,174.35
2001,5,BATTICALOA,34.69,22.23,72.46,42.64
2001,5,JAFFNA,31.96,22.36,78.89,32.48
2001,5,MANNAR,31.97,22.38,78.94,23.93
2001,5,MONARAGALA,36.01,21.06,72.94,46.71
2001,5,MULLATIVU,32.94,22.36,78.99,31.22
2001,5,POLONNARUWA,36.43,22.23,74.34,29.2
2001,5,PUTTALAM,32.07,22.38,81.75,60.2
2001,5,TRINCOMALEE,34.73,22.18,76.08,15.4
2001,5,VAVUNIYA,34.39,21.6,77.78,20.72
2001,5,HAMBANTOTA,32.55,21.06,82.91,105.79
2001,5,AMPARA,34.69,22.23,72.46,42.64
2001,5,ANURADHAPURA,35.31,21.6,77.74,15.36
2001,6,BATTICALOA,34.12,20.53,70.16,78.42
2001,6,JAFFNA,31.79,19.52,79.51,63.9
2001,6,MANNAR,32.21,19.79,80.03,80.52
2001,6,MONARAGALA,34.37,20.27,68.8,41.28
2001,6,MULLATIVU,32.02,19.52,79.84,101.85
2001,6,POLONNARUWA,34.61,20.53,77.58,114.86
2001,6,PUTTALAM,31.3,19.79,83.26,131.11
2001,6,TRINCOMALEE,33.82,19.98,79.36,114.7
2001,6,VAVUNIYA,33.93,18.8,80.03,117.58
2001,6,HAMBANTOTA,30.45,20.27,81.04,94.67
2001,6,AMPARA,34.12,20.53,70.16,78.42
2001,6,ANURADHAPURA,34.35,18.8,81.28,135.9
2001,7,BATTICALOA,34.3,19.41,69.28,118.98
2001,7,JAFFNA,30.83,19.38,78.17,47.21
2001,7,MANNAR,31.3,20.31,79.05,48.11
2001,7,MONARAGALA,36.0,19.24,64.4,64.08
2001,7,MULLATIVU,31.64,19.38,77.86,67.3
2001,7,POLONNARUWA,35.28,19.41,74.16,120.16
2001,7,PUTTALAM,31.39,20.31,82.81,73.33
2001,7,TRINCOMALEE,33.64,19.61,76.14,109.15
2001,7,VAVUNIYA,34.68,19.34,75.94,78.35
2001,7,HAMBANTOTA,30.69,19.24,81.18,110.29
2001,7,AMPARA,34.3,19.41,69.28,118.98
2001,7,ANURADHAPURA,35.87,19.34,76.25,95.89
2001,8,BATTICALOA,34.44,21.63,67.95,12.31
2001,8,JAFFNA,31.17,21.35,79.99,15.52
2001,8,MANNAR,31.24,21.87,80.2,6.86
2001,8,MONARAGALA,36.13,21.01,61.94,10.76
2001,8,MULLATIVU,31.5,21.35,78.68,21.07
2001,8,POLONNARUWA,35.28,21.63,73.06,12.79
2001,8,PUTTALAM,31.67,21.87,82.19,11.58
2001,8,TRINCOMALEE,33.69,21.44,76.21,19.98
2001,8,VAVUNIYA,34.3,20.65,75.98,13.37
2001,8,HAMBANTOTA,30.62,21.01,80.54,21.31
2001,8,AMPARA,34.44,21.63,67.95,12.31
2001,8,ANURADHAPURA,35.47,20.65,75.79,10.13
2001,9,BATTICALOA,35.22,20.33,70.13,91.5
2001,9,JAFFNA,31.78,20.55,78.66,44.46
2001,9,MANNAR,32.23,22.05,78.3,23.76
2001,9,MONARAGALA,36.8,20.47,66.13,96.27
2001,9,MULLATIVU,32.7,20.55,76.72,57.57
2001,9,POLONNARUWA,36.26,20.33,70.69,66.92
2001,9,PUTTALAM,32.62,22.05,78.77,80.56
2001,9,TRINCOMALEE,34.78,21.19,73.71,68.96
2001,9,VAVUNIYA,35.39,20.22,73.85,40.84
2001,9,HAMBANTOTA,30.69,20.47,79.31,142.24
2001,9,AMPARA,35.22,20.33,70.13,91.5
2001,9,ANURADHAPURA,36.31,20.22,72.98,44.52
2001,10,BATTICALOA,32.98,19.05,76.24,89.84
2001,10,JAFFNA,30.64,16.99,79.83,150.38
2001,10,MANNAR,31.59,18.93,79.61,129.29
2001,10,MONARAGALA,33.66,18.89,75.82,64.1
2001,10,MULLATIVU,31.44,16.99,79.62,157.58
2001,10,POLONNARUWA,33.93,19.05,78.14,116.4
2001,10,PUTTALAM,31.31,18.93,81.23,107.39
2001,10,TRINCOMALEE,33.02,18.63,79.06,132.75
2001,10,VAVUNIYA,33.97,17.67,78.57,141.79
2001,10,HAMBANTOTA,29.83,18.89,83.16,122.66
2001,10,AMPARA,32.98,19.05,76.24,89.84
2001,10,ANURADHAPURA,34.61,17.67,78.55,130.17
2001,11,BATTICALOA,31.34,16.41,79.84,211.35
2001,11,JAFFNA,30.76,14.96,80.56,261.74
2001,11,MANNAR,31.56,16.66,81.99,246.72
2001,11,MONARAGALA,32.92,17.2,84.46,191.06
2001,11,MULLATIVU,30.67,14.96,80.77,249.44
2001,11,POLONNARUWA,33.12,16.41,81.94,200.3
2001,11,PUTTALAM,32.45,16.66,83.19,141.87
2001,11,TRINCOMALEE,31.27,16.4,80.57,188.01
2001,11,VAVUNIYA,32.36,15.98,83.5,237.48
2001,11,HAMBANTOTA,30.26,17.2,82.19,231.81
2001,11,AMPARA,31.34,16.41,79.84,211.35
2001,11,ANURADHAPURA,33.29,15.98,84.95,200.53
2001,12,BATTICALOA,28.59,15.15,81.81,199.18
2001,12,JAFFNA,28.63,13.87,80.14,218.61
2001,12,MANNAR,29.25,15.84,83.06,209.43
2001,12,MONARAGALA,29.93,16.93,88.64,137.64
2001,12,MULLATIVU,28.63,13.87,80.22,250.66
2001,12,POLONNARUWA,30.05,15.15,84.81,236.69
2001,12,PUTTALAM,30.78,15.84,82.4,95.35
2001,12,TRINCOMALEE,29.13,14.55,81.59,276.73
2001,12,VAVUNIYA,29.5,13.9,84.88,238.21
2001,12,HAMBANTOTA,29.51,16.93,82.06,144.15
2001,12,AMPARA,28.59,15.15,81.81,199.18
2001,12,ANURADHAPURA,30.21,13.9,86.48,204.52
2002,1,BATTICALOA,28.41,15.64,80.24,87.64
2002,1,JAFFNA,28.86,16.55,79.31,23.72
2002,1,MANNAR,29.34,18.0,81.45,25.96
2002,1,MONARAGALA,30.54,17.18,85.16,54.85
2002,1,MULLATIVU,28.45,16.55,79.49,39.9
2002,1,POLONNARUWA,29.37,15.64,83.71,92.29
2002,1,PUTTALAM,32.96,18.0,76.92,27.21
2002,1,TRINCOMALEE,28.48,17.14,81.01,77.17
2002,1,VAVUNIYA,29.42,15.93,83.41,45.89
2002,1,HAMBANTOTA,29.96,17.18,79.83,60.44
2002,1,AMPARA,28.41,15.64,80.24,87.64
2002,1,ANURADHAPURA,30.63,15.93,84.6,53.72
2002,2,BATTICALOA,29.08,17.0,79.23,114.93
2002,2,JAFFNA,29.76,19.6,77.98,78.01
2002,2,MANNAR,31.95,21.36,78.55,71.4
2002,2,MONARAGALA,30.86,19.72,83.24,81.72
2002,2,MULLATIVU,29.18,19.6,78.67,63.32
2002,2,POLONNARUWA,30.5,17.0,81.97,111.95
2002,2,PUTTALAM,34.2,21.36,73.08,56.96
2002,2,TRINCOMALEE,29.64,19.04,79.25,71.01
2002,2,VAVUNIYA,31.97,18.93,79.98,67.05
2002,2,HAMBANTOTA,30.12,19.72,78.64,71.02
2002,2,AMPARA,29.08,17.0,79.23,114.93
2002,2,ANURADHAPURA,33.63,18.93,79.63,69.75
2002,3,BATTICALOA,31.58,21.01,77.61,44.23
2002,3,JAFFNA,31.83,23.12,74.74,6.42
2002,3,MANNAR,33.85,23.84,71.79,13.77
2002,3,MONARAGALA,35.96,21.7,74.81,44.24
2002,3,MULLATIVU,32.0,23.12,76.21,11.77
2002,3,POLONNARUWA,35.47,21.01,73.78,31.37
2002,3,PUTTALAM,36.12,23.84,67.51,43.99
2002,3,TRINCOMALEE,32.49,22.94,76.08,18.86
2002,3,VAVUNIYA,36.2,21.83,71.9,18.96
2002,3,HAMBANTOTA,31.27,21.7,76.56,60.31
2002,3,AMPARA,31.58,21.01,77.61,44.23
2002,3,ANURADHAPURA,38.49,21.83,69.88,33.73
2002,4,BATTICALOA,32.35,20.54,77.88,121.87
2002,4,JAFFNA,32.8,21.71,73.74,115.25
2002,4,MANNAR,34.6,23.31,73.0,143.31
2002,4,MONARAGALA,35.32,20.22,77.82,136.41
2002,4,MULLATIVU,32.68,21.71,77.02,115.94
2002,4,POLONNARUWA,35.92,20.54,74.08,84.42
2002,4,PUTTALAM,35.81,23.31,74.44,182.14
2002,4,TRINCOMALEE,33.5,22.04,77.37,64.56
2002,4,VAVUNIYA,36.42,20.11,74.75,125.78
2002,4,HAMBANTOTA,31.54,20.22,77.84,180.36
2002,4,AMPARA,32.35,20.54,77.88,121.87
2002,4,ANURADHAPURA,38.12,20.11,73.92,111.96
2002,5,BATTICALOA,33.75,20.62,77.13,89.84
2002,5,JAFFNA,32.47,21.15,79.67,60.42
2002,5,MANNAR,33.37,21.37,79.33,51.57
2002,5,MONARAGALA,34.2,20.04,79.13,105.97
2002,5,MULLATIVU,32.65,21.15,79.66,57.29
2002,5,POLONNARUWA,35.87,20.62,76.13,73.98
2002,5,PUTTALAM,32.54,21.37,82.72,104.98
2002,5,TRINCOMALEE,34.23,20.69,76.85,57.52
2002,5,VAVUNIYA,34.81,20.06,77.55,48.65
2002,5,HAMBANTOTA,29.92,20.04,84.9,184.73
2002,5,AMPARA,33.75,20.62,77.13,89.84
2002,5,ANURADHAPURA,35.74,20.06,77.27,48.59
2002,6,BATTICALOA,34.94,20.04,71.2,51.39
2002,6,JAFFNA,31.35,20.52,79.01,34.51
2002,6,MANNAR,32.04,21.09,78.41,22.29
2002,6,MONARAGALA,35.85,19.61,71.52,41.07
2002,6,MULLATIVU,32.76,20.52,77.87,37.29
2002,6,POLONNARUWA,36.59,20.04,72.75,49.08
2002,6,PUTTALAM,32.06,21.09,82.35,39.19
2002,6,TRINCOMALEE,34.75,19.9,74.65,51.11
2002,6,VAVUNIYA,35.61,20.1,74.72,32.77
2002,6,HAMBANTOTA,30.97,19.61,82.78,78.0
2002,6,AMPARA,34.94,20.04,71.2,51.39
2002,6,ANURADHAPURA,36.62,20.1,74.42,31.88
2002,7,BATTICALOA,35.1,21.23,66.76,19.34
2002,7,JAFFNA,32.01,20.74,75.48,4.8
2002,7,MANNAR,32.26,21.42,75.66,1.72
2002,7,MONARAGALA,35.75,20.57,61.88,22.24
2002,7,MULLATIVU,32.88,20.74,73.1,11.05
2002,7,POLONNARUWA,36.1,21.23,66.98,9.13
2002,7,PUTTALAM,31.91,21.42,78.63,10.6
2002,7,TRINCOMALEE,34.8,20.83,69.82,5.85
2002,7,VAVUNIYA,35.84,20.36,68.23,5.24
2002,7,HAMBANTOTA,30.79,20.57,80.46,41.72
2002,7,AMPARA,35.1,21.23,66.76,19.34
2002,7,ANURADHAPURA,36.77,20.36,67.37,3.69
2002,8,BATTICALOA,34.11,20.91,68.89,63.29
2002,8,JAFFNA,31.3,20.6,76.32,11.48
2002,8,MANNAR,32.23,21.69,76.81,9.99
2002,8,MONARAGALA,35.15,20.36,65.91,54.38
2002,8,MULLATIVU,32.78,20.6,74.73,25.81
2002,8,POLONNARUWA,36.11,20.91,68.32,46.31
2002,8,PUTTALAM,32.12,21.69,79.87,39.92
2002,8,TRINCOMALEE,34.66,20.64,71.31,25.29
2002,8,VAVUNIYA,35.44,20.15,70.36,21.42
2002,8,HAMBANTOTA,30.1,20.36,82.66,81.6
2002,8,AMPARA,34.11,20.91,68.89,63.29
2002,8,ANURADHAPURA,36.47,20.15,70.07,25.05
2002,9,BATTICALOA,35.47,22.79,66.09,19.43
2002,9,JAFFNA,31.66,22.31,73.63,14.82
2002,9,MANNAR,32.6,23.7,72.0,7.85
2002,9,MONARAGALA,37.07,22.27,61.54,18.85
2002,9,MULLATIVU,33.25,22.31,70.58,19.08
2002,9,POLONNARUWA,37.34,22.79,63.01,27.8
2002,9,PUTTALAM,33.64,23.7,71.73,18.07
2002,9,TRINCOMALEE,35.39,22.38,67.42,44.33
2002,9,VAVUNIYA,36.55,22.21,64.12,18.43
2002,9,HAMBANTOTA,30.37,22.27,78.45,43.86
2002,9,AMPARA,35.47,22.79,66.09,19.43
2002,9,ANURADHAPURA,37.66,22.21,62.38,22.92
2002,10,BATTICALOA,32.12,19.23,77.95,158.59
2002,10,JAFFNA,31.09,17.93,80.21,300.39
2002,10,MANNAR,31.95,18.83,81.32,293.82
2002,10,MONARAGALA,34.74,19.34,79.36,178.86
2002,10,MULLATIVU,30.88,17.93,81.51,311.19
2002,10,POLONNARUWA,34.95,19.23,79.11,195.48
2002,10,PUTTALAM,32.9,18.83,83.77,325.8
2002,10,TRINCOMALEE,32.0,19.0,80.23,255.0
2002,10,VAVUNIYA,34.32,18.04,82.27,293.47
2002,10,HAMBANTOTA,30.33,19.34,83.48,321.29
2002,10,AMPARA,32.12,19.23,77.95,158.59
2002,10,ANURADHAPURA,35.83,18.04,82.6,259.74
2002,11,BATTICALOA,30.16,16.3,83.12,195.38
2002,11,JAFFNA,29.2,15.35,83.4,109.45
2002,11,MANNAR,29.4,16.1,85.13,120.19
2002,11,MONARAGALA,30.53,16.54,87.43,193.29
2002,11,MULLATIVU,29.52,15.35,84.34,180.04
2002,11,POLONNARUWA,30.66,16.3,86.44,220.22
2002,11,PUTTALAM,29.93,16.1,86.1,170.66
2002,11,TRINCOMALEE,29.91,16.45,84.89,264.29
2002,11,VAVUNIYA,30.4,15.51,87.28,185.33
2002,11,HAMBANTOTA,29.96,16.54,84.35,258.15
2002,11,AMPARA,30.16,16.3,83.12,195.38
2002,11,ANURADHAPURA,30.75,15.51,88.75,201.5
2002,12,BATTICALOA,29.09,12.21,83.63,334.97
2002,12,JAFFNA,28.05,13.46,81.32,113.4
2002,12,MANNAR,29.01,14.63,84.17,128.5
2002,12,MONARAGALA,29.05,14.01,91.49,245.92
2002,12,MULLATIVU,28.22,13.46,81.32,187.39
2002,12,POLONNARUWA,29.89,12.21,87.13,388.93
2002,12,PUTTALAM,30.06,14.63,86.58,166.77
2002,12,TRINCOMALEE,29.16,12.96,83.12,395.93
2002,12,VAVUNIYA,29.45,13.48,85.96,211.1
2002,12,HAMBANTOTA,28.9,14.01,85.53,313.91
2002,12,AMPARA,29.09,12.21,83.63,334.97
2002,12,ANURADHAPURA,30.34,13.48,88.62,254.09
2003,1,BATTICALOA,27.93,14.28,81.77,153.72
2003,1,JAFFNA,27.8,16.4,78.01,53.43
2003,1,MANNAR,29.07,17.9,80.61,73.06
2003,1,MONARAGALA,27.58,17.06,90.55,112.32
2003,1,MULLATIVU,27.64,16.4,78.43,62.66
2003,1,POLONNARUWA,28.45,14.28,85.96,159.78
2003,1,PUTTALAM,29.72,17.9,83.94,72.5
2003,1,TRINCOMALEE,27.94,16.4,81.04,142.04
2003,1,VAVUNIYA,28.81,15.45,82.98,83.27
2003,1,HAMBANTOTA,29.44,17.06,83.88,101.38
2003,1,AMPARA,27.93,14.28,81.77,153.72
2003,1,ANURADHAPURA,29.01,15.45,86.48,97.21
2003,2,BATTICALOA,28.61,17.92,80.67,82.52
2003,2,JAFFNA,30.06,20.42,77.35,42.28
2003,2,MANNAR,31.58,21.53,77.95,46.81
2003,2,MONARAGALA,29.01,19.99,88.32,66.73
2003,2,MULLATIVU,29.05,20.42,79.34,60.75
2003,2,POLONNARUWA,29.77,17.92,84.2,89.54
2003,2,PUTTALAM,32.42,21.53,80.39,43.65
2003,2,TRINCOMALEE,29.08,19.5,80.98,91.31
2003,2,VAVUNIYA,30.48,19.68,81.71,68.59
2003,2,HAMBANTOTA,29.44,19.99,81.34,80.7
2003,2,AMPARA,28.61,17.92,80.67,82.52
2003,2,ANURADHAPURA,30.82,19.68,84.53,61.04
2003,3,BATTICALOA,30.05,19.85,79.83,91.27
2003,3,JAFFNA,32.37,21.56,73.73,18.34
2003,3,MANNAR,34.3,23.46,72.11,26.58
2003,3,MONARAGALA,31.78,21.06,85.29,96.98
2003,3,MULLATIVU,31.55,21.56,76.64,33.96
2003,3,POLONNARUWA,33.0,19.85,81.81,81.61
2003,3,PUTTALAM,34.24,23.46,74.45,101.6
2003,3,TRINCOMALEE,31.46,21.42,79.02,69.05
2003,3,VAVUNIYA,35.57,21.46,75.34,40.53
2003,3,HAMBANTOTA,30.01,21.06,80.06,122.64
2003,3,AMPARA,30.05,19.85,79.83,91.27
2003,3,ANURADHAPURA,36.46,21.46,77.69,59.68
2003,4,BATTICALOA,31.99,20.61,76.59,79.17
2003,4,JAFFNA,33.88,22.27,69.74,79.35
2003,4,MANNAR,36.04,22.69,68.31,86.45
2003,4,MONARAGALA,34.23,20.49,78.96,147.21
2003,4,MULLATIVU,33.68,22.27,72.7,73.89
2003,4,POLONNARUWA,35.93,20.61,74.44,43.25
2003,4,PUTTALAM,36.09,22.69,72.31,100.43
2003,4,TRINCOMALEE,34.54,22.18,74.89,41.45
2003,4,VAVUNIYA,37.12,21.73,69.31,73.82
2003,4,HAMBANTOTA,30.75,20.49,80.43,212.68
2003,4,AMPARA,31.99,20.61,76.59,79.17
2003,4,ANURADHAPURA,38.2,21.73,69.48,62.15
2003,5,BATTICALOA,33.68,19.71,77.67,92.84
2003,5,JAFFNA,32.0,18.89,79.75,125.02
2003,5,MANNAR,32.71,19.61,79.3,119.48
2003,5,MONARAGALA,32.65,19.17,81.94,88.7
2003,5,MULLATIVU,32.8,18.89,79.03,112.21
2003,5,POLONNARUWA,36.25,19.71,74.41,84.56
2003,5,PUTTALAM,32.06,19.61,81.45,107.03
2003,5,TRINCOMALEE,34.45,18.71,76.34,78.56
2003,5,VAVUNIYA,35.32,18.99,77.46,103.42
2003,5,HAMBANTOTA,30.02,19.17,85.6,181.96
2003,5,AMPARA,33.68,19.71,77.67,92.84
2003,5,ANURADHAPURA,36.24,18.99,77.07,94.56
2003,6,BATTICALOA,33.03,21.36,74.98,30.05
2003,6,JAFFNA,30.84,21.55,79.23,13.65
2003,6,MANNAR,31.48,21.59,78.47,16.42
2003,6,MONARAGALA,33.19,20.52,76.51,36.38
2003,6,MULLATIVU,32.18,21.55,78.04,13.21
2003,6,POLONNARUWA,36.29,21.36,72.06,19.89
2003,6,PUTTALAM,31.47,21.59,81.09,60.45
2003,6,TRINCOMALEE,34.02,21.09,75.07,9.29
2003,6,VAVUNIYA,34.72,20.16,74.9,11.35
2003,6,HAMBANTOTA,29.23,20.52,84.85,61.98
2003,6,AMPARA,33.03,21.36,74.98,30.05
2003,6,ANURADHAPURA,35.51,20.16,75.08,17.68
2003,7,BATTICALOA,33.59,19.39,72.77,26.73
2003,7,JAFFNA,30.83,18.73,78.23,29.74
2003,7,MANNAR,31.45,20.08,77.39,19.13
2003,7,MONARAGALA,33.73,18.89,73.53,32.28
2003,7,MULLATIVU,31.5,18.73,77.77,39.45
2003,7,POLONNARUWA,34.87,19.39,72.55,28.34
2003,7,PUTTALAM,31.62,20.08,80.11,40.48
2003,7,TRINCOMALEE,33.84,19.55,74.19,38.15
2003,7,VAVUNIYA,34.07,18.9,74.01,25.75
2003,7,HAMBANTOTA,29.62,18.89,84.17,67.64
2003,7,AMPARA,33.59,19.39,72.77,26.73
2003,7,ANURADHAPURA,35.71,18.9,73.56,25.63
2003,8,BATTICALOA,33.88,20.78,69.95,22.65
2003,8,JAFFNA,30.97,19.02,79.68,50.43
2003,8,MANNAR,31.67,20.68,78.9,34.91
2003,8,MONARAGALA,35.26,20.47,68.88,30.89
2003,8,MULLATIVU,31.55,19.02,79.18,53.54
2003,8,POLONNARUWA,36.39,20.78,70.36,21.02
2003,8,PUTTALAM,31.88,20.68,80.4,38.99
2003,8,TRINCOMALEE,33.67,20.02,74.55,25.59
2003,8,VAVUNIYA,34.23,19.59,75.08,42.18
2003,8,HAMBANTOTA,30.16,20.47,82.75,68.67
2003,8,AMPARA,33.88,20.78,69.95,22.65
2003,8,ANURADHAPURA,35.29,19.59,73.67,35.67
2003,9,BATTICALOA,35.05,22.14,67.43,37.47
2003,9,JAFFNA,31.41,21.76,77.78,45.74
2003,9,MANNAR,32.82,23.27,76.68,32.32
2003,9,MONARAGALA,36.75,21.71,63.21,33.42
2003,9,MULLATIVU,32.37,21.76,76.11,43.36
2003,9,POLONNARUWA,37.02,22.14,67.88,55.42
2003,9,PUTTALAM,33.13,23.27,77.45,42.07
2003,9,TRINCOMALEE,34.4,22.02,72.17,75.03
2003,9,VAVUNIYA,36.32,21.35,70.86,41.98
2003,9,HAMBANTOTA,30.15,21.71,82.66,67.53
2003,9,AMPARA,35.05,22.14,67.43,37.47
2003,9,ANURADHAPURA,37.82,21.35,69.19,44.55
2003,10,BATTICALOA,34.39,20.89,72.52,95.75
2003,10,JAFFNA,30.8,18.75,79.26,144.67
2003,10,MANNAR,32.42,20.0,79.0,122.03
2003,10,MONARAGALA,36.11,20.89,72.41,97.3
2003,10,MULLATIVU,31.73,18.75,78.71,123.57
2003,10,POLONNARUWA,36.68,20.89,71.57,78.41
2003,10,PUTTALAM,33.08,20.0,79.78,143.95
2003,10,TRINCOMALEE,34.02,19.96,75.78,77.91
2003,10,VAVUNIYA,34.71,19.24,76.43,100.17
2003,10,HAMBANTOTA,30.53,20.89,79.76,131.78
2003,10,AMPARA,34.39,20.89,72.52,95.75
2003,10,ANURADHAPURA,36.53,19.24,75.72,85.38
2003,11,BATTICALOA,29.58,12.87,84.46,387.2
2003,11,JAFFNA,29.81,12.36,82.26,332.93
2003,11,MANNAR,30.89,14.89,83.84,308.03
2003,11,MONARAGALA,30.6,14.36,89.81,295.63
2003,11,MULLATIVU,29.54,12.36,82.37,347.59
2003,11,POLONNARUWA,31.5,12.87,86.57,416.48
2003,11,PUTTALAM,32.37,14.89,83.49,188.52
2003,11,TRINCOMALEE,29.95,12.86,83.55,419.99
2003,11,VAVUNIYA,31.51,12.72,84.91,339.56
2003,11,HAMBANTOTA,29.61,14.36,85.66,350.63
2003,11,AMPARA,29.58,12.87,84.46,387.2
2003,11,ANURADHAPURA,33.07,12.72,85.31,301.84
2003,12,BATTICALOA,28.81,16.93,80.56,49.72
2003,12,JAFFNA,28.76,16.48,78.26,25.61
2003,12,MANNAR,29.56,18.24,80.58,29.3
2003,12,MONARAGALA,29.3,18.94,86.73,34.43
2003,12,MULLATIVU,28.81,16.48,78.43,44.49
2003,12,POLONNARUWA,30.2,16.93,84.04,58.49
2003,12,PUTTALAM,31.86,18.24,79.82,32.38
2003,12,TRINCOMALEE,29.17,17.55,80.04,58.38
2003,12,VAVUNIYA,29.86,16.6,82.7,48.24
2003,12,HAMBANTOTA,29.2,18.94,80.77,35.33
2003,12,AMPARA,28.81,16.93,80.56,49.72
2003,12,ANURADHAPURA,30.43,16.6,84.16,51.66
2004,1,BATTICALOA,28.78,16.11,80.05,82.39
2004,1,JAFFNA,29.31,18.66,75.67,3.94
2004,1,MANNAR,31.54,20.6,74.93,4.74
2004,1,MONARAGALA,30.66,17.95,83.29,57.19
2004,1,MULLATIVU,28.68,18.66,76.29,10.8
2004,1,POLONNARUWA,30.16,16.11,81.66,75.74
2004,1,PUTTALAM,33.94,20.6,71.73,13.54
2004,1,TRINCOMALEE,29.32,18.49,77.96,52.22
2004,1,VAVUNIYA,31.59,17.9,76.24,15.59
2004,1,HAMBANTOTA,29.94,17.95,80.38,67.14
2004,1,AMPARA,28.78,16.11,80.05,82.39
2004,1,ANURADHAPURA,33.45,17.9,76.03,24.92
2004,2,BATTICALOA,29.24,19.09,77.01,76.87
2004,2,JAFFNA,30.26,21.15,72.4,6.72
2004,2,MANNAR,32.67,22.67,69.9,9.11
2004,2,MONARAGALA,33.29,19.69,77.23,64.72
2004,2,MULLATIVU,29.8,21.15,73.34,14.18
2004,2,POLONNARUWA,32.59,19.09,75.33,64.98
2004,2,PUTTALAM,34.84,22.67,64.1,14.36
2004,2,TRINCOMALEE,30.21,20.21,74.45,41.61
2004,2,VAVUNIYA,33.63,20.82,69.9,18.58
2004,2,HAMBANTOTA,30.52,19.69,76.42,105.18
2004,2,AMPARA,29.24,19.09,77.01,76.87
2004,2,ANURADHAPURA,36.63,20.82,68.43,24.95
2004,3,BATTICALOA,32.6,21.99,76.78,54.61
2004,3,JAFFNA,33.03,22.25,70.83,15.01
2004,3,MANNAR,34.17,22.97,68.79,21.69
2004,3,MONARAGALA,37.15,22.1,72.15,36.81
2004,3,MULLATIVU,33.33,22.25,73.8,22.1
2004,3,POLONNARUWA,36.88,21.99,71.88,55.42
2004,3,PUTTALAM,36.6,22.97,66.63,41.36
2004,3,TRINCOMALEE,34.58,22.29,74.52,36.98
2004,3,VAVUNIYA,37.42,21.45,68.69,30.63
2004,3,HAMBANTOTA,31.6,22.1,77.29,51.18
2004,3,AMPARA,32.6,21.99,76.78,54.61
2004,3,ANURADHAPURA,39.35,21.45,66.57,44.63
2004,4,BATTICALOA,33.01,21.25,77.95,79.87
2004,4,JAFFNA,34.57,22.67,72.11,46.46
2004,4,MANNAR,35.98,22.97,71.11,55.72
2004,4,MONARAGALA,37.78,20.92,73.82,96.8
2004,4,MULLATIVU,35.5,22.67,72.83,71.38
2004,4,POLONNARUWA,38.34,21.25,70.47,62.0
2004,4,PUTTALAM,35.45,22.97,73.2,79.22
2004,4,TRINCOMALEE,35.92,23.04,73.41,59.64
2004,4,VAVUNIYA,39.64,21.71,68.8,80.39
2004,4,HAMBANTOTA,31.99,20.92,80.55,157.46
2004,4,AMPARA,33.01,21.25,77.95,79.87
2004,4,ANURADHAPURA,41.5,21.71,68.24,80.1
2004,5,BATTICALOA,34.25,19.5,73.66,107.32
2004,5,JAFFNA,30.81,18.01,79.96,172.76
2004,5,MANNAR,31.17,19.44,79.55,144.39
2004,5,MONARAGALA,34.43,19.28,73.93,107.69
2004,5,MULLATIVU,31.66,18.01,80.35,159.01
2004,5,POLONNARUWA,35.93,19.5,74.66,114.55
2004,5,PUTTALAM,32.46,19.44,80.11,148.63
2004,5,TRINCOMALEE,33.77,18.52,77.01,125.06
2004,5,VAVUNIYA,33.51,18.51,78.94,133.94
2004,5,HAMBANTOTA,31.41,19.28,82.08,191.3
2004,5,AMPARA,34.25,19.5,73.66,107.32
2004,5,ANURADHAPURA,35.02,18.51,77.8,121.54
2004,6,BATTICALOA,34.54,21.14,70.33,43.08
2004,6,JAFFNA,31.06,20.76,78.9,11.83
2004,6,MANNAR,31.75,20.98,77.75,8.56
2004,6,MONARAGALA,34.56,20.61,69.97,41.76
2004,6,MULLATIVU,32.06,20.76,77.96,26.73
2004,6,POLONNARUWA,35.41,21.14,71.94,29.05
2004,6,PUTTALAM,31.62,20.98,79.43,56.3
2004,6,TRINCOMALEE,33.81,20.66,73.9,19.37
2004,6,VAVUNIYA,34.7,19.76,74.27,17.34
2004,6,HAMBANTOTA,30.15,20.61,82.11,116.78
2004,6,AMPARA,34.54,21.14,70.33,43.08
2004,6,ANURADHAPURA,35.75,19.76,73.14,17.99
2004,7,BATTICALOA,33.68,20.61,68.93,26.01
2004,7,JAFFNA,30.62,19.91,78.4,31.56
2004,7,MANNAR,31.18,21.25,77.14,15.94
2004,7,MONARAGALA,35.12,20.74,65.47,22.09
2004,7,MULLATIVU,31.53,19.91,77.53,37.86
2004,7,POLONNARUWA,34.91,20.61,71.16,42.14
2004,7,PUTTALAM,31.07,21.25,78.78,30.93
2004,7,TRINCOMALEE,33.34,20.05,74.13,71.36
2004,7,VAVUNIYA,34.14,19.87,73.14,31.23
2004,7,HAMBANTOTA,30.11,20.74,81.83,62.35
2004,7,AMPARA,33.68,20.61,68.93,26.01
2004,7,ANURADHAPURA,35.39,19.87,72.02,32.51
2004,8,BATTICALOA,35.07,21.67,66.0,19.24
2004,8,JAFFNA,31.2,20.56,76.58,23.96
2004,8,MANNAR,32.27,21.84,76.02,22.22
2004,8,MONARAGALA,35.97,21.49,61.61,22.05
2004,8,MULLATIVU,32.06,20.56,75.83,44.27
2004,8,POLONNARUWA,36.42,21.67,67.41,25.2
2004,8,PUTTALAM,32.05,21.84,77.01,19.76
2004,8,TRINCOMALEE,34.36,20.38,72.05,49.72
2004,8,VAVUNIYA,35.38,20.14,71.43,42.87
2004,8,HAMBANTOTA,30.98,21.49,79.42,56.28
2004,8,AMPARA,35.07,21.67,66.0,19.24
2004,8,ANURADHAPURA,36.77,20.14,69.3,33.75
2004,9,BATTICALOA,34.08,19.12,73.6,186.67
2004,9,JAFFNA,30.82,17.34,80.71,129.02
2004,9,MANNAR,30.98,19.79,80.16,85.53
2004,9,MONARAGALA,34.35,19.28,73.61,168.5
2004,9,MULLATIVU,31.45,17.34,80.06,122.52
2004,9,POLONNARUWA,35.18,19.12,72.82,184.33
2004,9,PUTTALAM,31.23,19.79,80.22,118.35
2004,9,TRINCOMALEE,32.94,18.39,76.03,150.21
2004,9,VAVUNIYA,33.32,17.31,77.3,101.55
2004,9,HAMBANTOTA,30.45,19.28,82.29,223.07
2004,9,AMPARA,34.08,19.12,73.6,186.67
2004,9,ANURADHAPURA,34.19,17.31,75.08,101.28
2004,10,BATTICALOA,32.34,18.18,81.49,264.44
2004,10,JAFFNA,30.08,17.36,81.68,267.25
2004,10,MANNAR,31.02,19.4,82.15,245.88
2004,10,MONARAGALA,33.15,18.69,83.78,217.49
2004,10,MULLATIVU,31.31,17.36,81.68,262.62
2004,10,POLONNARUWA,33.61,18.18,84.2,279.13
2004,10,PUTTALAM,30.9,19.4,84.49,221.79
2004,10,TRINCOMALEE,32.69,18.66,81.6,264.54
2004,10,VAVUNIYA,33.98,17.39,81.78,255.91
2004,10,HAMBANTOTA,29.07,18.69,86.03,288.66
2004,10,AMPARA,32.34,18.18,81.49,264.44
2004,10,ANURADHAPURA,34.63,17.39,82.59,241.71
2004,11,BATTICALOA,28.57,14.2,84.95,280.4
2004,11,JAFFNA,29.04,13.25,83.67,288.38
2004,11,MANNAR,29.33,15.39,86.03,260.65
2004,11,MONARAGALA,27.99,15.05,91.68,241.88
2004,11,MULLATIVU,29.02,13.25,83.11,289.99
2004,11,POLONNARUWA,29.48,14.2,88.75,276.37
2004,11,PUTTALAM,30.19,15.39,87.17,179.83
2004,11,TRINCOMALEE,28.97,14.44,84.8,262.57
2004,11,VAVUNIYA,29.47,13.25,87.33,268.24
2004,11,HAMBANTOTA,28.98,15.05,86.39,303.72
2004,11,AMPARA,28.57,14.2,84.95,280.4
2004,11,ANURADHAPURA,29.75,13.25,89.05,223.79
2004,12,BATTICALOA,28.2,13.8,81.36,489.79
2004,12,JAFFNA,28.03,14.52,79.42,188.52
2004,12,MANNAR,28.76,15.56,82.59,202.3
2004,12,MONARAGALA,28.16,15.28,91.11,333.74
2004,12,MULLATIVU,28.12,14.52,79.11,246.49
2004,12,POLONNARUWA,29.04,13.8,85.89,480.23
2004,12,PUTTALAM,29.74,15.56,84.77,134.29
2004,12,TRINCOMALEE,28.2,14.64,80.78,403.66
2004,12,VAVUNIYA,29.06,14.03,84.41,274.53
2004,12,HAMBANTOTA,28.6,15.28,84.15,360.63
2004,12,AMPARA,28.2,13.8,81.36,489.79
2004,12,ANURADHAPURA,29.68,14.03,86.85,275.27
2005,1,BATTICALOA,28.12,14.43,81.94,139.4
2005,1,JAFFNA,28.27,16.67,78.34,76.79
2005,1,MANNAR,28.9,18.61,81.91,88.61
2005,1,MONARAGALA,27.67,15.37,91.49,92.66
2005,1,MULLATIVU,27.99,16.67,78.66,105.07
2005,1,POLONNARUWA,28.52,14.43,86.19,173.8
2005,1,PUTTALAM,30.26,18.61,83.02,74.41
2005,1,TRINCOMALEE,28.22,15.64,81.01,217.42
2005,1,VAVUNIYA,28.83,15.81,84.32,128.46
2005,1,HAMBANTOTA,28.4,15.37,84.46,114.64
2005,1,AMPARA,28.12,14.43,81.94,139.4
2005,1,ANURADHAPURA,29.42,15.81,86.89,131.29
2005,2,BATTICALOA,28.8,21.17,78.01,22.96
2005,2,JAFFNA,30.19,22.08,75.75,2.71
2005,2,MANNAR,31.12,23.15,78.68,5.06
2005,2,MONARAGALA,29.01,22.12,87.29,19.84
2005,2,MULLATIVU,29.11,22.08,77.15,2.14
2005,2,POLONNARUWA,29.67,21.17,82.63,19.64
2005,2,PUTTALAM,33.3,23.15,76.9,25.4
2005,2,TRINCOMALEE,29.0,22.23,78.75,9.75
2005,2,VAVUNIYA,30.24,21.75,81.33,3.44
2005,2,HAMBANTOTA,29.72,22.12,79.67,21.23
2005,2,AMPARA,28.8,21.17,78.01,22.96
2005,2,ANURADHAPURA,31.17,21.75,83.19,9.38
2005,3,BATTICALOA,31.06,20.25,78.73,61.31
2005,3,JAFFNA,32.39,22.01,74.76,46.06
2005,3,MANNAR,34.17,23.11,74.79,51.77
2005,3,MONARAGALA,31.72,21.01,85.85,74.84
2005,3,MULLATIVU,32.48,22.01,76.98,41.53
2005,3,POLONNARUWA,33.33,20.25,81.27,51.54
2005,3,PUTTALAM,35.19,23.11,72.91,71.28
2005,3,TRINCOMALEE,32.41,21.96,78.03,39.49
2005,3,VAVUNIYA,35.13,21.39,77.29,43.91
2005,3,HAMBANTOTA,30.68,21.01,80.28,129.63
2005,3,AMPARA,31.06,20.25,78.73,61.31
2005,3,ANURADHAPURA,36.85,21.39,77.2,46.31
2005,4,BATTICALOA,32.23,20.41,80.62,122.99
2005,4,JAFFNA,31.92,19.74,78.77,192.59
2005,4,MANNAR,33.24,21.1,80.1,176.16
2005,4,MONARAGALA,32.9,20.35,84.21,118.21
2005,4,MULLATIVU,31.94,19.74,79.65,180.52
2005,4,POLONNARUWA,34.21,20.41,82.6,137.85
2005,4,PUTTALAM,33.44,21.1,79.65,157.58
2005,4,TRINCOMALEE,32.64,20.81,81.48,161.0
2005,4,VAVUNIYA,34.02,19.79,81.88,170.44
2005,4,HAMBANTOTA,30.49,20.35,82.36,152.92
2005,4,AMPARA,32.23,20.41,80.62,122.99
2005,4,ANURADHAPURA,34.49,19.79,82.52,151.9
2005,5,BATTICALOA,33.27,20.86,75.98,59.17
2005,5,JAFFNA,31.82,21.26,80.06,59.08
2005,5,MANNAR,32.71,21.53,79.54,46.88
2005,5,MONARAGALA,34.92,20.37,79.36,85.21
2005,5,MULLATIVU,32.91,21.26,79.62,57.75
2005,5,POLONNARUWA,36.48,20.86,74.61,44.7
2005,5,PUTTALAM,32.83,21.53,79.34,56.93
2005,5,TRINCOMALEE,34.32,21.01,76.11,51.62
2005,5,VAVUNIYA,34.99,20.96,78.63,46.78
2005,5,HAMBANTOTA,30.89,20.37,83.98,146.25
2005,5,AMPARA,33.27,20.86,75.98,59.17
2005,5,ANURADHAPURA,35.88,20.96,76.94,37.09
2005,6,BATTICALOA,34.94,20.99,71.92,31.16
2005,6,JAFFNA,31.08,20.26,80.11,9.44
2005,6,MANNAR,31.53,20.41,79.23,4.36
2005,6,MONARAGALA,34.68,20.58,73.77,39.46
2005,6,MULLATIVU,32.03,20.26,79.06,21.37
2005,6,POLONNARUWA,36.02,20.99,72.57,17.84
2005,6,PUTTALAM,31.55,20.41,80.94,43.57
2005,6,TRINCOMALEE,34.47,20.73,75.2,10.39
2005,6,VAVUNIYA,34.9,19.35,75.5,11.86
2005,6,HAMBANTOTA,30.21,20.58,84.12,93.79
2005,6,AMPARA,34.94,20.99,71.92,31.16
2005,6,ANURADHAPURA,36.07,19.35,74.23,9.94
2005,7,BATTICALOA,34.52,19.98,70.52,45.02
2005,7,JAFFNA,30.41,19.98,80.74,16.47
2005,7,MANNAR,31.0,20.26,79.86,9.69
2005,7,MONARAGALA,34.57,19.89,71.71,54.7
2005,7,MULLATIVU,31.42,19.98,79.32,35.56
2005,7,POLONNARUWA,36.02,19.98,71.08,32.34
2005,7,PUTTALAM,31.71,20.26,81.88,50.8
2005,7,TRINCOMALEE,34.27,20.1,74.28,23.1
2005,7,VAVUNIYA,34.14,19.11,74.95,23.54
2005,7,HAMBANTOTA,30.25,19.89,84.05,131.16
2005,7,AMPARA,34.52,19.98,70.52,45.02
2005,7,ANURADHAPURA,35.8,19.11,73.59,24.54
2005,8,BATTICALOA,35.02,21.81,66.99,24.72
2005,8,JAFFNA,31.43,21.85,76.57,32.07
2005,8,MANNAR,32.42,22.87,76.08,26.32
2005,8,MONARAGALA,35.65,21.22,63.58,18.47
2005,8,MULLATIVU,32.3,21.85,75.1,46.96
2005,8,POLONNARUWA,37.08,21.81,66.87,28.2
2005,8,PUTTALAM,32.31,22.87,77.07,21.54
2005,8,TRINCOMALEE,35.1,21.65,71.2,40.69
2005,8,VAVUNIYA,36.19,21.1,70.64,46.62
2005,8,HAMBANTOTA,30.45,21.22,80.83,48.76
2005,8,AMPARA,35.02,21.81,66.99,24.72
2005,8,ANURADHAPURA,37.76,21.1,68.88,37.2
2005,9,BATTICALOA,35.71,19.84,69.86,75.4
2005,9,JAFFNA,30.7,19.76,79.59,28.75
2005,9,MANNAR,31.62,21.66,78.18,7.73
2005,9,MONARAGALA,35.89,20.77,66.87,56.55
2005,9,MULLATIVU,31.81,19.76,77.65,33.02
2005,9,POLONNARUWA,36.86,19.84,69.81,51.75
2005,9,PUTTALAM,32.57,21.66,78.48,36.5
2005,9,TRINCOMALEE,34.82,19.65,72.06,25.09
2005,9,VAVUNIYA,35.23,19.64,71.91,13.94
2005,9,HAMBANTOTA,30.41,20.77,81.8,90.89
2005,9,AMPARA,35.71,19.84,69.86,75.4
2005,9,ANURADHAPURA,37.05,19.64,69.51,11.55
2005,10,BATTICALOA,32.84,18.96,75.27,137.64
2005,10,JAFFNA,31.11,17.01,79.57,191.4
2005,10,MANNAR,32.36,19.62,80.58,162.12
2005,10,MONARAGALA,36.42,18.45,76.19,145.4
2005,10,MULLATIVU,31.8,17.01,79.13,197.25
2005,10,POLONNARUWA,36.26,18.96,77.81,165.61
2005,10,PUTTALAM,32.6,19.62,83.49,244.45
2005,10,TRINCOMALEE,33.44,19.17,78.1,174.72
2005,10,VAVUNIYA,34.94,17.89,79.26,183.07
2005,10,HAMBANTOTA,30.61,18.45,83.55,279.61
2005,10,AMPARA,32.84,18.96,75.27,137.64
2005,10,ANURADHAPURA,36.49,17.89,79.68,184.76
2005,11,BATTICALOA,29.96,15.33,85.36,333.95
2005,11,JAFFNA,28.58,11.82,84.79,477.8
2005,11,MANNAR,28.88,13.41,86.22,393.06
2005,11,MONARAGALA,29.14,16.38,89.01,358.38
2005,11,MULLATIVU,29.38,11.82,84.63,453.06
2005,11,POLONNARUWA,30.65,15.33,88.28,370.49
2005,11,PUTTALAM,29.15,13.41,87.6,331.76
2005,11,TRINCOMALEE,30.29,13.68,85.12,446.06
2005,11,VAVUNIYA,30.35,13.25,88.15,405.89
2005,11,HAMBANTOTA,29.07,16.38,84.5,413.93
2005,11,AMPARA,29.96,15.33,85.36,333.95
2005,11,ANURADHAPURA,29.99,13.25,89.88,347.49
2005,12,BATTICALOA,29.59,15.74,83.17,130.08
2005,12,JAFFNA,27.92,15.38,81.99,108.91
2005,12,MANNAR,28.58,16.71,83.36,92.34
2005,12,MONARAGALA,29.63,17.74,88.5,139.84
2005,12,MULLATIVU,28.0,15.38,82.41,118.7
2005,12,POLONNARUWA,29.79,15.74,86.68,124.19
2005,12,PUTTALAM,29.28,16.71,84.61,101.22
2005,12,TRINCOMALEE,29.22,15.83,83.78,112.04
2005,12,VAVUNIYA,29.41,14.83,86.26,101.38
2005,12,HAMBANTOTA,29.01,17.74,82.45,154.38
2005,12,AMPARA,29.59,15.74,83.17,130.08
2005,12,ANURADHAPURA,29.87,14.83,87.86,98.59
2006,1,BATTICALOA,27.75,14.44,83.24,245.34
2006,1,JAFFNA,27.46,16.15,80.27,56.21
2006,1,MANNAR,28.02,17.19,83.19,68.68
2006,1,MONARAGALA,26.81,17.01,91.38,251.72
2006,1,MULLATIVU,27.1,16.15,81.26,88.35
2006,1,POLONNARUWA,27.88,14.44,86.78,203.27
2006,1,PUTTALAM,28.95,17.19,85.28,112.32
2006,1,TRINCOMALEE,27.26,15.78,83.86,164.14
2006,1,VAVUNIYA,28.28,15.03,85.75,107.07
2006,1,HAMBANTOTA,27.95,17.01,85.11,249.91
2006,1,AMPARA,27.75,14.44,83.24,245.34
2006,1,ANURADHAPURA,28.81,15.03,88.02,131.18
2006,2,BATTICALOA,28.17,17.29,82.15,81.45
2006,2,JAFFNA,29.82,20.23,77.12,7.51
2006,2,MANNAR,31.12,21.4,78.48,11.97
2006,2,MONARAGALA,28.72,18.45,89.64,69.63
2006,2,MULLATIVU,29.14,20.23,78.51,16.08
2006,2,POLONNARUWA,29.58,17.29,84.63,70.8
2006,2,PUTTALAM,31.27,21.4,81.59,31.84
2006,2,TRINCOMALEE,28.36,19.56,80.6,39.86
2006,2,VAVUNIYA,30.55,19.22,81.55,21.36
2006,2,HAMBANTOTA,28.77,18.45,83.46,92.71
2006,2,AMPARA,28.17,17.29,82.15,81.45
2006,2,ANURADHAPURA,31.13,19.22,83.56,30.31
2006,3,BATTICALOA,30.7,21.33,80.04,91.61
2006,3,JAFFNA,31.51,21.42,75.12,85.14
2006,3,MANNAR,32.59,22.59,76.04,105.86
2006,3,MONARAGALA,30.91,20.28,86.43,106.32
2006,3,MULLATIVU,32.09,21.42,77.4,84.21
2006,3,POLONNARUWA,33.39,21.33,81.2,79.98
2006,3,PUTTALAM,31.95,22.59,80.78,160.28
2006,3,TRINCOMALEE,32.72,21.88,78.74,66.92
2006,3,VAVUNIYA,34.7,20.65,78.59,101.05
2006,3,HAMBANTOTA,30.51,20.28,81.59,129.86
2006,3,AMPARA,30.7,21.33,80.04,91.61
2006,3,ANURADHAPURA,35.56,20.65,80.38,119.89
2006,4,BATTICALOA,34.5,21.26,75.14,52.96
2006,4,JAFFNA,32.75,22.24,72.84,44.95
2006,4,MANNAR,33.8,22.25,73.1,56.08
2006,4,MONARAGALA,34.03,20.59,81.41,63.8
2006,4,MULLATIVU,33.52,22.24,73.3,63.45
2006,4,POLONNARUWA,37.2,21.26,72.6,44.28
2006,4,PUTTALAM,32.94,22.25,76.31,62.11
2006,4,TRINCOMALEE,35.17,21.71,73.74,46.7
2006,4,VAVUNIYA,36.41,21.69,72.28,76.5
2006,4,HAMBANTOTA,30.75,20.59,81.31,95.86
2006,4,AMPARA,34.5,21.26,75.14,52.96
2006,4,ANURADHAPURA,37.63,21.69,73.14,78.48
2006,5,BATTICALOA,33.55,21.05,74.79,73.48
2006,5,JAFFNA,31.47,21.28,78.94,35.61
2006,5,MANNAR,32.23,21.67,78.29,25.97
2006,5,MONARAGALA,34.54,20.55,78.6,86.39
2006,5,MULLATIVU,32.79,21.28,77.99,50.43
2006,5,POLONNARUWA,36.67,21.05,73.74,63.17
2006,5,PUTTALAM,32.65,21.67,80.3,95.58
2006,5,TRINCOMALEE,34.62,21.04,75.8,53.99
2006,5,VAVUNIYA,35.5,20.27,76.32,45.08
2006,5,HAMBANTOTA,30.49,20.55,82.9,166.81
2006,5,AMPARA,33.55,21.05,74.79,73.48
2006,5,ANURADHAPURA,36.34,20.27,77.07,55.64
2006,6,BATTICALOA,34.16,21.3,70.71,28.34
2006,6,JAFFNA,31.64,21.0,76.92,9.54
2006,6,MANNAR,32.58,21.81,76.08,2.3
2006,6,MONARAGALA,34.73,20.32,71.83,33.52
2006,6,MULLATIVU,32.72,21.0,75.59,20.38
2006,6,POLONNARUWA,36.29,21.3,69.97,15.96
2006,6,PUTTALAM,32.0,21.81,79.53,31.47
2006,6,TRINCOMALEE,34.49,20.93,72.92,10.75
2006,6,VAVUNIYA,36.0,21.22,71.77,10.3
2006,6,HAMBANTOTA,30.26,20.32,82.7,87.07
2006,6,AMPARA,34.16,21.3,70.71,28.34
2006,6,ANURADHAPURA,36.49,21.22,71.99,6.33
2006,7,BATTICALOA,33.45,19.77,69.53,46.13
2006,7,JAFFNA,31.47,19.51,77.11,7.18
2006,7,MANNAR,32.24,19.82,77.16,5.26
2006,7,MONARAGALA,34.94,19.43,65.68,36.28
2006,7,MULLATIVU,32.53,19.51,75.25,18.52
2006,7,POLONNARUWA,35.45,19.77,69.65,30.31
2006,7,PUTTALAM,31.38,19.82,81.02,34.98
2006,7,TRINCOMALEE,34.47,19.4,72.07,23.49
2006,7,VAVUNIYA,35.78,19.3,70.46,12.74
2006,7,HAMBANTOTA,29.98,19.43,84.27,96.3
2006,7,AMPARA,33.45,19.77,69.53,46.13
2006,7,ANURADHAPURA,36.81,19.3,70.18,14.21
2006,8,BATTICALOA,34.76,21.72,70.14,64.99
2006,8,JAFFNA,30.89,21.89,78.19,77.46
2006,8,MANNAR,31.82,22.63,77.84,61.26
2006,8,MONARAGALA,36.2,20.62,68.93,66.66
2006,8,MULLATIVU,32.61,21.89,75.86,68.02
2006,8,POLONNARUWA,37.3,21.72,68.81,65.4
2006,8,PUTTALAM,32.39,22.63,79.86,85.41
2006,8,TRINCOMALEE,35.18,21.42,71.64,60.24
2006,8,VAVUNIYA,36.07,20.93,71.51,60.9
2006,8,HAMBANTOTA,30.18,20.62,83.52,141.49
2006,8,AMPARA,34.76,21.72,70.14,64.99
2006,8,ANURADHAPURA,37.65,20.93,70.53,57.4
2006,9,BATTICALOA,33.08,20.17,76.17,74.54
2006,9,JAFFNA,30.19,19.85,80.89,74.92
2006,9,MANNAR,30.7,20.89,80.66,66.99
2006,9,MONARAGALA,32.6,19.23,76.96,116.78
2006,9,MULLATIVU,31.68,19.85,79.95,89.27
2006,9,POLONNARUWA,34.79,20.17,72.03,52.07
2006,9,PUTTALAM,31.04,20.89,81.67,107.32
2006,9,TRINCOMALEE,33.16,20.05,75.43,68.72
2006,9,VAVUNIYA,33.51,19.33,77.59,80.14
2006,9,HAMBANTOTA,29.19,19.23,83.53,216.64
2006,9,AMPARA,33.08,20.17,76.17,74.54
2006,9,ANURADHAPURA,34.67,19.33,76.21,71.01
2006,10,BATTICALOA,34.53,18.79,77.99,265.42
2006,10,JAFFNA,30.54,17.88,80.1,289.32
2006,10,MANNAR,31.19,19.33,80.73,295.2
2006,10,MONARAGALA,34.64,18.37,81.56,308.14
2006,10,MULLATIVU,31.47,17.88,80.72,295.67
2006,10,POLONNARUWA,35.85,18.79,77.95,265.13
2006,10,PUTTALAM,31.53,19.33,83.35,439.56
2006,10,TRINCOMALEE,33.79,19.14,79.52,257.41
2006,10,VAVUNIYA,34.38,17.96,80.54,293.82
2006,10,HAMBANTOTA,29.22,18.37,83.89,392.16
2006,10,AMPARA,34.53,18.79,77.99,265.42
2006,10,ANURADHAPURA,35.64,17.96,81.33,299.19
2006,11,BATTICALOA,28.8,15.43,84.22,334.82
2006,11,JAFFNA,28.64,15.4,84.19,257.54
2006,11,MANNAR,29.32,16.94,86.12,254.2
2006,11,MONARAGALA,28.09,16.44,91.74,321.52
2006,11,MULLATIVU,28.59,15.4,84.6,289.26
2006,11,POLONNARUWA,29.99,15.43,87.77,308.97
2006,11,PUTTALAM,29.6,16.94,88.25,308.72
2006,11,TRINCOMALEE,28.89,16.25,84.94,286.58
2006,11,VAVUNIYA,29.57,15.42,87.68,284.04
2006,11,HAMBANTOTA,28.43,16.44,85.48,396.47
2006,11,AMPARA,28.8,15.43,84.22,334.82
2006,11,ANURADHAPURA,29.84,15.42,89.7,276.09
2006,12,BATTICALOA,28.43,12.2,79.52,254.38
2006,12,JAFFNA,28.52,15.67,75.3,55.11
2006,12,MANNAR,28.79,16.21,79.11,58.8
2006,12,MONARAGALA,27.15,12.59,91.26,228.67
2006,12,MULLATIVU,28.51,15.67,75.53,70.18
2006,12,POLONNARUWA,28.58,12.2,84.16,221.95
2006,12,PUTTALAM,29.26,16.21,84.09,95.96
2006,12,TRINCOMALEE,28.57,14.21,78.28,160.98
2006,12,VAVUNIYA,28.83,14.23,81.49,83.06
2006,12,HAMBANTOTA,28.45,12.59,84.85,330.26
2006,12,AMPARA,28.43,12.2,79.52,254.38
2006,12,ANURADHAPURA,29.02,14.23,84.97,115.01
2007,1,BATTICALOA,28.12,14.73,78.55,156.87
2007,1,JAFFNA,29.06,16.47,75.37,24.07
2007,1,MANNAR,30.07,18.18,77.53,30.02
2007,1,MONARAGALA,27.03,16.76,90.1,181.03
2007,1,MULLATIVU,28.73,16.47,75.72,32.49
2007,1,POLONNARUWA,28.51,14.73,83.11,117.62
2007,1,PUTTALAM,29.64,18.18,82.48,48.5
2007,1,TRINCOMALEE,28.44,16.02,77.82,77.62
2007,1,VAVUNIYA,29.74,15.81,79.87,41.55
2007,1,HAMBANTOTA,28.29,16.76,82.71,250.11
2007,1,AMPARA,28.12,14.73,78.55,156.87
2007,1,ANURADHAPURA,29.04,15.81,83.82,59.58
2007,2,BATTICALOA,28.8,19.24,77.84,98.49
2007,2,JAFFNA,29.55,20.0,73.86,33.92
2007,2,MANNAR,31.68,22.24,73.07,38.2
2007,2,MONARAGALA,29.91,21.31,87.24,48.71
2007,2,MULLATIVU,30.41,20.0,74.92,43.69
2007,2,POLONNARUWA,30.85,19.24,81.67,89.13
2007,2,PUTTALAM,31.98,22.24,76.77,22.1
2007,2,TRINCOMALEE,30.39,19.76,76.13,48.7
2007,2,VAVUNIYA,33.11,19.69,74.14,50.64
2007,2,HAMBANTOTA,28.23,21.31,80.14,39.68
2007,2,AMPARA,28.8,19.24,77.84,98.49
2007,2,ANURADHAPURA,33.53,19.69,76.18,45.54
2007,3,BATTICALOA,29.79,23.98,75.58,25.74
2007,3,JAFFNA,33.3,23.95,69.14,3.7
2007,3,MANNAR,35.79,24.91,66.9,4.24
2007,3,MONARAGALA,32.66,23.76,78.74,36.46
2007,3,MULLATIVU,32.35,23.95,71.72,5.43
2007,3,POLONNARUWA,34.88,23.98,73.07,15.29
2007,3,PUTTALAM,37.18,24.91,64.11,11.34
2007,3,TRINCOMALEE,31.77,23.8,72.42,9.43
2007,3,VAVUNIYA,36.87,23.82,67.95,6.15
2007,3,HAMBANTOTA,29.99,23.76,77.43,45.43
2007,3,AMPARA,29.79,23.98,75.58,25.74
2007,3,ANURADHAPURA,38.82,23.82,66.38,9.0
2007,4,BATTICALOA,30.75,19.52,82.37,228.93
2007,4,JAFFNA,33.27,21.96,74.77,59.17
2007,4,MANNAR,35.57,23.3,73.63,71.19
2007,4,MONARAGALA,31.71,19.38,86.01,215.88
2007,4,MULLATIVU,32.35,21.96,77.06,83.37
2007,4,POLONNARUWA,34.94,19.52,81.8,211.13
2007,4,PUTTALAM,35.61,23.3,77.53,191.1
2007,4,TRINCOMALEE,32.58,21.1,79.27,154.09
2007,4,VAVUNIYA,36.38,19.76,75.09,99.75
2007,4,HAMBANTOTA,29.93,19.38,83.67,346.76
2007,4,AMPARA,30.75,19.52,82.37,228.93
2007,4,ANURADHAPURA,38.43,19.76,76.13,139.62
2007,5,BATTICALOA,33.73,22.62,76.51,19.72
2007,5,JAFFNA,32.39,21.53,76.62,13.25
2007,5,MANNAR,32.91,22.27,76.22,7.28
2007,5,MONARAGALA,33.28,22.53,78.92,28.95
2007,5,MULLATIVU,33.24,21.53,75.71,17.71
2007,5,POLONNARUWA,36.57,22.62,74.97,19.17
2007,5,PUTTALAM,32.52,22.27,79.84,27.88
2007,5,TRINCOMALEE,34.92,21.51,75.2,25.85
2007,5,VAVUNIYA,36.29,20.91,72.6,12.53
2007,5,HAMBANTOTA,30.43,22.53,85.38,56.31
2007,5,AMPARA,33.73,22.62,76.51,19.72
2007,5,ANURADHAPURA,36.83,20.91,73.95,14.29
2007,6,BATTICALOA,33.02,18.48,74.03,78.78
2007,6,JAFFNA,32.23,18.18,78.13,43.73
2007,6,MANNAR,33.14,18.89,78.07,36.35
2007,6,MONARAGALA,34.17,18.73,75.45,71.83
2007,6,MULLATIVU,33.53,18.18,77.72,66.4
2007,6,POLONNARUWA,36.7,18.48,73.81,53.95
2007,6,PUTTALAM,33.24,18.89,80.36,47.18
2007,6,TRINCOMALEE,35.03,18.01,75.31,33.04
2007,6,VAVUNIYA,36.58,18.11,74.86,53.68
2007,6,HAMBANTOTA,30.12,18.73,84.85,146.26
2007,6,AMPARA,33.02,18.48,74.03,78.78
2007,6,ANURADHAPURA,37.04,18.11,74.21,41.23
2007,7,BATTICALOA,33.09,19.52,72.32,67.78
2007,7,JAFFNA,31.09,19.11,79.17,22.11
2007,7,MANNAR,31.37,20.25,78.66,11.67
2007,7,MONARAGALA,33.37,20.11,72.35,39.92
2007,7,MULLATIVU,31.68,19.11,77.74,30.64
2007,7,POLONNARUWA,34.76,19.52,72.09,65.76
2007,7,PUTTALAM,31.26,20.25,81.7,43.21
2007,7,TRINCOMALEE,33.61,18.97,73.93,37.05
2007,7,VAVUNIYA,34.19,18.53,73.51,19.25
2007,7,HAMBANTOTA,29.29,20.11,85.01,79.05
2007,7,AMPARA,33.09,19.52,72.32,67.78
2007,7,ANURADHAPURA,35.21,18.53,73.07,23.2
2007,8,BATTICALOA,34.15,20.57,71.57,45.14
2007,8,JAFFNA,30.71,20.78,79.82,53.24
2007,8,MANNAR,31.35,21.76,78.72,30.65
2007,8,MONARAGALA,34.18,20.69,71.0,75.98
2007,8,MULLATIVU,31.65,20.78,77.71,54.52
2007,8,POLONNARUWA,35.29,20.57,72.12,41.92
2007,8,PUTTALAM,31.52,21.76,80.23,37.58
2007,8,TRINCOMALEE,34.3,20.48,73.75,51.12
2007,8,VAVUNIYA,35.33,19.7,72.86,39.1
2007,8,HAMBANTOTA,29.45,20.69,83.04,162.94
2007,8,AMPARA,34.15,20.57,71.57,45.14
2007,8,ANURADHAPURA,36.47,19.7,71.92,31.61
2007,9,BATTICALOA,33.26,19.69,74.67,59.49
2007,9,JAFFNA,30.56,20.21,79.41,71.3
2007,9,MANNAR,31.31,21.62,78.64,57.92
2007,9,MONARAGALA,33.02,19.3,76.28,90.34
2007,9,MULLATIVU,31.2,20.21,78.84,83.93
2007,9,POLONNARUWA,34.48,19.69,73.76,60.29
2007,9,PUTTALAM,31.56,21.62,80.45,106.77
2007,9,TRINCOMALEE,33.72,20.4,75.33,50.86
2007,9,VAVUNIYA,34.02,19.68,75.69,71.91
2007,9,HAMBANTOTA,29.1,19.3,84.31,192.24
2007,9,AMPARA,33.26,19.69,74.67,59.49
2007,9,ANURADHAPURA,35.73,19.68,74.84,71.7
2007,10,BATTICALOA,32.48,18.07,78.39,178.49
2007,10,JAFFNA,30.76,17.56,80.06,289.02
2007,10,MANNAR,31.47,18.61,81.08,284.1
2007,10,MONARAGALA,32.14,17.71,81.48,209.93
2007,10,MULLATIVU,31.58,17.56,80.88,328.58
2007,10,POLONNARUWA,34.12,18.07,80.41,201.98
2007,10,PUTTALAM,31.65,18.61,82.92,260.5
2007,10,TRINCOMALEE,32.75,18.42,80.01,260.0
2007,10,VAVUNIYA,34.33,17.02,81.58,337.56
2007,10,HAMBANTOTA,29.65,17.71,85.11,327.32
2007,10,AMPARA,32.48,18.07,78.39,178.49
2007,10,ANURADHAPURA,34.97,17.02,82.31,315.09
2007,11,BATTICALOA,29.23,18.03,79.2,142.91
2007,11,JAFFNA,28.9,17.3,78.17,137.48
2007,11,MANNAR,29.28,18.6,80.53,130.45
2007,11,MONARAGALA,29.08,18.73,86.97,134.89
2007,11,MULLATIVU,28.73,17.3,79.08,146.9
2007,11,POLONNARUWA,30.19,18.03,82.0,142.18
2007,11,PUTTALAM,29.72,18.6,83.31,168.11
2007,11,TRINCOMALEE,29.47,18.4,79.82,132.83
2007,11,VAVUNIYA,29.93,17.61,82.99,139.09
2007,11,HAMBANTOTA,29.97,18.73,81.15,205.86
2007,11,AMPARA,29.23,18.03,79.2,142.91
2007,11,ANURADHAPURA,29.88,17.61,85.68,149.88
2007,12,BATTICALOA,29.26,12.91,81.5,300.44
2007,12,JAFFNA,28.3,14.55,80.72,233.27
2007,12,MANNAR,28.65,15.3,83.19,191.24
2007,12,MONARAGALA,28.08,14.61,89.74,232.45
2007,12,MULLATIVU,28.15,14.55,80.37,267.93
2007,12,POLONNARUWA,30.23,12.91,83.85,298.09
2007,12,PUTTALAM,29.67,15.3,85.4,200.11
2007,12,TRINCOMALEE,28.89,14.12,81.18,267.1
2007,12,VAVUNIYA,28.7,13.72,84.79,238.37
2007,12,HAMBANTOTA,28.52,14.61,84.01,238.95
2007,12,AMPARA,29.26,12.91,81.5,300.44
2007,12,ANURADHAPURA,29.13,13.72,87.29,229.47
2008,1,BATTICALOA,28.0,14.98,81.83,183.99
2008,1,JAFFNA,28.64,18.35,77.87,11.33
2008,1,MANNAR,29.48,19.15,79.95,12.73
2008,1,MONARAGALA,28.39,16.69,89.79,145.0
2008,1,MULLATIVU,28.35,18.35,78.54,20.34
2008,1,POLONNARUWA,29.52,14.98,84.94,131.62
2008,1,PUTTALAM,30.07,19.15,82.71,27.63
2008,1,TRINCOMALEE,28.81,16.67,80.58,76.28
2008,1,VAVUNIYA,30.01,16.81,82.6,27.33
2008,1,HAMBANTOTA,28.79,16.69,82.96,141.72
2008,1,AMPARA,28.0,14.98,81.83,183.99
2008,1,ANURADHAPURA,30.35,16.81,85.32,40.67
2008,2,BATTICALOA,28.54,18.72,79.79,141.61
2008,2,JAFFNA,29.75,19.52,76.01,50.78
2008,2,MANNAR,31.04,20.65,77.17,68.44
2008,2,MONARAGALA,28.48,19.38,87.52,123.66
2008,2,MULLATIVU,28.82,19.52,77.44,75.28
2008,2,POLONNARUWA,29.59,18.72,82.79,127.32
2008,2,PUTTALAM,31.56,20.65,78.83,79.35
2008,2,TRINCOMALEE,28.74,19.61,79.27,101.42
2008,2,VAVUNIYA,30.28,19.27,80.6,103.34
2008,2,HAMBANTOTA,28.77,19.38,80.68,112.44
2008,2,AMPARA,28.54,18.72,79.79,141.61
2008,2,ANURADHAPURA,30.63,19.27,83.21,106.09
2008,3,BATTICALOA,30.21,18.61,83.31,327.72
2008,3,JAFFNA,29.92,19.24,80.83,188.37
2008,3,MANNAR,31.23,20.11,82.32,190.95
2008,3,MONARAGALA,29.86,18.58,89.3,308.89
2008,3,MULLATIVU,29.79,19.24,82.16,223.77
2008,3,POLONNARUWA,30.93,18.61,86.94,319.32
2008,3,PUTTALAM,31.61,20.11,83.24,261.1
2008,3,TRINCOMALEE,30.53,18.78,83.45,284.82
2008,3,VAVUNIYA,31.34,18.15,84.82,238.52
2008,3,HAMBANTOTA,29.33,18.58,83.09,350.78
2008,3,AMPARA,30.21,18.61,83.31,327.72
2008,3,ANURADHAPURA,31.92,18.15,86.29,259.15
2008,4,BATTICALOA,31.22,19.2,81.4,156.9
2008,4,JAFFNA,31.37,21.51,78.64,86.82
2008,4,MANNAR,31.31,22.08,80.87,110.73
2008,4,MONARAGALA,30.92,19.17,86.95,221.47
2008,4,MULLATIVU,31.79,21.51,79.91,96.11
2008,4,POLONNARUWA,32.34,19.2,84.41,119.1
2008,4,PUTTALAM,30.81,22.08,84.13,185.02
2008,4,TRINCOMALEE,31.75,20.97,81.56,92.61
2008,4,VAVUNIYA,32.5,20.83,83.45,110.81
2008,4,HAMBANTOTA,29.84,19.17,84.15,344.41
2008,4,AMPARA,31.22,19.2,81.4,156.9
2008,4,ANURADHAPURA,32.44,20.83,85.88,130.35
2008,5,BATTICALOA,31.21,22.59,81.62,19.18
2008,5,JAFFNA,31.21,22.23,80.83,17.44
2008,5,MANNAR,31.33,22.75,81.02,7.42
2008,5,MONARAGALA,30.38,21.47,86.5,40.86
2008,5,MULLATIVU,31.53,22.23,82.01,12.85
2008,5,POLONNARUWA,31.65,22.59,86.08,3.66
2008,5,PUTTALAM,30.28,22.75,84.95,16.76
2008,5,TRINCOMALEE,31.81,22.37,83.42,2.09
2008,5,VAVUNIYA,32.7,21.53,82.84,5.67
2008,5,HAMBANTOTA,29.15,21.47,84.77,68.03
2008,5,AMPARA,31.21,22.59,81.62,19.18
2008,5,ANURADHAPURA,32.21,21.53,85.15,1.83
2008,6,BATTICALOA,31.59,19.7,78.37,72.2
2008,6,JAFFNA,31.69,20.89,77.43,12.63
2008,6,MANNAR,32.08,21.48,76.71,6.97
2008,6,MONARAGALA,30.16,19.22,84.23,66.86
2008,6,MULLATIVU,32.13,20.89,77.62,28.13
2008,6,POLONNARUWA,32.78,19.7,82.08,67.87
2008,6,PUTTALAM,30.48,21.48,82.04,24.12
2008,6,TRINCOMALEE,32.63,20.11,78.57,56.07
2008,6,VAVUNIYA,33.78,19.94,75.87,21.92
2008,6,HAMBANTOTA,29.01,19.22,85.09,146.16
2008,6,AMPARA,31.59,19.7,78.37,72.2
2008,6,ANURADHAPURA,33.79,19.94,77.56,25.0
2008,7,BATTICALOA,32.19,20.89,75.2,34.97
2008,7,JAFFNA,31.46,20.65,77.03,27.51
2008,7,MANNAR,32.03,20.97,76.25,17.93
2008,7,MONARAGALA,31.24,20.28,80.96,60.22
2008,7,MULLATIVU,32.09,20.65,76.72,42.36
2008,7,POLONNARUWA,34.26,20.89,74.96,31.69
2008,7,PUTTALAM,31.56,20.97,80.64,57.38
2008,7,TRINCOMALEE,33.47,20.74,76.08,29.81
2008,7,VAVUNIYA,34.9,19.75,73.8,34.5
2008,7,HAMBANTOTA,29.37,20.28,85.26,150.67
2008,7,AMPARA,32.19,20.89,75.2,34.97
2008,7,ANURADHAPURA,35.76,19.75,74.56,30.12
2008,8,BATTICALOA,33.68,20.86,73.54,37.82
2008,8,JAFFNA,30.49,19.72,78.61,53.74
2008,8,MANNAR,31.39,20.61,77.63,35.32
2008,8,MONARAGALA,32.99,20.31,75.57,51.44
2008,8,MULLATIVU,31.63,19.72,77.26,53.81
2008,8,POLONNARUWA,34.77,20.86,71.46,36.03
2008,8,PUTTALAM,31.08,20.61,80.17,48.78
2008,8,TRINCOMALEE,33.49,20.22,74.35,49.28
2008,8,VAVUNIYA,34.58,18.97,73.53,41.21
2008,8,HAMBANTOTA,28.73,20.31,84.14,85.6
2008,8,AMPARA,33.68,20.86,73.54,37.82
2008,8,ANURADHAPURA,35.47,18.97,72.82,37.57
2008,9,BATTICALOA,34.52,22.85,70.28,30.72
2008,9,JAFFNA,31.19,21.32,75.95,11.94
2008,9,MANNAR,32.57,23.36,74.33,5.59
2008,9,MONARAGALA,35.74,22.61,71.41,39.61
2008,9,MULLATIVU,32.62,21.32,73.59,16.43
2008,9,POLONNARUWA,37.23,22.85,68.22,19.27
2008,9,PUTTALAM,32.54,23.36,77.21,32.23
2008,9,TRINCOMALEE,35.91,21.79,69.96,13.43
2008,9,VAVUNIYA,36.69,21.59,67.92,6.7
2008,9,HAMBANTOTA,29.85,22.61,82.1,81.44
2008,9,AMPARA,34.52,22.85,70.28,30.72
2008,9,ANURADHAPURA,38.4,21.59,67.24,7.59
2008,10,BATTICALOA,32.66,18.89,76.23,132.26
2008,10,JAFFNA,31.88,19.18,76.05,164.33
2008,10,MANNAR,33.5,19.1,76.18,145.32
2008,10,MONARAGALA,34.93,18.64,78.1,154.9
2008,10,MULLATIVU,32.77,19.18,76.64,173.45
2008,10,POLONNARUWA,37.17,18.89,74.57,138.53
2008,10,PUTTALAM,33.0,19.1,78.96,250.07
2008,10,TRINCOMALEE,35.15,19.62,76.58,127.89
2008,10,VAVUNIYA,36.54,17.95,76.13,154.3
2008,10,HAMBANTOTA,30.15,18.64,81.02,212.98
2008,10,AMPARA,32.66,18.89,76.23,132.26
2008,10,ANURADHAPURA,38.07,17.95,76.65,157.68
2008,11,BATTICALOA,30.83,15.82,80.67,202.44
2008,11,JAFFNA,30.4,14.3,77.75,247.91
2008,11,MANNAR,31.51,15.76,78.48,211.48
2008,11,MONARAGALA,32.32,16.41,84.15,185.94
2008,11,MULLATIVU,30.72,14.3,78.79,284.71
2008,11,POLONNARUWA,33.37,15.82,81.44,255.37
2008,11,PUTTALAM,31.29,15.76,81.53,186.92
2008,11,TRINCOMALEE,30.93,15.16,80.11,333.9
2008,11,VAVUNIYA,32.53,14.57,80.35,255.83
2008,11,HAMBANTOTA,29.74,16.41,80.93,234.43
2008,11,AMPARA,30.83,15.82,80.67,202.44
2008,11,ANURADHAPURA,34.08,14.57,81.48,240.23
2008,12,BATTICALOA,28.6,14.89,80.04,162.12
2008,12,JAFFNA,28.23,15.19,78.95,137.36
2008,12,MANNAR,29.19,16.57,81.7,145.04
2008,12,MONARAGALA,28.22,17.5,89.16,124.07
2008,12,MULLATIVU,28.09,15.19,78.54,170.66
2008,12,POLONNARUWA,29.2,14.89,84.59,177.36
2008,12,PUTTALAM,30.17,16.57,83.82,106.47
2008,12,TRINCOMALEE,28.28,14.95,80.2,187.58
2008,12,VAVUNIYA,29.22,14.68,83.67,183.31
2008,12,HAMBANTOTA,28.68,17.5,81.86,135.1
2008,12,AMPARA,28.6,14.89,80.04,162.12
2008,12,ANURADHAPURA,29.65,14.68,86.28,180.93
2009,1,BATTICALOA,28.43,16.46,75.63,105.84
2009,1,JAFFNA,28.07,17.53,74.37,17.76
2009,1,MANNAR,29.65,18.8,76.64,22.72
2009,1,MONARAGALA,29.22,19.02,84.76,64.15
2009,1,MULLATIVU,27.87,17.53,74.53,30.71
2009,1,POLONNARUWA,29.37,16.46,80.68,112.21
2009,1,PUTTALAM,31.45,18.8,77.96,35.24
2009,1,TRINCOMALEE,28.02,17.06,76.18,102.09
2009,1,VAVUNIYA,29.33,17.09,79.28,43.09
2009,1,HAMBANTOTA,28.62,19.02,77.92,52.83
2009,1,AMPARA,28.43,16.46,75.63,105.84
2009,1,ANURADHAPURA,29.98,17.09,82.21,59.83
2009,2,BATTICALOA,30.76,21.44,71.03,1.58
2009,2,JAFFNA,31.63,22.81,70.19,0.08
2009,2,MANNAR,33.86,23.73,68.67,0.08
2009,2,MONARAGALA,34.79,22.22,73.46,3.87
2009,2,MULLATIVU,30.92,22.81,71.03,0.24
2009,2,POLONNARUWA,34.34,21.44,70.7,0.32
2009,2,PUTTALAM,35.84,23.73,66.48,0.05
2009,2,TRINCOMALEE,31.27,22.24,72.25,0.09
2009,2,VAVUNIYA,35.03,22.05,69.82,0.15
2009,2,HAMBANTOTA,30.69,22.22,73.43,5.4
2009,2,AMPARA,30.76,21.44,71.03,1.58
2009,2,ANURADHAPURA,36.99,22.05,70.52,0.07
2009,3,BATTICALOA,31.01,21.98,77.03,153.7
2009,3,JAFFNA,32.51,22.1,72.49,83.77
2009,3,MANNAR,35.14,23.55,70.88,84.35
2009,3,MONARAGALA,35.16,22.73,75.57,151.65
2009,3,MULLATIVU,31.7,22.1,75.27,101.93
2009,3,POLONNARUWA,35.19,21.98,75.98,163.46
2009,3,PUTTALAM,36.85,23.55,70.79,161.24
2009,3,TRINCOMALEE,32.39,22.37,77.3,166.06
2009,3,VAVUNIYA,36.12,21.66,73.53,107.97
2009,3,HAMBANTOTA,31.45,22.73,77.2,169.07
2009,3,AMPARA,31.01,21.98,77.03,153.7
2009,3,ANURADHAPURA,38.13,21.66,74.13,133.97
2009,4,BATTICALOA,31.93,20.42,80.54,226.95
2009,4,JAFFNA,32.81,21.24,75.6,64.82
2009,4,MANNAR,34.9,21.53,74.77,78.02
2009,4,MONARAGALA,32.23,20.42,84.03,197.05
2009,4,MULLATIVU,33.18,21.24,77.32,95.44
2009,4,POLONNARUWA,33.6,20.42,81.67,218.33
2009,4,PUTTALAM,34.29,21.53,79.35,131.88
2009,4,TRINCOMALEE,32.77,21.05,80.19,201.54
2009,4,VAVUNIYA,35.27,19.94,76.5,118.03
2009,4,HAMBANTOTA,30.9,20.42,82.19,212.4
2009,4,AMPARA,31.93,20.42,80.54,226.95
2009,4,ANURADHAPURA,36.09,19.94,79.1,145.74
2009,5,BATTICALOA,32.84,20.4,75.92,37.73
2009,5,JAFFNA,32.2,20.52,79.35,21.97
2009,5,MANNAR,33.2,20.96,78.61,9.46
2009,5,MONARAGALA,34.0,19.88,77.74,79.19
2009,5,MULLATIVU,33.51,20.52,78.83,32.28
2009,5,POLONNARUWA,35.49,20.4,77.58,22.67
2009,5,PUTTALAM,32.5,20.96,81.66,35.02
2009,5,TRINCOMALEE,33.56,20.17,78.24,17.98
2009,5,VAVUNIYA,35.91,19.81,76.27,16.71
2009,5,HAMBANTOTA,30.2,19.88,85.32,179.21
2009,5,AMPARA,32.84,20.4,75.92,37.73
2009,5,ANURADHAPURA,36.28,19.81,77.19,14.32
2009,6,BATTICALOA,34.05,21.35,72.17,16.84
2009,6,JAFFNA,31.57,21.96,77.44,7.08
2009,6,MANNAR,31.98,22.16,76.98,5.35
2009,6,MONARAGALA,33.41,21.23,74.88,49.49
2009,6,MULLATIVU,32.55,21.96,76.14,11.06
2009,6,POLONNARUWA,35.01,21.35,72.68,9.26
2009,6,PUTTALAM,31.51,22.16,81.06,39.35
2009,6,TRINCOMALEE,34.09,21.38,75.24,4.38
2009,6,VAVUNIYA,34.98,19.6,72.06,6.18
2009,6,HAMBANTOTA,29.77,21.23,85.22,146.92
2009,6,AMPARA,34.05,21.35,72.17,16.84
2009,6,ANURADHAPURA,35.55,19.6,73.39,8.04
2009,7,BATTICALOA,34.23,20.42,68.73,10.93
2009,7,JAFFNA,31.13,19.63,76.15,9.72
2009,7,MANNAR,32.32,20.6,76.11,8.17
2009,7,MONARAGALA,33.95,21.14,68.8,21.01
2009,7,MULLATIVU,32.27,19.63,74.87,20.86
2009,7,POLONNARUWA,36.79,20.42,68.71,12.12
2009,7,PUTTALAM,33.07,20.6,79.46,24.74
2009,7,TRINCOMALEE,34.68,20.16,71.84,14.9
2009,7,VAVUNIYA,36.21,19.47,70.04,15.53
2009,7,HAMBANTOTA,30.03,21.14,83.65,67.9
2009,7,AMPARA,34.23,20.42,68.73,10.93
2009,7,ANURADHAPURA,38.04,19.47,69.56,13.03
2009,8,BATTICALOA,34.62,19.88,70.83,62.54
2009,8,JAFFNA,31.23,20.38,77.8,58.24
2009,8,MANNAR,31.59,21.19,78.28,60.8
2009,8,MONARAGALA,34.72,20.3,71.07,83.98
2009,8,MULLATIVU,32.07,20.38,77.21,93.66
2009,8,POLONNARUWA,36.05,19.88,71.33,67.85
2009,8,PUTTALAM,31.91,21.19,80.46,105.05
2009,8,TRINCOMALEE,34.25,19.93,74.37,80.76
2009,8,VAVUNIYA,34.72,18.79,74.61,101.49
2009,8,HAMBANTOTA,29.82,20.3,83.55,174.38
2009,8,AMPARA,34.62,19.88,70.83,62.54
2009,8,ANURADHAPURA,36.2,18.79,74.18,100.67
2009,9,BATTICALOA,34.47,21.56,69.46,29.73
2009,9,JAFFNA,31.79,21.74,78.46,23.05
2009,9,MANNAR,32.75,22.94,78.11,12.02
2009,9,MONARAGALA,36.06,21.34,70.39,54.2
2009,9,MULLATIVU,32.65,21.74,77.6,35.42
2009,9,POLONNARUWA,36.91,21.56,70.21,28.6
2009,9,PUTTALAM,32.26,22.94,79.72,42.45
2009,9,TRINCOMALEE,34.72,22.07,73.94,26.94
2009,9,VAVUNIYA,36.4,20.84,73.99,23.6
2009,9,HAMBANTOTA,29.73,21.34,83.01,143.9
2009,9,AMPARA,34.47,21.56,69.46,29.73
2009,9,ANURADHAPURA,37.29,20.84,73.33,20.49
2009,10,BATTICALOA,33.89,20.34,71.81,161.42
2009,10,JAFFNA,31.31,20.31,72.35,93.03
2009,10,MANNAR,32.69,21.32,71.99,101.78
2009,10,MONARAGALA,36.3,20.31,73.19,161.22
2009,10,MULLATIVU,32.39,20.31,73.14,102.29
2009,10,POLONNARUWA,37.17,20.34,68.6,129.78
2009,10,PUTTALAM,34.17,21.32,73.0,78.39
2009,10,TRINCOMALEE,35.08,20.14,71.46,116.15
2009,10,VAVUNIYA,36.03,19.73,70.29,119.9
2009,10,HAMBANTOTA,29.64,20.31,80.37,182.73
2009,10,AMPARA,33.89,20.34,71.81,161.42
2009,10,ANURADHAPURA,37.21,19.73,69.5,112.77
2009,11,BATTICALOA,29.88,14.41,82.82,430.73
2009,11,JAFFNA,30.05,15.64,81.4,395.63
2009,11,MANNAR,31.07,16.17,83.53,346.8
2009,11,MONARAGALA,29.44,14.24,89.32,412.94
2009,11,MULLATIVU,29.77,15.64,82.18,414.31
2009,11,POLONNARUWA,30.49,14.41,86.26,446.29
2009,11,PUTTALAM,32.28,16.17,84.19,333.95
2009,11,TRINCOMALEE,29.96,15.24,83.26,448.81
2009,11,VAVUNIYA,31.13,14.83,85.55,378.48
2009,11,HAMBANTOTA,29.74,14.24,83.46,536.11
2009,11,AMPARA,29.88,14.41,82.82,430.73
2009,11,ANURADHAPURA,31.53,14.83,87.56,354.57
2009,12,BATTICALOA,28.58,12.02,84.4,319.91
2009,12,JAFFNA,28.2,12.88,82.99,296.37
2009,12,MANNAR,28.86,15.08,85.37,279.77
2009,12,MONARAGALA,28.45,14.67,92.37,289.11
2009,12,MULLATIVU,28.51,12.88,82.99,345.05
2009,12,POLONNARUWA,28.95,12.02,88.64,318.6
2009,12,PUTTALAM,29.94,15.08,86.33,183.64
2009,12,TRINCOMALEE,28.68,12.07,84.6,331.97
2009,12,VAVUNIYA,29.2,12.88,87.4,324.36
2009,12,HAMBANTOTA,28.79,14.67,85.33,238.32
2009,12,AMPARA,28.58,12.02,84.4,319.91
2009,12,ANURADHAPURA,29.57,12.88,89.42,290.01
2010,1,BATTICALOA,28.47,16.32,80.62,114.77
2010,1,JAFFNA,27.99,18.28,78.72,43.87
2010,1,MANNAR,28.62,19.25,81.52,46.07
2010,1,MONARAGALA,27.99,17.84,90.06,132.04
2010,1,MULLATIVU,27.77,18.28,78.9,65.31
2010,1,POLONNARUWA,28.99,16.32,84.61,87.47
2010,1,PUTTALAM,29.86,19.25,82.92,49.43
2010,1,TRINCOMALEE,28.33,17.44,80.24,70.03
2010,1,VAVUNIYA,29.01,17.74,83.73,70.71
2010,1,HAMBANTOTA,28.53,17.84,82.36,179.55
2010,1,AMPARA,28.47,16.32,80.62,114.77
2010,1,ANURADHAPURA,29.35,17.74,86.25,65.34
2010,2,BATTICALOA,28.68,19.04,78.98,63.32
2010,2,JAFFNA,30.68,20.6,76.13,1.66
2010,2,MANNAR,32.14,21.69,78.15,1.76
2010,2,MONARAGALA,28.95,20.56,88.26,51.22
2010,2,MULLATIVU,29.59,20.6,77.58,2.15
2010,2,POLONNARUWA,30.23,19.04,82.76,46.63
2010,2,PUTTALAM,34.23,21.69,76.93,9.0
2010,2,TRINCOMALEE,29.5,19.57,78.46,15.92
2010,2,VAVUNIYA,31.81,20.01,80.94,3.09
2010,2,HAMBANTOTA,29.19,20.56,81.71,62.15
2010,2,AMPARA,28.68,19.04,78.98,63.32
2010,2,ANURADHAPURA,33.05,20.01,82.42,10.83
2010,3,BATTICALOA,31.72,21.87,76.5,78.91
2010,3,JAFFNA,32.65,23.09,70.96,9.62
2010,3,MANNAR,34.37,23.98,69.9,13.83
2010,3,MONARAGALA,32.19,22.28,82.41,98.39
2010,3,MULLATIVU,32.98,23.09,73.03,24.65
2010,3,POLONNARUWA,34.87,21.87,74.9,41.16
2010,3,PUTTALAM,36.65,23.98,67.09,47.97
2010,3,TRINCOMALEE,33.07,22.73,73.67,24.25
2010,3,VAVUNIYA,35.76,21.81,71.54,30.26
2010,3,HAMBANTOTA,30.53,22.28,77.51,122.72
2010,3,AMPARA,31.72,21.87,76.5,78.91
2010,3,ANURADHAPURA,37.73,21.81,70.18,31.44
2010,4,BATTICALOA,32.02,21.19,79.84,206.24
2010,4,JAFFNA,33.89,22.32,73.65,63.26
2010,4,MANNAR,35.26,22.61,73.68,74.39
2010,4,MONARAGALA,31.48,21.42,83.72,252.48
2010,4,MULLATIVU,34.09,22.32,74.84,107.4
2010,4,POLONNARUWA,35.62,21.19,75.92,152.44
2010,4,PUTTALAM,34.99,22.61,77.25,180.45
2010,4,TRINCOMALEE,34.45,22.82,75.38,123.31
2010,4,VAVUNIYA,37.64,21.33,73.74,123.0
2010,4,HAMBANTOTA,30.49,21.42,82.34,429.17
2010,4,AMPARA,32.02,21.19,79.84,206.24
2010,4,ANURADHAPURA,38.86,21.33,73.99,143.69
2010,5,BATTICALOA,32.42,21.37,80.08,121.89
2010,5,JAFFNA,33.33,20.42,77.67,70.65
2010,5,MANNAR,33.74,20.96,78.32,55.88
2010,5,MONARAGALA,31.61,19.43,86.17,198.93
2010,5,MULLATIVU,33.97,20.42,78.21,87.21
2010,5,POLONNARUWA,33.99,21.37,82.17,99.01
2010,5,PUTTALAM,32.24,20.96,83.91,103.9
2010,5,TRINCOMALEE,34.16,21.07,79.11,77.66
2010,5,VAVUNIYA,35.91,19.99,79.21,73.49
2010,5,HAMBANTOTA,30.29,19.43,85.21,427.18
2010,5,AMPARA,32.42,21.37,80.08,121.89
2010,5,ANURADHAPURA,35.07,19.99,81.88,75.55
2010,6,BATTICALOA,32.2,19.94,77.48,72.97
2010,6,JAFFNA,32.31,20.08,76.73,29.95
2010,6,MANNAR,33.15,20.94,75.93,8.61
2010,6,MONARAGALA,31.95,19.79,83.37,104.99
2010,6,MULLATIVU,33.2,20.08,76.83,46.24
2010,6,POLONNARUWA,35.0,19.94,75.76,49.12
2010,6,PUTTALAM,31.86,20.94,80.9,42.0
2010,6,TRINCOMALEE,34.23,20.12,75.22,31.31
2010,6,VAVUNIYA,35.87,19.67,73.92,21.06
2010,6,HAMBANTOTA,29.95,19.79,85.37,198.36
2010,6,AMPARA,32.2,19.94,77.48,72.97
2010,6,ANURADHAPURA,36.01,19.67,74.27,16.81
2010,7,BATTICALOA,32.49,19.88,74.74,70.91
2010,7,JAFFNA,31.7,20.32,73.61,27.42
2010,7,MANNAR,32.96,20.93,72.68,18.23
2010,7,MONARAGALA,30.91,19.88,81.1,70.2
2010,7,MULLATIVU,32.02,20.32,73.98,54.69
2010,7,POLONNARUWA,34.12,19.88,74.92,73.93
2010,7,PUTTALAM,31.49,20.93,80.35,62.8
2010,7,TRINCOMALEE,33.64,20.27,74.53,57.07
2010,7,VAVUNIYA,34.87,19.89,70.6,37.79
2010,7,HAMBANTOTA,29.19,19.88,85.46,177.35
2010,7,AMPARA,32.49,19.88,74.74,70.91
2010,7,ANURADHAPURA,35.45,19.89,72.37,42.21
2010,8,BATTICALOA,34.01,19.99,72.28,110.11
2010,8,JAFFNA,31.07,18.92,77.46,105.17
2010,8,MANNAR,31.57,20.07,77.99,72.13
2010,8,MONARAGALA,32.54,20.24,76.54,90.68
2010,8,MULLATIVU,32.02,18.92,77.11,125.65
2010,8,POLONNARUWA,35.25,19.99,75.96,132.48
2010,8,PUTTALAM,31.11,20.07,83.33,94.73
2010,8,TRINCOMALEE,34.1,18.86,76.49,120.4
2010,8,VAVUNIYA,34.99,18.02,74.75,96.93
2010,8,HAMBANTOTA,28.91,20.24,85.21,201.22
2010,8,AMPARA,34.01,19.99,72.28,110.11
2010,8,ANURADHAPURA,35.62,18.02,75.57,102.56
2010,9,BATTICALOA,33.7,19.76,74.98,144.85
2010,9,JAFFNA,30.71,18.91,79.18,153.95
2010,9,MANNAR,31.1,20.79,79.71,151.0
2010,9,MONARAGALA,33.3,19.28,77.8,135.95
2010,9,MULLATIVU,31.74,18.91,78.96,187.35
2010,9,POLONNARUWA,34.11,19.76,79.59,184.13
2010,9,PUTTALAM,31.35,20.79,82.45,211.17
2010,9,TRINCOMALEE,33.2,19.22,78.26,218.45
2010,9,VAVUNIYA,33.69,18.5,78.06,197.12
2010,9,HAMBANTOTA,29.35,19.28,85.14,256.19
2010,9,AMPARA,33.7,19.76,74.98,144.85
2010,9,ANURADHAPURA,35.03,18.5,78.75,212.75
2010,10,BATTICALOA,32.17,20.04,77.57,158.83
2010,10,JAFFNA,29.99,18.77,81.73,149.34
2010,10,MANNAR,30.2,20.54,83.01,134.86
2010,10,MONARAGALA,32.93,20.41,81.61,154.32
2010,10,MULLATIVU,31.02,18.77,82.46,136.13
2010,10,POLONNARUWA,32.5,20.04,83.54,149.67
2010,10,PUTTALAM,29.61,20.54,85.27,167.9
2010,10,TRINCOMALEE,31.61,19.06,82.46,112.63
2010,10,VAVUNIYA,31.93,18.33,84.79,121.47
2010,10,HAMBANTOTA,29.2,20.41,83.09,213.45
2010,10,AMPARA,32.17,20.04,77.57,158.83
2010,10,ANURADHAPURA,31.58,18.33,85.79,122.66
2010,11,BATTICALOA,30.33,15.51,82.93,519.15
2010,11,JAFFNA,29.37,14.08,82.77,451.28
2010,11,MANNAR,30.53,15.37,84.11,404.04
2010,11,MONARAGALA,29.8,16.28,88.31,511.1
2010,11,MULLATIVU,29.94,14.08,83.37,451.4
2010,11,POLONNARUWA,30.55,15.51,87.16,461.78
2010,11,PUTTALAM,30.37,15.37,85.85,402.5
2010,11,TRINCOMALEE,29.95,14.8,84.02,382.9
2010,11,VAVUNIYA,30.66,14.42,86.42,412.31
2010,11,HAMBANTOTA,28.95,16.28,83.11,641.3
2010,11,AMPARA,30.33,15.51,82.93,519.15
2010,11,ANURADHAPURA,30.57,14.42,88.81,373.3
2010,12,BATTICALOA,28.86,12.05,84.64,574.49
2010,12,JAFFNA,28.11,11.56,84.11,352.31
2010,12,MANNAR,28.15,12.97,86.56,336.81
2010,12,MONARAGALA,28.53,14.59,91.66,505.81
2010,12,MULLATIVU,28.38,11.56,84.62,458.61
2010,12,POLONNARUWA,29.21,12.05,90.04,591.11
2010,12,PUTTALAM,28.65,12.97,87.85,304.11
2010,12,TRINCOMALEE,28.79,11.1,86.07,600.93
2010,12,VAVUNIYA,29.29,11.08,89.59,450.15
2010,12,HAMBANTOTA,28.27,14.59,84.65,483.26
2010,12,AMPARA,28.86,12.05,84.64,574.49
2010,12,ANURADHAPURA,29.26,11.08,91.71,429.14
2011,1,BATTICALOA,27.17,11.69,86.8,823.98
2011,1,JAFFNA,27.28,14.11,82.28,126.55
2011,1,MANNAR,27.66,15.55,85.81,163.14
2011,1,MONARAGALA,26.82,14.9,93.45,639.91
2011,1,MULLATIVU,27.25,14.11,82.29,241.01
2011,1,POLONNARUWA,27.93,11.69,89.97,757.21
2011,1,PUTTALAM,28.75,15.55,88.06,180.01
2011,1,TRINCOMALEE,27.22,12.57,85.19,626.59
2011,1,VAVUNIYA,27.82,12.85,88.06,314.74
2011,1,HAMBANTOTA,27.39,14.9,86.64,731.55
2011,1,AMPARA,27.17,11.69,86.8,823.98
2011,1,ANURADHAPURA,28.32,12.85,90.85,374.59
2011,2,BATTICALOA,28.42,15.42,82.22,500.14
2011,2,JAFFNA,29.01,17.12,79.14,67.11
2011,2,MANNAR,29.57,18.54,82.96,112.29
2011,2,MONARAGALA,28.17,16.61,91.75,439.17
2011,2,MULLATIVU,28.42,17.12,80.34,186.46
2011,2,POLONNARUWA,29.55,15.42,86.62,481.74
2011,2,PUTTALAM,29.98,18.54,85.39,175.2
2011,2,TRINCOMALEE,28.63,15.96,82.75,468.83
2011,2,VAVUNIYA,29.97,16.46,85.93,258.07
2011,2,HAMBANTOTA,28.41,16.61,85.43,421.2
2011,2,AMPARA,28.42,15.42,82.22,500.14
2011,2,ANURADHAPURA,30.46,16.46,88.49,308.19
2011,3,BATTICALOA,29.96,20.5,80.83,156.36
2011,3,JAFFNA,31.49,22.65,75.26,6.43
2011,3,MANNAR,31.43,23.86,78.99,10.09
2011,3,MONARAGALA,29.99,20.66,87.16,194.47
2011,3,MULLATIVU,31.06,22.65,78.09,14.89
2011,3,POLONNARUWA,31.51,20.5,83.73,113.86
2011,3,PUTTALAM,31.62,23.86,81.65,41.2
2011,3,TRINCOMALEE,30.6,22.0,80.29,64.54
2011,3,VAVUNIYA,32.3,21.75,82.2,21.49
2011,3,HAMBANTOTA,29.43,20.66,81.96,300.12
2011,3,AMPARA,29.96,20.5,80.83,156.36
2011,3,ANURADHAPURA,32.43,21.75,84.4,36.54
2011,4,BATTICALOA,30.31,21.69,78.46,226.64
2011,4,JAFFNA,31.82,20.51,75.92,183.61
2011,4,MANNAR,32.35,20.78,78.69,199.99
2011,4,MONARAGALA,30.02,21.01,85.31,246.85
2011,4,MULLATIVU,31.78,20.51,77.84,217.21
2011,4,POLONNARUWA,31.71,21.69,81.91,257.68
2011,4,PUTTALAM,31.72,20.78,81.93,256.49
2011,4,TRINCOMALEE,31.37,21.71,78.74,269.26
2011,4,VAVUNIYA,32.68,19.91,81.25,234.91
2011,4,HAMBANTOTA,29.7,21.01,81.85,364.66
2011,4,AMPARA,30.31,21.69,78.46,226.64
2011,4,ANURADHAPURA,32.76,19.91,84.59,255.5
2011,5,BATTICALOA,31.73,22.16,81.03,78.24
2011,5,JAFFNA,31.92,22.51,79.75,14.77
2011,5,MANNAR,31.45,22.96,80.87,5.77
2011,5,MONARAGALA,30.88,22.07,86.09,103.23
2011,5,MULLATIVU,32.1,22.51,81.29,25.84
2011,5,POLONNARUWA,32.31,22.16,85.8,53.83
2011,5,PUTTALAM,31.26,22.96,84.09,52.89
2011,5,TRINCOMALEE,32.17,22.37,83.05,29.67
2011,5,VAVUNIYA,32.53,21.82,83.8,17.52
2011,5,HAMBANTOTA,29.19,22.07,86.46,220.05
2011,5,AMPARA,31.73,22.16,81.03,78.24
2011,5,ANURADHAPURA,32.09,21.82,85.77,21.44
2011,6,BATTICALOA,32.16,21.52,76.87,15.73
2011,6,JAFFNA,32.06,21.06,76.05,7.05
2011,6,MANNAR,32.32,22.04,76.63,2.24
2011,6,MONARAGALA,30.37,21.24,83.53,30.54
2011,6,MULLATIVU,32.62,21.06,76.61,15.3
2011,6,POLONNARUWA,33.99,21.52,81.86,12.79
2011,6,PUTTALAM,31.14,22.04,83.05,22.27
2011,6,TRINCOMALEE,33.34,21.26,78.38,7.3
2011,6,VAVUNIYA,35.21,20.28,75.22,6.31
2011,6,HAMBANTOTA,29.34,21.24,85.8,91.19
2011,6,AMPARA,32.16,21.52,76.87,15.73
2011,6,ANURADHAPURA,35.32,20.28,77.83,6.4
2011,7,BATTICALOA,32.99,19.92,73.05,29.0
2011,7,JAFFNA,32.0,19.84,72.53,15.3
2011,7,MANNAR,32.22,21.31,73.88,10.34
2011,7,MONARAGALA,31.26,19.09,80.07,37.35
2011,7,MULLATIVU,32.39,19.84,73.41,35.53
2011,7,POLONNARUWA,33.78,19.92,75.05,30.27
2011,7,PUTTALAM,31.08,21.31,80.74,32.97
2011,7,TRINCOMALEE,33.13,19.69,75.42,31.69
2011,7,VAVUNIYA,34.27,19.64,71.83,22.98
2011,7,HAMBANTOTA,29.0,19.09,85.96,116.83
2011,7,AMPARA,32.99,19.92,73.05,29.0
2011,7,ANURADHAPURA,35.33,19.64,73.86,23.76
2011,8,BATTICALOA,32.73,20.5,73.11,53.01
2011,8,JAFFNA,31.09,20.28,76.75,47.04
2011,8,MANNAR,31.51,21.98,77.23,52.78
2011,8,MONARAGALA,32.1,20.4,77.19,70.68
2011,8,MULLATIVU,31.73,20.28,76.87,81.71
2011,8,POLONNARUWA,34.46,20.5,73.26,74.51
2011,8,PUTTALAM,31.12,21.98,79.71,53.57
2011,8,TRINCOMALEE,33.04,20.57,75.86,103.54
2011,8,VAVUNIYA,34.42,19.89,74.92,92.65
2011,8,HAMBANTOTA,28.89,20.4,84.68,179.72
2011,8,AMPARA,32.73,20.5,73.11,53.01
2011,8,ANURADHAPURA,34.61,19.89,75.25,91.43
2011,9,BATTICALOA,34.02,21.43,72.5,76.06
2011,9,JAFFNA,31.02,21.38,75.93,28.41
2011,9,MANNAR,32.14,23.15,74.9,10.53
2011,9,MONARAGALA,35.04,21.7,75.32,78.19
2011,9,MULLATIVU,32.41,21.38,75.48,37.06
2011,9,POLONNARUWA,36.16,21.43,72.82,71.82
2011,9,PUTTALAM,32.48,23.15,76.99,43.51
2011,9,TRINCOMALEE,34.62,21.43,73.95,46.6
2011,9,VAVUNIYA,35.71,20.72,71.54,22.65
2011,9,HAMBANTOTA,29.57,21.7,83.54,161.69
2011,9,AMPARA,34.02,21.43,72.5,76.06
2011,9,ANURADHAPURA,36.91,20.72,71.04,23.72
2011,10,BATTICALOA,32.43,19.12,77.73,361.46
2011,10,JAFFNA,30.46,17.12,78.45,251.49
2011,10,MANNAR,31.64,19.58,79.51,233.48
2011,10,MONARAGALA,35.07,19.31,79.71,270.44
2011,10,MULLATIVU,31.35,17.12,78.48,290.56
2011,10,POLONNARUWA,36.33,19.12,79.21,416.82
2011,10,PUTTALAM,32.76,19.58,79.83,235.91
2011,10,TRINCOMALEE,33.68,18.55,78.4,450.04
2011,10,VAVUNIYA,34.56,17.23,79.67,295.54
2011,10,HAMBANTOTA,29.41,19.31,82.91,268.51
2011,10,AMPARA,32.43,19.12,77.73,361.46
2011,10,ANURADHAPURA,36.45,17.23,80.24,317.11
2011,11,BATTICALOA,29.32,15.65,80.55,353.32
2011,11,JAFFNA,29.13,15.27,80.03,425.81
2011,11,MANNAR,29.35,15.39,82.56,410.38
2011,11,MONARAGALA,29.31,16.08,88.77,312.9
2011,11,MULLATIVU,29.4,15.27,79.98,425.39
2011,11,POLONNARUWA,30.12,15.65,85.2,368.26
2011,11,PUTTALAM,30.22,15.39,83.91,250.17
2011,11,TRINCOMALEE,29.63,16.03,81.55,399.87
2011,11,VAVUNIYA,30.15,15.1,84.38,428.69
2011,11,HAMBANTOTA,28.92,16.08,82.7,319.3
2011,11,AMPARA,29.32,15.65,80.55,353.32
2011,11,ANURADHAPURA,30.11,15.1,87.17,381.31
2011,12,BATTICALOA,28.76,13.77,82.38,313.56
2011,12,JAFFNA,28.6,13.83,80.3,215.04
2011,12,MANNAR,29.1,15.99,83.4,191.52
2011,12,MONARAGALA,28.98,14.73,90.49,218.96
2011,12,MULLATIVU,28.55,13.83,80.23,235.98
2011,12,POLONNARUWA,29.83,13.77,86.85,295.38
2011,12,PUTTALAM,29.81,15.99,84.96,108.26
2011,12,TRINCOMALEE,28.89,14.42,82.18,254.23
2011,12,VAVUNIYA,29.26,14.59,85.98,209.86
2011,12,HAMBANTOTA,28.88,14.73,82.45,193.23
2011,12,AMPARA,28.76,13.77,82.38,313.56
2011,12,ANURADHAPURA,29.68,14.59,88.69,183.41
2012,1,BATTICALOA,28.07,17.73,77.93,57.53
2012,1,JAFFNA,27.89,19.53,76.53,26.22
2012,1,MANNAR,28.71,20.88,79.8,34.04
2012,1,MONARAGALA,27.72,19.52,88.32,57.91
2012,1,MULLATIVU,27.83,19.53,76.77,26.43
2012,1,POLONNARUWA,29.14,17.73,83.08,48.97
2012,1,PUTTALAM,30.05,20.88,80.69,30.5
2012,1,TRINCOMALEE,28.48,19.57,77.7,35.03
2012,1,VAVUNIYA,29.23,18.87,81.89,32.34
2012,1,HAMBANTOTA,28.28,19.52,80.9,66.42
2012,1,AMPARA,28.07,17.73,77.93,57.53
2012,1,ANURADHAPURA,29.95,18.87,84.6,32.0
2012,2,BATTICALOA,29.19,17.24,80.62,169.58
2012,2,JAFFNA,30.13,19.54,76.72,9.13
2012,2,MANNAR,30.87,20.75,79.57,13.9
2012,2,MONARAGALA,29.04,18.36,89.48,169.88
2012,2,MULLATIVU,30.49,19.54,77.89,22.19
2012,2,POLONNARUWA,29.77,17.24,84.29,143.67
2012,2,PUTTALAM,32.41,20.75,78.91,51.64
2012,2,TRINCOMALEE,29.4,18.38,79.56,87.38
2012,2,VAVUNIYA,31.85,18.53,81.79,30.64
2012,2,HAMBANTOTA,28.55,18.36,83.29,218.46
2012,2,AMPARA,29.19,17.24,80.62,169.58
2012,2,ANURADHAPURA,31.88,18.53,84.09,51.34
2012,3,BATTICALOA,30.04,22.2,75.85,58.3
2012,3,JAFFNA,32.28,22.84,71.4,15.58
2012,3,MANNAR,34.37,23.47,71.09,22.84
2012,3,MONARAGALA,30.5,22.3,81.31,83.04
2012,3,MULLATIVU,32.13,22.84,73.19,24.29
2012,3,POLONNARUWA,32.44,22.2,79.18,56.2
2012,3,PUTTALAM,35.24,23.47,70.11,73.44
2012,3,TRINCOMALEE,32.28,22.83,75.05,46.75
2012,3,VAVUNIYA,35.58,22.13,72.09,30.67
2012,3,HAMBANTOTA,30.17,22.3,77.28,116.87
2012,3,AMPARA,30.04,22.2,75.85,58.3
2012,3,ANURADHAPURA,36.71,22.13,72.42,48.84
2012,4,BATTICALOA,31.16,20.47,78.99,208.67
2012,4,JAFFNA,32.47,20.59,73.59,63.05
2012,4,MANNAR,33.59,21.16,74.98,76.63
2012,4,MONARAGALA,31.11,20.34,84.77,255.18
2012,4,MULLATIVU,33.11,20.59,74.37,85.29
2012,4,POLONNARUWA,33.86,20.47,79.63,151.57
2012,4,PUTTALAM,33.39,21.16,79.23,158.49
2012,4,TRINCOMALEE,33.27,21.17,76.49,104.15
2012,4,VAVUNIYA,35.84,19.78,74.94,97.01
2012,4,HAMBANTOTA,29.82,20.34,82.26,400.58
2012,4,AMPARA,31.16,20.47,78.99,208.67
2012,4,ANURADHAPURA,36.58,19.78,77.27,115.68
2012,5,BATTICALOA,33.48,22.23,73.73,9.35
2012,5,JAFFNA,31.85,21.32,78.01,8.96
2012,5,MANNAR,32.6,21.46,76.47,2.33
2012,5,MONARAGALA,33.23,21.75,80.23,31.16
2012,5,MULLATIVU,32.97,21.32,76.11,9.11
2012,5,POLONNARUWA,37.35,22.23,71.25,3.17
2012,5,PUTTALAM,33.09,21.46,77.44,11.44
2012,5,TRINCOMALEE,35.62,21.5,72.45,2.54
2012,5,VAVUNIYA,36.01,21.14,71.72,2.92
2012,5,HAMBANTOTA,29.93,21.75,83.31,67.79
2012,5,AMPARA,33.48,22.23,73.73,9.35
2012,5,ANURADHAPURA,37.4,21.14,71.45,2.29
2012,6,BATTICALOA,34.06,20.25,72.42,29.12
2012,6,JAFFNA,32.09,20.46,74.97,9.48
2012,6,MANNAR,32.31,20.75,74.64,1.9
2012,6,MONARAGALA,32.51,19.77,77.6,43.25
2012,6,MULLATIVU,32.85,20.46,73.23,21.26
2012,6,POLONNARUWA,35.78,20.25,70.45,18.05
2012,6,PUTTALAM,31.77,20.75,78.71,29.95
2012,6,TRINCOMALEE,34.49,20.1,71.88,7.87
2012,6,VAVUNIYA,35.46,19.71,68.71,7.83
2012,6,HAMBANTOTA,28.96,19.77,85.91,111.65
2012,6,AMPARA,34.06,20.25,72.42,29.12
2012,6,ANURADHAPURA,35.79,19.71,69.62,7.11
2012,7,BATTICALOA,34.99,21.03,69.64,38.72
2012,7,JAFFNA,32.83,21.19,74.61,14.29
2012,7,MANNAR,33.48,21.72,74.57,12.47
2012,7,MONARAGALA,34.21,21.26,72.18,37.63
2012,7,MULLATIVU,32.52,21.19,73.68,31.55
2012,7,POLONNARUWA,35.98,21.03,69.72,45.75
2012,7,PUTTALAM,33.04,21.72,77.73,31.47
2012,7,TRINCOMALEE,34.28,21.04,71.98,42.98
2012,7,VAVUNIYA,35.56,20.4,69.69,29.16
2012,7,HAMBANTOTA,30.0,21.26,83.83,95.42
2012,7,AMPARA,34.99,21.03,69.64,38.72
2012,7,ANURADHAPURA,37.26,20.4,69.68,33.43
2012,8,BATTICALOA,34.53,20.94,69.18,33.06
2012,8,JAFFNA,31.36,21.26,75.72,17.51
2012,8,MANNAR,32.44,22.63,74.48,5.59
2012,8,MONARAGALA,34.75,20.61,71.97,69.36
2012,8,MULLATIVU,32.62,21.26,73.3,28.38
2012,8,POLONNARUWA,37.51,20.94,66.35,21.91
2012,8,PUTTALAM,32.55,22.63,76.34,41.1
2012,8,TRINCOMALEE,34.87,20.86,69.47,11.94
2012,8,VAVUNIYA,35.46,20.8,67.61,10.77
2012,8,HAMBANTOTA,29.55,20.61,82.9,177.38
2012,8,AMPARA,34.53,20.94,69.18,33.06
2012,8,ANURADHAPURA,37.06,20.8,67.0,8.67
2012,9,BATTICALOA,34.15,20.78,72.27,83.24
2012,9,JAFFNA,31.31,20.27,76.19,91.48
2012,9,MANNAR,32.13,22.04,75.12,58.89
2012,9,MONARAGALA,34.23,20.51,75.85,120.31
2012,9,MULLATIVU,32.64,20.27,74.72,100.28
2012,9,POLONNARUWA,36.48,20.78,69.11,85.0
2012,9,PUTTALAM,32.93,22.04,76.5,49.91
2012,9,TRINCOMALEE,34.87,20.27,71.4,107.6
2012,9,VAVUNIYA,35.63,19.39,69.96,71.96
2012,9,HAMBANTOTA,29.15,20.51,83.12,234.25
2012,9,AMPARA,34.15,20.78,72.27,83.24
2012,9,ANURADHAPURA,37.39,19.39,68.88,59.05
2012,10,BATTICALOA,32.69,18.23,80.24,347.28
2012,10,JAFFNA,30.81,16.86,81.3,407.53
2012,10,MANNAR,31.9,18.15,82.32,398.98
2012,10,MONARAGALA,34.95,18.94,83.59,307.83
2012,10,MULLATIVU,32.02,16.86,81.24,502.18
2012,10,POLONNARUWA,37.1,18.23,80.67,472.24
2012,10,PUTTALAM,32.98,18.15,82.17,427.03
2012,10,TRINCOMALEE,34.87,18.32,80.7,570.32
2012,10,VAVUNIYA,35.4,16.8,82.45,505.07
2012,10,HAMBANTOTA,28.89,18.94,83.91,446.7
2012,10,AMPARA,32.69,18.23,80.24,347.28
2012,10,ANURADHAPURA,37.01,16.8,83.27,522.41
2012,11,BATTICALOA,29.76,16.27,81.71,288.97
2012,11,JAFFNA,29.41,16.63,79.36,111.21
2012,11,MANNAR,29.94,17.6,81.85,134.47
2012,11,MONARAGALA,30.27,16.71,88.56,274.25
2012,11,MULLATIVU,29.45,16.63,81.03,161.53
2012,11,POLONNARUWA,31.05,16.27,85.69,275.94
2012,11,PUTTALAM,30.98,17.6,83.7,196.56
2012,11,TRINCOMALEE,30.29,16.33,82.54,244.2
2012,11,VAVUNIYA,30.51,15.96,85.54,188.03
2012,11,HAMBANTOTA,29.3,16.71,82.29,361.09
2012,11,AMPARA,29.76,16.27,81.71,288.97
2012,11,ANURADHAPURA,31.25,15.96,88.22,214.8
2012,12,BATTICALOA,28.31,13.31,83.94,593.23
2012,12,JAFFNA,28.38,14.1,82.15,299.09
2012,12,MANNAR,28.97,14.19,85.37,387.62
2012,12,MONARAGALA,29.15,14.82,92.35,473.33
2012,12,MULLATIVU,28.45,14.1,81.9,418.16
2012,12,POLONNARUWA,29.52,13.31,88.42,638.25
2012,12,PUTTALAM,29.43,14.19,87.86,381.43
2012,12,TRINCOMALEE,28.56,14.15,83.6,650.6
2012,12,VAVUNIYA,29.05,12.67,87.2,527.73
2012,12,HAMBANTOTA,28.11,14.82,85.75,496.24
2012,12,AMPARA,28.31,13.31,83.94,593.23
2012,12,ANURADHAPURA,29.72,12.67,90.27,559.96
2013,1,BATTICALOA,27.83,14.52,81.4,405.59
2013,1,JAFFNA,28.08,16.4,78.62,109.93
2013,1,MANNAR,28.18,17.95,82.48,120.96
2013,1,MONARAGALA,27.07,16.38,92.0,337.14
2013,1,MULLATIVU,27.83,16.4,78.94,160.65
2013,1,POLONNARUWA,28.06,14.52,86.39,343.78
2013,1,PUTTALAM,28.88,17.95,85.78,150.99
2013,1,TRINCOMALEE,27.88,15.04,80.89,262.79
2013,1,VAVUNIYA,28.08,15.66,84.81,173.56
2013,1,HAMBANTOTA,28.33,16.38,84.69,375.03
2013,1,AMPARA,27.83,14.52,81.4,405.59
2013,1,ANURADHAPURA,28.85,15.66,87.97,190.22
2013,2,BATTICALOA,29.1,17.6,81.03,239.79
2013,2,JAFFNA,29.2,18.65,78.74,128.78
2013,2,MANNAR,29.8,20.06,82.0,134.8
2013,2,MONARAGALA,29.73,18.53,90.36,197.99
2013,2,MULLATIVU,29.07,18.65,79.66,189.8
2013,2,POLONNARUWA,30.53,17.6,85.55,268.56
2013,2,PUTTALAM,30.64,20.06,84.2,97.75
2013,2,TRINCOMALEE,29.26,17.87,81.4,297.67
2013,2,VAVUNIYA,30.46,17.66,84.36,206.04
2013,2,HAMBANTOTA,28.97,18.53,82.7,296.4
2013,2,AMPARA,29.1,17.6,81.03,239.79
2013,2,ANURADHAPURA,31.01,17.66,87.06,192.49
2013,3,BATTICALOA,30.27,20.17,79.66,159.04
2013,3,JAFFNA,31.06,21.55,77.86,113.84
2013,3,MANNAR,31.04,22.61,81.14,140.17
2013,3,MONARAGALA,30.41,20.72,88.29,159.66
2013,3,MULLATIVU,30.69,21.55,79.45,135.52
2013,3,POLONNARUWA,31.7,20.17,84.27,189.32
2013,3,PUTTALAM,31.38,22.61,82.64,161.82
2013,3,TRINCOMALEE,30.77,20.94,81.18,224.42
2013,3,VAVUNIYA,32.0,20.54,83.57,167.89
2013,3,HAMBANTOTA,29.77,20.72,81.56,226.48
2013,3,AMPARA,30.27,20.17,79.66,159.04
2013,3,ANURADHAPURA,32.52,20.54,85.94,196.95
2013,4,BATTICALOA,31.72,22.05,77.44,140.84
2013,4,JAFFNA,32.18,22.66,76.2,38.75
2013,4,MANNAR,32.16,23.51,79.1,44.76
2013,4,MONARAGALA,31.66,21.67,84.14,187.15
2013,4,MULLATIVU,32.34,22.66,77.95,59.02
2013,4,POLONNARUWA,32.65,22.05,81.13,83.62
2013,4,PUTTALAM,32.25,23.51,80.42,72.49
2013,4,TRINCOMALEE,32.24,22.37,78.39,60.57
2013,4,VAVUNIYA,32.94,21.47,81.95,65.22
2013,4,HAMBANTOTA,30.54,21.67,80.19,267.07
2013,4,AMPARA,31.72,22.05,77.44,140.84
2013,4,ANURADHAPURA,32.74,21.47,83.93,65.5
2013,5,BATTICALOA,32.01,19.61,80.41,105.17
2013,5,JAFFNA,32.27,20.73,79.68,68.52
2013,5,MANNAR,31.83,20.45,81.65,64.3
2013,5,MONARAGALA,30.97,18.79,86.15,138.81
2013,5,MULLATIVU,32.53,20.73,81.45,112.22
2013,5,POLONNARUWA,31.99,19.61,84.91,111.67
2013,5,PUTTALAM,31.29,20.45,84.24,90.64
2013,5,TRINCOMALEE,32.12,20.51,82.99,134.63
2013,5,VAVUNIYA,32.61,19.63,84.61,108.03
2013,5,HAMBANTOTA,30.01,18.79,86.99,317.13
2013,5,AMPARA,32.01,19.61,80.41,105.17
2013,5,ANURADHAPURA,31.74,19.63,86.66,103.86
2013,6,BATTICALOA,31.34,18.73,78.25,54.55
2013,6,JAFFNA,31.76,19.76,76.33,12.86
2013,6,MANNAR,31.71,19.92,77.02,3.06
2013,6,MONARAGALA,29.9,18.14,83.04,78.77
2013,6,MULLATIVU,31.53,19.76,78.17,41.39
2013,6,POLONNARUWA,32.61,18.73,80.43,43.0
2013,6,PUTTALAM,30.09,19.92,83.27,54.25
2013,6,TRINCOMALEE,32.09,19.03,80.14,23.72
2013,6,VAVUNIYA,33.12,18.74,77.65,22.33
2013,6,HAMBANTOTA,28.55,18.14,86.81,261.87
2013,6,AMPARA,31.34,18.73,78.25,54.55
2013,6,ANURADHAPURA,32.73,18.74,79.62,16.95
2013,7,BATTICALOA,32.42,19.86,75.0,58.53
2013,7,JAFFNA,31.14,19.0,75.31,12.45
2013,7,MANNAR,31.47,20.17,76.02,10.79
2013,7,MONARAGALA,30.41,19.49,80.93,68.86
2013,7,MULLATIVU,31.5,19.0,76.88,37.99
2013,7,POLONNARUWA,33.76,19.86,76.18,56.18
2013,7,PUTTALAM,30.77,20.17,81.44,34.05
2013,7,TRINCOMALEE,33.37,19.59,77.24,46.48
2013,7,VAVUNIYA,33.86,19.11,74.72,29.58
2013,7,HAMBANTOTA,28.43,19.49,87.46,196.47
2013,7,AMPARA,32.42,19.86,75.0,58.53
2013,7,ANURADHAPURA,34.43,19.11,75.87,30.96
2013,8,BATTICALOA,33.81,21.47,72.53,52.57
2013,8,JAFFNA,31.65,20.3,76.07,55.02
2013,8,MANNAR,32.74,21.23,76.52,47.32
2013,8,MONARAGALA,33.46,21.55,74.7,39.36
2013,8,MULLATIVU,32.02,20.3,76.31,76.62
2013,8,POLONNARUWA,34.99,21.47,74.0,71.42
2013,8,PUTTALAM,31.77,21.23,80.62,49.88
2013,8,TRINCOMALEE,33.36,20.66,76.15,85.04
2013,8,VAVUNIYA,34.29,19.69,73.87,74.38
2013,8,HAMBANTOTA,28.33,21.55,86.91,63.44
2013,8,AMPARA,33.81,21.47,72.53,52.57
2013,8,ANURADHAPURA,35.5,19.69,74.29,76.53
2013,9,BATTICALOA,34.18,20.63,72.49,71.31
2013,9,JAFFNA,30.78,19.98,79.11,107.56
2013,9,MANNAR,31.19,21.36,78.87,83.82
2013,9,MONARAGALA,34.52,20.16,75.09,90.15
2013,9,MULLATIVU,31.69,19.98,78.88,114.93
2013,9,POLONNARUWA,36.14,20.63,73.94,59.8
2013,9,PUTTALAM,31.99,21.36,79.72,85.33
2013,9,TRINCOMALEE,34.09,19.84,75.31,39.04
2013,9,VAVUNIYA,34.8,19.64,76.5,81.94
2013,9,HAMBANTOTA,28.82,20.16,84.67,181.5
2013,9,AMPARA,34.18,20.63,72.49,71.31
2013,9,ANURADHAPURA,36.13,19.64,75.34,57.24
2013,10,BATTICALOA,33.61,20.72,73.65,95.41
2013,10,JAFFNA,30.92,19.75,78.22,94.31
2013,10,MANNAR,31.59,21.3,78.02,92.03
2013,10,MONARAGALA,34.82,20.45,77.79,142.02
2013,10,MULLATIVU,31.82,19.75,78.05,98.89
2013,10,POLONNARUWA,35.85,20.72,72.77,75.79
2013,10,PUTTALAM,32.23,21.3,79.9,132.35
2013,10,TRINCOMALEE,33.64,20.18,74.73,66.8
2013,10,VAVUNIYA,34.76,19.57,75.79,99.18
2013,10,HAMBANTOTA,28.84,20.45,85.21,222.96
2013,10,AMPARA,33.61,20.72,73.65,95.41
2013,10,ANURADHAPURA,35.91,19.57,74.95,100.37
2013,11,BATTICALOA,29.87,17.42,79.62,190.39
2013,11,JAFFNA,29.73,16.68,79.49,175.71
2013,11,MANNAR,30.19,17.32,81.41,183.82
2013,11,MONARAGALA,30.78,18.55,85.65,169.17
2013,11,MULLATIVU,29.28,16.68,80.48,195.83
2013,11,POLONNARUWA,31.88,17.42,81.82,190.0
2013,11,PUTTALAM,31.12,17.32,82.53,197.84
2013,11,TRINCOMALEE,29.82,17.38,80.41,190.6
2013,11,VAVUNIYA,30.51,16.33,83.69,199.33
2013,11,HAMBANTOTA,29.59,18.55,80.33,194.74
2013,11,AMPARA,29.87,17.42,79.62,190.39
2013,11,ANURADHAPURA,31.53,16.33,84.93,196.55
2013,12,BATTICALOA,28.73,12.09,82.99,215.2
2013,12,JAFFNA,28.3,14.01,77.65,147.83
2013,12,MANNAR,28.56,15.18,80.32,138.91
2013,12,MONARAGALA,29.38,13.73,89.94,165.85
2013,12,MULLATIVU,28.33,14.01,77.97,130.73
2013,12,POLONNARUWA,29.88,12.09,85.08,186.04
2013,12,PUTTALAM,30.07,15.18,81.91,81.06
2013,12,TRINCOMALEE,28.94,13.08,80.78,170.07
2013,12,VAVUNIYA,29.29,13.32,82.39,120.33
2013,12,HAMBANTOTA,28.89,13.73,84.67,163.81
2013,12,AMPARA,28.73,12.09,82.99,215.2
2013,12,ANURADHAPURA,29.84,13.32,84.76,117.72
2014,1,BATTICALOA,28.01,13.93,81.93,165.13
2014,1,JAFFNA,27.92,15.08,78.46,96.44
2014,1,MANNAR,29.13,17.74,80.79,114.83
2014,1,MONARAGALA,28.33,17.96,88.85,123.93
2014,1,MULLATIVU,27.61,15.08,79.0,142.2
2014,1,POLONNARUWA,28.59,13.93,84.49,175.7
2014,1,PUTTALAM,30.91,17.74,80.46,91.49
2014,1,TRINCOMALEE,27.89,14.83,80.67,171.41
2014,1,VAVUNIYA,29.3,14.55,82.74,165.36
2014,1,HAMBANTOTA,28.21,17.96,83.19,103.5
2014,1,AMPARA,28.01,13.93,81.93,165.13
2014,1,ANURADHAPURA,30.49,14.55,83.94,166.58
2014,2,BATTICALOA,29.36,19.53,74.14,50.56
2014,2,JAFFNA,29.75,20.72,73.14,16.03
2014,2,MANNAR,32.0,22.43,72.15,17.65
2014,2,MONARAGALA,32.6,21.35,79.94,37.55
2014,2,MULLATIVU,29.51,20.72,73.54,19.06
2014,2,POLONNARUWA,32.7,19.53,74.43,54.17
2014,2,PUTTALAM,34.33,22.43,69.38,14.27
2014,2,TRINCOMALEE,30.46,20.4,73.06,55.47
2014,2,VAVUNIYA,32.97,20.07,72.37,24.2
2014,2,HAMBANTOTA,29.55,21.35,76.92,36.97
2014,2,AMPARA,29.36,19.53,74.14,50.56
2014,2,ANURADHAPURA,34.97,20.07,71.36,31.53
2014,3,BATTICALOA,31.53,21.62,74.21,31.87
2014,3,JAFFNA,33.94,22.58,70.28,2.08
2014,3,MANNAR,36.06,23.4,67.26,2.79
2014,3,MONARAGALA,34.6,21.86,76.0,54.65
2014,3,MULLATIVU,32.87,22.58,71.87,4.48
2014,3,POLONNARUWA,36.09,21.62,69.75,15.39
2014,3,PUTTALAM,37.98,23.4,63.04,19.9
2014,3,TRINCOMALEE,33.32,22.25,72.17,7.5
2014,3,VAVUNIYA,37.29,21.89,67.29,3.86
2014,3,HAMBANTOTA,30.58,21.86,77.58,102.01
2014,3,AMPARA,31.53,21.62,74.21,31.87
2014,3,ANURADHAPURA,39.56,21.89,65.34,6.7
2014,4,BATTICALOA,32.74,21.47,75.1,88.34
2014,4,JAFFNA,33.37,23.03,70.29,31.24
2014,4,MANNAR,35.54,23.34,70.06,59.61
2014,4,MONARAGALA,35.88,21.52,74.1,129.31
2014,4,MULLATIVU,33.15,23.03,72.19,58.07
2014,4,POLONNARUWA,36.65,21.47,69.23,85.81
2014,4,PUTTALAM,36.84,23.34,75.29,207.91
2014,4,TRINCOMALEE,33.59,23.21,72.55,64.79
2014,4,VAVUNIYA,37.68,22.01,69.02,87.4
2014,4,HAMBANTOTA,30.91,21.52,79.62,203.81
2014,4,AMPARA,32.74,21.47,75.1,88.34
2014,4,ANURADHAPURA,40.14,22.01,69.2,134.66
2014,5,BATTICALOA,34.34,20.85,78.78,163.7
2014,5,JAFFNA,31.61,20.33,80.65,130.42
2014,5,MANNAR,32.19,21.38,81.73,135.09
2014,5,MONARAGALA,33.28,20.19,81.25,146.86
2014,5,MULLATIVU,32.35,20.33,81.73,146.93
2014,5,POLONNARUWA,33.87,20.85,81.03,145.62
2014,5,PUTTALAM,30.9,21.38,85.07,128.26
2014,5,TRINCOMALEE,33.05,20.48,80.64,117.96
2014,5,VAVUNIYA,33.57,20.09,83.16,156.62
2014,5,HAMBANTOTA,30.18,20.19,85.29,214.65
2014,5,AMPARA,34.34,20.85,78.78,163.7
2014,5,ANURADHAPURA,32.81,20.09,85.25,150.46
2014,6,BATTICALOA,33.8,20.75,71.62,13.93
2014,6,JAFFNA,32.22,20.84,77.48,9.72
2014,6,MANNAR,32.46,21.77,77.65,2.48
2014,6,MONARAGALA,34.31,20.35,71.75,38.91
2014,6,MULLATIVU,32.84,20.84,77.12,14.02
2014,6,POLONNARUWA,35.84,20.75,73.69,7.8
2014,6,PUTTALAM,31.39,21.77,83.02,16.48
2014,6,TRINCOMALEE,34.17,20.47,75.93,3.38
2014,6,VAVUNIYA,35.22,20.12,74.54,5.19
2014,6,HAMBANTOTA,29.8,20.35,85.23,139.06
2014,6,AMPARA,33.8,20.75,71.62,13.93
2014,6,ANURADHAPURA,35.8,20.12,76.41,3.78
2014,7,BATTICALOA,34.08,20.78,67.77,8.49
2014,7,JAFFNA,32.42,20.85,73.51,7.62
2014,7,MANNAR,32.17,21.97,74.93,3.49
2014,7,MONARAGALA,35.71,20.93,64.75,14.0
2014,7,MULLATIVU,32.34,20.85,73.89,17.53
2014,7,POLONNARUWA,35.37,20.78,70.32,12.4
2014,7,PUTTALAM,32.02,21.97,80.23,12.84
2014,7,TRINCOMALEE,33.96,20.29,73.7,16.58
2014,7,VAVUNIYA,34.8,20.09,71.06,10.32
2014,7,HAMBANTOTA,29.89,20.93,84.59,66.59
2014,7,AMPARA,34.08,20.78,67.77,8.49
2014,7,ANURADHAPURA,35.49,20.09,72.47,9.37
2014,8,BATTICALOA,33.78,20.45,70.27,79.6
2014,8,JAFFNA,31.43,20.02,76.73,81.59
2014,8,MANNAR,32.11,21.42,76.76,69.38
2014,8,MONARAGALA,34.39,20.39,70.47,83.27
2014,8,MULLATIVU,31.89,20.02,76.18,103.21
2014,8,POLONNARUWA,35.35,20.45,72.02,87.4
2014,8,PUTTALAM,32.0,21.42,79.35,79.33
2014,8,TRINCOMALEE,34.22,20.02,73.81,95.54
2014,8,VAVUNIYA,34.64,19.36,73.18,85.88
2014,8,HAMBANTOTA,29.65,20.39,83.01,201.38
2014,8,AMPARA,33.78,20.45,70.27,79.6
2014,8,ANURADHAPURA,36.25,19.36,72.99,72.34
2014,9,BATTICALOA,35.08,20.92,71.91,81.5
2014,9,JAFFNA,31.4,21.13,77.85,80.64
2014,9,MANNAR,32.61,22.61,78.06,95.48
2014,9,MONARAGALA,35.11,21.13,73.2,102.35
2014,9,MULLATIVU,33.01,21.13,77.12,94.25
2014,9,POLONNARUWA,36.76,20.92,71.66,105.03
2014,9,PUTTALAM,32.54,22.61,79.67,142.43
2014,9,TRINCOMALEE,34.83,21.57,74.0,117.27
2014,9,VAVUNIYA,36.56,20.74,74.28,114.25
2014,9,HAMBANTOTA,29.16,21.13,83.25,196.29
2014,9,AMPARA,35.08,20.92,71.91,81.5
2014,9,ANURADHAPURA,37.44,20.74,73.69,142.71
2014,10,BATTICALOA,32.81,18.55,79.28,334.32
2014,10,JAFFNA,30.25,17.65,80.53,257.09
2014,10,MANNAR,31.15,19.01,81.89,240.33
2014,10,MONARAGALA,31.49,19.25,84.62,408.13
2014,10,MULLATIVU,31.1,17.65,81.57,264.1
2014,10,POLONNARUWA,33.46,18.55,82.21,258.72
2014,10,PUTTALAM,31.07,19.01,84.17,323.31
2014,10,TRINCOMALEE,32.68,18.87,80.53,204.86
2014,10,VAVUNIYA,32.86,17.67,83.01,260.45
2014,10,HAMBANTOTA,29.01,19.25,83.48,525.11
2014,10,AMPARA,32.81,18.55,79.28,334.32
2014,10,ANURADHAPURA,33.27,17.67,85.28,262.33
2014,11,BATTICALOA,29.93,13.67,82.52,403.13
2014,11,JAFFNA,30.04,12.44,81.47,394.85
2014,11,MANNAR,30.26,13.52,83.77,358.27
2014,11,MONARAGALA,29.82,15.19,89.18,322.55
2014,11,MULLATIVU,29.81,12.44,82.16,438.78
2014,11,POLONNARUWA,30.84,13.67,87.47,428.72
2014,11,PUTTALAM,30.23,13.52,86.23,293.98
2014,11,TRINCOMALEE,30.23,13.3,83.74,438.97
2014,11,VAVUNIYA,30.59,12.46,86.82,412.25
2014,11,HAMBANTOTA,29.84,15.19,84.22,375.87
2014,11,AMPARA,29.93,13.67,82.52,403.13
2014,11,ANURADHAPURA,30.85,12.46,89.07,382.27
2014,12,BATTICALOA,28.3,10.78,87.59,866.01
2014,12,JAFFNA,28.19,12.41,86.05,290.38
2014,12,MANNAR,28.78,13.46,88.39,352.06
2014,12,MONARAGALA,28.51,13.51,93.42,649.82
2014,12,MULLATIVU,28.02,12.41,86.27,429.7
2014,12,POLONNARUWA,29.31,10.78,91.46,827.62
2014,12,PUTTALAM,29.59,13.46,89.38,456.97
2014,12,TRINCOMALEE,28.3,11.78,88.11,671.55
2014,12,VAVUNIYA,28.73,11.07,90.79,505.92
2014,12,HAMBANTOTA,28.72,13.51,86.73,707.49
2014,12,AMPARA,28.3,10.78,87.59,866.01
2014,12,ANURADHAPURA,29.61,11.07,92.56,571.95
2015,1,BATTICALOA,28.21,18.14,80.89,30.62
2015,1,JAFFNA,28.02,18.99,78.89,2.74
2015,1,MANNAR,28.61,20.63,81.82,3.26
2015,1,MONARAGALA,29.1,19.91,89.56,32.06
2015,1,MULLATIVU,27.86,18.99,79.64,6.44
2015,1,POLONNARUWA,29.44,18.14,84.88,19.96
2015,1,PUTTALAM,29.51,20.63,83.26,7.57
2015,1,TRINCOMALEE,28.22,19.15,80.64,16.48
2015,1,VAVUNIYA,29.09,18.48,84.32,8.4
2015,1,HAMBANTOTA,28.63,19.91,82.36,40.71
2015,1,AMPARA,28.21,18.14,80.89,30.62
2015,1,ANURADHAPURA,29.52,18.48,86.77,11.61
2015,2,BATTICALOA,28.45,17.26,80.42,139.75
2015,2,JAFFNA,29.39,19.35,77.13,51.43
2015,2,MANNAR,29.74,20.6,80.94,76.49
2015,2,MONARAGALA,28.48,19.79,89.6,191.67
2015,2,MULLATIVU,28.95,19.35,78.26,85.67
2015,2,POLONNARUWA,29.88,17.26,84.5,195.94
2015,2,PUTTALAM,30.76,20.6,82.56,70.76
2015,2,TRINCOMALEE,28.96,18.29,79.58,163.27
2015,2,VAVUNIYA,30.17,18.32,83.22,127.64
2015,2,HAMBANTOTA,28.78,19.79,82.72,165.27
2015,2,AMPARA,28.45,17.26,80.42,139.75
2015,2,ANURADHAPURA,30.67,18.32,85.79,146.58
2015,3,BATTICALOA,29.91,21.75,78.36,86.24
2015,3,JAFFNA,31.56,22.56,75.01,41.27
2015,3,MANNAR,32.58,23.92,77.37,60.18
2015,3,MONARAGALA,29.35,22.5,86.41,113.71
2015,3,MULLATIVU,30.68,22.56,77.44,49.16
2015,3,POLONNARUWA,30.95,21.75,82.37,88.55
2015,3,PUTTALAM,33.74,23.92,76.52,66.52
2015,3,TRINCOMALEE,30.24,21.96,78.9,71.65
2015,3,VAVUNIYA,32.85,21.9,80.54,66.92
2015,3,HAMBANTOTA,29.54,22.5,80.07,119.73
2015,3,AMPARA,29.91,21.75,78.36,86.24
2015,3,ANURADHAPURA,32.6,21.9,83.28,68.87
2015,4,BATTICALOA,30.64,21.64,79.86,163.09
2015,4,JAFFNA,32.14,22.33,75.83,135.54
2015,4,MANNAR,32.93,22.97,77.89,171.17
2015,4,MONARAGALA,30.64,22.17,85.77,233.42
2015,4,MULLATIVU,32.37,22.33,78.3,145.59
2015,4,POLONNARUWA,32.15,21.64,83.29,203.61
2015,4,PUTTALAM,32.96,22.97,80.34,233.05
2015,4,TRINCOMALEE,31.96,23.27,80.45,197.33
2015,4,VAVUNIYA,33.87,22.06,81.0,173.01
2015,4,HAMBANTOTA,30.35,22.17,79.71,289.3
2015,4,AMPARA,30.64,21.64,79.86,163.09
2015,4,ANURADHAPURA,33.35,22.06,84.48,196.53
2015,5,BATTICALOA,31.86,20.41,81.68,196.12
2015,5,JAFFNA,31.48,19.54,80.63,198.5
2015,5,MANNAR,31.23,19.7,83.11,180.7
2015,5,MONARAGALA,30.62,19.32,86.99,147.6
2015,5,MULLATIVU,31.26,19.54,82.63,195.14
2015,5,POLONNARUWA,31.93,20.41,84.73,238.26
2015,5,PUTTALAM,30.51,19.7,85.52,170.34
2015,5,TRINCOMALEE,31.61,20.37,82.63,203.78
2015,5,VAVUNIYA,32.15,18.87,85.92,193.76
2015,5,HAMBANTOTA,29.93,19.32,85.22,165.67
2015,5,AMPARA,31.86,20.41,81.68,196.12
2015,5,ANURADHAPURA,31.73,18.87,87.69,192.58
2015,6,BATTICALOA,32.13,20.92,78.64,107.95
2015,6,JAFFNA,31.8,20.89,79.79,26.72
2015,6,MANNAR,31.09,21.5,81.35,14.51
2015,6,MONARAGALA,30.82,20.75,85.81,151.56
2015,6,MULLATIVU,31.57,20.89,81.82,28.67
2015,6,POLONNARUWA,32.49,20.92,84.73,34.23
2015,6,PUTTALAM,30.6,21.5,84.74,30.8
2015,6,TRINCOMALEE,32.02,20.96,82.69,27.04
2015,6,VAVUNIYA,32.34,20.18,84.21,17.27
2015,6,HAMBANTOTA,29.91,20.75,84.44,155.49
2015,6,AMPARA,32.13,20.92,78.64,107.95
2015,6,ANURADHAPURA,31.84,20.18,85.53,17.25
2015,7,BATTICALOA,32.73,20.87,76.17,53.02
2015,7,JAFFNA,31.76,20.93,78.07,11.38
2015,7,MANNAR,31.85,21.41,78.56,4.64
2015,7,MONARAGALA,30.3,20.57,83.74,71.22
2015,7,MULLATIVU,32.01,20.93,78.38,12.47
2015,7,POLONNARUWA,34.66,20.87,75.47,9.31
2015,7,PUTTALAM,30.74,21.41,82.11,9.21
2015,7,TRINCOMALEE,33.45,20.61,76.74,8.99
2015,7,VAVUNIYA,33.84,20.24,76.4,4.24
2015,7,HAMBANTOTA,29.7,20.57,84.81,87.82
2015,7,AMPARA,32.73,20.87,76.17,53.02
2015,7,ANURADHAPURA,34.32,20.24,77.04,3.96
2015,8,BATTICALOA,33.26,21.43,74.36,65.98
2015,8,JAFFNA,31.87,21.11,77.94,53.12
2015,8,MANNAR,32.39,22.18,77.92,41.62
2015,8,MONARAGALA,31.8,20.78,82.14,97.22
2015,8,MULLATIVU,32.33,21.11,77.49,69.13
2015,8,POLONNARUWA,35.61,21.43,71.98,62.76
2015,8,PUTTALAM,32.38,22.18,79.66,62.65
2015,8,TRINCOMALEE,34.21,21.57,74.73,67.42
2015,8,VAVUNIYA,35.43,20.34,74.62,65.71
2015,8,HAMBANTOTA,29.56,20.78,84.19,141.78
2015,8,AMPARA,33.26,21.43,74.36,65.98
2015,8,ANURADHAPURA,36.36,20.34,74.38,72.75
2015,9,BATTICALOA,33.2,20.68,78.92,198.55
2015,9,JAFFNA,31.4,20.87,79.54,98.78
2015,9,MANNAR,32.02,21.29,80.27,110.55
2015,9,MONARAGALA,31.7,19.6,84.85,282.38
2015,9,MULLATIVU,32.31,20.87,79.06,124.95
2015,9,POLONNARUWA,36.58,20.68,77.53,174.91
2015,9,PUTTALAM,32.18,21.29,81.88,131.24
2015,9,TRINCOMALEE,34.51,21.42,77.93,186.71
2015,9,VAVUNIYA,35.26,19.97,79.09,153.0
2015,9,HAMBANTOTA,29.32,19.6,84.8,358.37
2015,9,AMPARA,33.2,20.68,78.92,198.55
2015,9,ANURADHAPURA,36.07,19.97,80.18,173.27
2015,10,BATTICALOA,30.97,17.18,81.82,413.03
2015,10,JAFFNA,30.8,17.88,79.45,231.87
2015,10,MANNAR,31.67,18.95,81.08,220.53
2015,10,MONARAGALA,30.44,18.11,88.67,449.59
2015,10,MULLATIVU,31.22,17.88,80.96,293.29
2015,10,POLONNARUWA,32.72,17.18,83.94,406.53
2015,10,PUTTALAM,31.3,18.95,83.68,274.47
2015,10,TRINCOMALEE,31.78,17.74,82.11,415.7
2015,10,VAVUNIYA,32.36,16.65,83.6,307.27
2015,10,HAMBANTOTA,28.94,18.11,84.21,337.64
2015,10,AMPARA,30.97,17.18,81.82,413.03
2015,10,ANURADHAPURA,32.12,16.65,86.15,331.3
2015,11,BATTICALOA,29.54,14.47,84.77,421.72
2015,11,JAFFNA,29.67,13.63,84.78,533.41
2015,11,MANNAR,29.69,15.31,86.64,499.01
2015,11,MONARAGALA,30.03,15.91,90.86,461.99
2015,11,MULLATIVU,30.05,13.63,85.61,576.08
2015,11,POLONNARUWA,30.17,14.47,88.36,548.11
2015,11,PUTTALAM,29.76,15.31,87.71,409.4
2015,11,TRINCOMALEE,29.67,14.59,85.87,540.88
2015,11,VAVUNIYA,30.11,13.57,89.27,538.76
2015,11,HAMBANTOTA,29.22,15.91,83.38,352.38
2015,11,AMPARA,29.54,14.47,84.77,421.72
2015,11,ANURADHAPURA,30.35,13.57,91.08,486.83
2015,12,BATTICALOA,28.63,14.03,84.03,264.2
2015,12,JAFFNA,28.52,13.92,82.82,273.83
2015,12,MANNAR,29.23,15.79,85.94,244.67
2015,12,MONARAGALA,28.59,15.57,92.36,299.63
2015,12,MULLATIVU,28.55,13.92,82.58,291.67
2015,12,POLONNARUWA,29.0,14.03,88.89,336.41
2015,12,PUTTALAM,29.75,15.79,87.65,261.0
2015,12,TRINCOMALEE,28.76,14.56,84.2,337.73
2015,12,VAVUNIYA,29.62,14.26,87.94,269.89
2015,12,HAMBANTOTA,28.74,15.57,85.31,277.17
2015,12,AMPARA,28.63,14.03,84.03,264.2
2015,12,ANURADHAPURA,29.89,14.26,90.44,278.16
